{"type":"FeatureCollection","features":[{"type":"Feature","id":1,"geometry":{"type":"Polygon","coordinates":[[[-118.46056644399999,34.334539019000033],[-118.46054388099998,34.334524937000026],[-118.46015396699994,34.334229236000056],[-118.45976841999999,34.333927861000063],[-118.45938732499997,34.333620878000033],[-118.45901076199999,34.333308352000074],[-118.45863881199995,34.332990350000046],[-118.45827155399996,34.332666940000024],[-118.45790906599996,34.332338192000066],[-118.45755142899998,34.332004176000055],[-118.45719871599999,34.331664962000048],[-118.45685100399999,34.331320624000057],[-118.45650836599998,34.330971237000028],[-118.45617087699998,34.330616873000054],[-118.45583860899995,34.330257609000057],[-118.45551163299996,34.329893523000067],[-118.45519001899999,34.329524692000064],[-118.45487383499994,34.329151194000076],[-118.45456314999996,34.328773111000032],[-118.45425802899996,34.328390523000053],[-118.45395853899998,34.328003511000077],[-118.45366474299999,34.327612159000068],[-118.45337670499998,34.327216551000049],[-118.45309448499995,34.32681677100004],[-118.45281814499998,34.326412904000051],[-118.45254774299997,34.326005037000073],[-118.45228333799997,34.325593258000026],[-118.45202498599997,34.325177654000072],[-118.45177274099996,34.324758315000054],[-118.45152665899997,34.324335331000043],[-118.45128679199996,34.323908792000054],[-118.45105319099997,34.323478788000045],[-118.45082590599998,34.323045413000045],[-118.45060498599997,34.322608759000047],[-118.45039047899996,34.322168920000024],[-118.45018242999998,34.321725989000072],[-118.44998088299997,34.321280061000039],[-118.44978588199996,34.320831233000035],[-118.44959746899997,34.320379599000034],[-118.44941568399997,34.319925257000079],[-118.44924056599996,34.319468305000044],[-118.44907215099994,34.319008839000048],[-118.44891047699997,34.31854695800007],[-118.44875557799998,34.318082761000028],[-118.44860748799999,34.317616348000058],[-118.44846623699999,34.317147818000024],[-118.44833185599998,34.316677272000049],[-118.44820437499999,34.316204809000055],[-118.44808381899998,34.315730532000032],[-118.44797021499994,34.315254542000048],[-118.44786358699997,34.314776941000048],[-118.44776395999997,34.314297831000033],[-118.44767135099994,34.313817314000062],[-118.44758578299997,34.313335495000047],[-118.44750727299999,34.312852474000067],[-118.44743583999997,34.312368357000025],[-118.44737149699995,34.311883247000026],[-118.44731425799995,34.311397247000059],[-118.44726413499995,34.310910461000049],[-118.44722114099994,34.310422994000078],[-118.44718528299995,34.309934951000059],[-118.44715656899996,34.309446435000041],[-118.44713500499995,34.308957552000038],[-118.44712059699998,34.308468405000042],[-118.44711334699997,34.307979100000068],[-118.44711325599997,34.307489740000051],[-118.44712032499996,34.307000432000052],[-118.44713455299996,34.306511280000052],[-118.44715593599994,34.306022388000031],[-118.44718446799999,34.305533862000061],[-118.44722014599995,34.305045806000066],[-118.44726296099998,34.304558322000048],[-118.44731290199996,34.304071519000047],[-118.44736996199998,34.303585497000029],[-118.44743412499997,34.303100363000055],[-118.44750537899995,34.302616220000061],[-118.44758371099999,34.302133170000047],[-118.44766909899994,34.30165131900003],[-118.44776152999998,34.301170768000077],[-118.44786098099996,34.300691621000055],[-118.44796743199998,34.30021398100007],[-118.44808085899996,34.299737949000075],[-118.44820123999995,34.299263627000073],[-118.44832854799995,34.298791118000054],[-118.44846275399999,34.298320521000051],[-118.44860383099996,34.297851939000054],[-118.44875174899994,34.297385471000041],[-118.44890647699998,34.296921217000033],[-118.44906797899995,34.296459276000064],[-118.44923622299996,34.295999748000042],[-118.44941117199994,34.295542730000079],[-118.44959278999994,34.295088321000037],[-118.44978103499994,34.294636618000027],[-118.44997586999995,34.294187718000046],[-118.45017725199995,34.293741716000056],[-118.45038513699996,34.293298708000066],[-118.45059948199997,34.292858790000025],[-118.45082023999998,34.292422053000053],[-118.45104736399998,34.291988594000031],[-118.45128080599994,34.291558505000069],[-118.45152051499997,34.291131876000065],[-118.45176644099996,34.290708801000051],[-118.45201852999998,34.29028936800006],[-118.45227672899995,34.289873669000031],[-118.45254098199996,34.289461792000054],[-118.45281123299998,34.289053826000043],[-118.45308742399999,34.288649857000053],[-118.45336949499995,34.288249973000063],[-118.45365738799995,34.287854257000049],[-118.45395103799996,34.287462797000046],[-118.45425038499997,34.28707567400005],[-118.45455536299994,34.286692973000072],[-118.45486590899998,34.286314775000051],[-118.45518195499994,34.285941161000039],[-118.45550343199994,34.285572211000044],[-118.45583027399999,34.285208003000037],[-118.45616240899994,34.28484861700008],[-118.45649976699997,34.284494128000063],[-118.45684227399994,34.284144613000024],[-118.45718985899998,34.283800147000079],[-118.45754244699998,34.283460804000072],[-118.45789996099995,34.283126654000057],[-118.45826232699994,34.282797772000038],[-118.45862946499994,34.282474226000033],[-118.45900129799998,34.282156087000033],[-118.45937774599997,34.281843422000065],[-118.45975872699995,34.281536297000059],[-118.46014416099996,34.281234780000034],[-118.46053396599996,34.280938935000052],[-118.46092805799998,34.280648824000025],[-118.46132635199996,34.280364510000027],[-118.46172876199995,34.280086054000037],[-118.46213520299995,34.279813515000058],[-118.46254558999999,34.279546952000032],[-118.46295983099998,34.279286422000041],[-118.46337784099995,34.27903198000007],[-118.46379952799998,34.278783682000039],[-118.46422480199999,34.278541579000034],[-118.46465357299996,34.278305724000063],[-118.46508575099995,34.27807616900003],[-118.46552123899994,34.277852961000065],[-118.46595994599994,34.277636147000067],[-118.46640177899997,34.27742577600003],[-118.46684664299994,34.277221893000046],[-118.46729444199997,34.277024538000035],[-118.46774507999999,34.276833758000066],[-118.46819846099999,34.27664959100008],[-118.46865448899996,34.276472077000051],[-118.46911306499999,34.276301253000042],[-118.46957409099997,34.276137157000051],[-118.47003746799999,34.275979825000036],[-118.47050309699995,34.275829288000068],[-118.47097087999998,34.275685580000072],[-118.47144071399998,34.275548732000061],[-118.47191250199995,34.275418771000034],[-118.47238613899998,34.27529572900005],[-118.47286152699996,34.275179628000046],[-118.47333856099999,34.27507049500008],[-118.47381714199997,34.274968354000066],[-118.47429716599999,34.274873225000078],[-118.47477852999998,34.274785130000055],[-118.47526113199996,34.274704086000042],[-118.47574486699995,34.274630113000057],[-118.47622963299995,34.274563225000065],[-118.47671532599998,34.274503435000042],[-118.47720184099995,34.274450760000036],[-118.47768907599999,34.274405207000029],[-118.47817692399997,34.274366788000066],[-118.47866528299994,34.274335511000061],[-118.47915404699995,34.274311382000064],[-118.47964311199996,34.274294406000024],[-118.48013237199996,34.274284588000057],[-118.48062172299996,34.27428192900004],[-118.48111106199997,34.274286430000075],[-118.48160028199999,34.274298090000059],[-118.48208927899998,34.27431690700007],[-118.48257794899996,34.274342876000048],[-118.48306618699996,34.274375991000056],[-118.48355388699997,34.274416246000044],[-118.48404094599999,34.274463633000039],[-118.48452725999999,34.274518140000055],[-118.48501272399994,34.274579757000026],[-118.48549723499997,34.274648470000045],[-118.48598068899997,34.274724264000042],[-118.48646298199998,34.274807124000063],[-118.48694401099999,34.274897030000034],[-118.48742367299997,34.274993965000078],[-118.48790186599996,34.275097908000077],[-118.48837848599999,34.275208836000047],[-118.48885343399996,34.27532672500007],[-118.48932660399998,34.27545155100006],[-118.48979789899994,34.275583286000028],[-118.49026721499996,34.275721902000043],[-118.49073445299996,34.275867369000025],[-118.49119951199998,34.276019658000052],[-118.49166229399998,34.27617873500003],[-118.49212269899999,34.276344564000055],[-118.49258062899997,34.276517113000068],[-118.49303598499995,34.276696343000026],[-118.49348866999998,34.276882215000057],[-118.49393858599996,34.277074691000053],[-118.49438563899997,34.277273729000058],[-118.49482973199997,34.277479286000073],[-118.49527076999999,34.277691320000031],[-118.49570865799996,34.277909783000041],[-118.49614330299994,34.278134629000078],[-118.49657461199996,34.278365810000025],[-118.49700249299997,34.278603277000059],[-118.49742685299998,34.278846979000036],[-118.49784760299997,34.279096863000063],[-118.49826465199999,34.279352876000075],[-118.49867790999997,34.279614964000075],[-118.49908728799994,34.279883071000029],[-118.49949270199994,34.28015713800005],[-118.49989406099996,34.280437107000068],[-118.50029128199998,34.280722918000038],[-118.50068427799999,34.281014510000034],[-118.50107296699997,34.281311822000077],[-118.50145726199997,34.281614787000024],[-118.50183708599997,34.281923343000074],[-118.50221235299995,34.282237423000026],[-118.50258298599999,34.282556961000068],[-118.50294890399999,34.282881886000041],[-118.50331002799999,34.283212130000038],[-118.50366628199998,34.283547623000061],[-118.50401758899994,34.283888292000029],[-118.50436387599996,34.284234064000032],[-118.50470506499994,34.284584866000046],[-118.50504108599995,34.284940622000079],[-118.50537186499997,34.285301256000025],[-118.50569733399999,34.285666691000074],[-118.50601742099997,34.286036849000027],[-118.50633205699995,34.286411650000048],[-118.50664117599996,34.286791015000063],[-118.50694471199995,34.287174862000029],[-118.50724259899999,34.287563108000029],[-118.50753477399996,34.287955671000077],[-118.50788572699997,34.287219829000037],[-118.50823019499995,34.28648092800006],[-118.50856815199995,34.285739026000044],[-118.50889957099997,34.284994182000048],[-118.50922442899997,34.284246451000058],[-118.50954269799996,34.283495892000076],[-118.50985435299998,34.282742565000035],[-118.51015937299996,34.281986525000036],[-118.51045773299995,34.281227833000059],[-118.51074940799998,34.280466546000071],[-118.51103437799998,34.279702723000071],[-118.51131262099995,34.278936424000051],[-118.51158411299997,34.278167708000069],[-118.51184883499997,34.27739663400007],[-118.51210676599999,34.276623263000033],[-118.51235788699995,34.275847652000039],[-118.51260217699996,34.275069863000056],[-118.51283961799999,34.274289956000075],[-118.51307019099994,34.273507993000067],[-118.51329387899995,34.272724030000063],[-118.51351066499996,34.271938132000059],[-118.51372053099999,34.271150356000078],[-118.51392345999994,34.270360767000057],[-118.51411943899996,34.269569423000064],[-118.51430845199997,34.26877638600007],[-118.51449048299997,34.267981719000034],[-118.51466551899995,34.26718548000008],[-118.51483354699997,34.266387734000034],[-118.51499455199996,34.265588541000056],[-118.51514852299999,34.264787962000071],[-118.51529544899995,34.263986061000026],[-118.51543531599998,34.263182899000071],[-118.51556811599994,34.262378537000075],[-118.51569383699996,34.26157304000003],[-118.51581246899997,34.260766467000053],[-118.51592400399994,34.259958882000035],[-118.51602843399996,34.259150349000038],[-118.51612574899997,34.258340928000052],[-118.51621594099998,34.257530682000038],[-118.51629900699999,34.256719675000056],[-118.51637493599998,34.255907968000031],[-118.51644372499999,34.255095625000024],[-118.51650536599999,34.254282709000051],[-118.51655985899998,34.253469282000026],[-118.51660719499995,34.252655407000077],[-118.51664737199997,34.25184114800004],[-118.51668038699995,34.251026566000064],[-118.51670623799998,34.250211726000032],[-118.51672492199998,34.249396690000026],[-118.51673643799995,34.248581522000052],[-118.51674078399998,34.247766283000033],[-118.51673796199998,34.246951038000077],[-118.51672797199996,34.246135849000041],[-118.51671081199999,34.245320780000043],[-118.51668648599997,34.244505892000063],[-118.51665499399996,34.24369125100003],[-118.51661633999998,34.242876918000036],[-118.51657052699994,34.242062956000041],[-118.51651755699999,34.24124942900005],[-118.51645743599994,34.240436398000043],[-118.51639016799999,34.239623928000071],[-118.51631575699997,34.238812081000049],[-118.51623420899995,34.238000919000058],[-118.51614553099995,34.237190507000037],[-118.51604973099995,34.236380905000033],[-118.51594681399996,34.235572177000051],[-118.51583678999998,34.234764385000062],[-118.51571966699998,34.233957593000071],[-118.51559545299995,34.233151861000067],[-118.51546415899998,34.232347253000057],[-118.51532579399998,34.231543830000078],[-118.51518036899995,34.230741655000031],[-118.51502789499995,34.229940790000057],[-118.51486838499994,34.229141297000069],[-118.51470184999999,34.228343237000047],[-118.51452830399995,34.227546673000063],[-118.51434776099995,34.226751666000041],[-118.51416023199999,34.225958277000075],[-118.51396573299996,34.225166568000077],[-118.51376428099996,34.224376600000028],[-118.51355588899997,34.223588435000067],[-118.51334057399998,34.222802132000027],[-118.51311835299998,34.222017753000046],[-118.51288924199997,34.221235358000058],[-118.51265326199996,34.220455008000044],[-118.51241042699996,34.219676764000042],[-118.51216075699995,34.21890068600004],[-118.51190427399996,34.218126832000053],[-118.51164099499999,34.217355265000037],[-118.51137093999995,34.216586042000074],[-118.51109413299997,34.215819224000029],[-118.51081059099994,34.215054870000074],[-118.51052033999997,34.21429303900004],[-118.51022339999997,34.213533789000053],[-118.50991979599996,34.212777180000046],[-118.50960954899995,34.212023271000078],[-118.50929268499999,34.211272118000068],[-118.50896922699997,34.210523782000053],[-118.50863920199998,34.209778318000076],[-118.50830263299997,34.209035786000072],[-118.50795954799997,34.208296241000028],[-118.50760997399999,34.207559743000047],[-118.50725393499999,34.20682634700006],[-118.50689145999996,34.206096110000033],[-118.50652257999997,34.205369090000033],[-118.50614731899998,34.204645341000059],[-118.50576570899995,34.203924920000077],[-118.50537777699998,34.203207884000051],[-118.50498355599996,34.202494286000046],[-118.50458307399998,34.20178418200004],[-118.50417636299994,34.201077628000064],[-118.50376345499996,34.20037467700007],[-118.50334438099998,34.199675385000035],[-118.50291917399994,34.198979804000032],[-118.50248786599997,34.198287991000029],[-118.50205049199997,34.197599996000065],[-118.50160708399994,34.196915875000059],[-118.50115767799997,34.19623567800005],[-118.50070230599999,34.195559461000073],[-118.50024100699994,34.194887274000052],[-118.49977381399998,34.194219170000054],[-118.49930076399994,34.193555200000048],[-118.49882189299996,34.192895415000066],[-118.49833723899997,34.192239867000069],[-118.49784683899998,34.191588607000028],[-118.49735073099998,34.190941684000052],[-118.49684895199999,34.190299149000055],[-118.49634154399996,34.18966105100003],[-118.49582854299996,34.189027440000075],[-118.49530998999995,34.188398364000079],[-118.49478592499997,34.187773873000026],[-118.49425638999998,34.187154016000079],[-118.49372142199996,34.186538838000047],[-118.49318106699997,34.185928388000036],[-118.49263536499996,34.185322714000051],[-118.49208435599996,34.18472186200006],[-118.49152808599996,34.184125879000078],[-118.49096659599996,34.183534811000072],[-118.49039992999997,34.182948703000079],[-118.48982813199996,34.182367601000067],[-118.48925124599998,34.181791549000025],[-118.48866931599997,34.181220593000035],[-118.48808238799995,34.180654777000029],[-118.48749050699996,34.180094144000066],[-118.48689371899997,34.179538738000076],[-118.48629206999999,34.178988600000025],[-118.48568560599995,34.178443775000062],[-118.48507437499995,34.177904304000037],[-118.48445842199999,34.177370229000076],[-118.48383779799997,34.176841591000027],[-118.48321254899997,34.176318432000073],[-118.48258272299995,34.175800791000029],[-118.48194836999994,34.175288708000039],[-118.48130953699996,34.174782224000069],[-118.48066627699995,34.174281377000057],[-118.48001863599995,34.173786206000045],[-118.47936666499999,34.173296750000077],[-118.47871041599996,34.172813046000044],[-118.47804993899996,34.172335132000057],[-118.47738528399998,34.171863044000077],[-118.47671650299998,34.171396819000051],[-118.47604364899996,34.170936493000056],[-118.47536677299996,34.170482102000051],[-118.47468592699994,34.170033681000064],[-118.47400116399996,34.169591265000065],[-118.47331253699997,34.169154887000047],[-118.47262009799999,34.168724582000038],[-118.47192390399999,34.16830038300003],[-118.47122400499995,34.167882322000025],[-118.47052045699996,34.167470432000073],[-118.46981331399996,34.167064745000062],[-118.46910263199999,34.166665293000051],[-118.46838846299994,34.166272105000075],[-118.46767086499995,34.165885213000024],[-118.46694989299999,34.165504646000045],[-118.46622560099996,34.165130435000037],[-118.46549804699998,34.164762606000068],[-118.46476728599998,34.164401191000024],[-118.46403337599997,34.164046215000042],[-118.46329637099996,34.16369770600005],[-118.46255633099997,34.163355693000028],[-118.46181331299999,34.163020200000062],[-118.46106737199995,34.162691254000038],[-118.46031856699994,34.162368881000077],[-118.45956695599995,34.162053105000041],[-118.45881259799995,34.161743951000062],[-118.45805554999998,34.161441442000068],[-118.45729587199997,34.16114560300008],[-118.45653362099995,34.160856455000044],[-118.45576885599996,34.160574022000048],[-118.45500163899999,34.160298325000042],[-118.45423202599994,34.16002938500003],[-118.45346007699999,34.159767224000063],[-118.45268585399998,34.159511860000066],[-118.45190941399994,34.159263316000079],[-118.45113081899996,34.159021609000035],[-118.45035012799997,34.158786758000076],[-118.44956740299995,34.158558781000067],[-118.44878270299995,34.158337697000036],[-118.44799608799997,34.15812352100005],[-118.44720762199995,34.157916270000044],[-118.44641736299997,34.157715962000054],[-118.44562537299998,34.157522611000047],[-118.44483171399997,34.157336232000034],[-118.44403644599998,34.157156839000038],[-118.44323963099998,34.15698444700007],[-118.44244133099994,34.156819069000051],[-118.44164160699995,34.156660716000033],[-118.44084052299996,34.15650940300003],[-118.44003813799998,34.156365140000048],[-118.43923451599994,34.156227939000075],[-118.43842971899994,34.156097810000063],[-118.43762380799996,34.155974764000064],[-118.43681684599994,34.155858808000062],[-118.43600889599998,34.155749954000044],[-118.43520001999997,34.155648209000049],[-118.43439027999995,34.155553581000049],[-118.43357973999997,34.155466078000075],[-118.43276846099997,34.155385705000072],[-118.43195650699994,34.155312471000059],[-118.43114394099996,34.155246378000072],[-118.43033082299996,34.155187435000073],[-118.42951721999998,34.15513564400004],[-118.42870319299999,34.155091008000056],[-118.42788880499995,34.155053535000036],[-118.42707411899994,34.155023223000057],[-118.42625919699998,34.155000077000068],[-118.42544410299996,34.154984098000057],[-118.42462890099995,34.15497528800006],[-118.42381365299997,34.154973647000077],[-118.42299842099999,34.154979174000061],[-118.42218326999995,34.15499187100005],[-118.42136826199999,34.155011736000063],[-118.42055346099994,34.155038766000075],[-118.41973892699997,34.15507296100003],[-118.41892472699999,34.155114318000074],[-118.41811092199998,34.15516283200003],[-118.41729757499996,34.155218503000071],[-118.41648474799996,34.155281322000064],[-118.41567250599996,34.15535128700003],[-118.41486090999996,34.155428392000033],[-118.41405002399995,34.155512631000079],[-118.41323991099995,34.155603998000061],[-118.41243063099995,34.155702485000063],[-118.41162224899995,34.155808086000036],[-118.41081482699997,34.155920790000039],[-118.41000842699998,34.156040591000078],[-118.40920311199994,34.156167478000043],[-118.40839894399994,34.156301442000029],[-118.40759598499994,34.156442474000073],[-118.40679429699998,34.156590560000041],[-118.40599394299994,34.156745691000026],[-118.40519498399999,34.156907853000064],[-118.40439748199998,34.157077036000032],[-118.40360149799994,34.157253225000034],[-118.40280709399997,34.157436407000034],[-118.40201433199996,34.157626568000069],[-118.40122327299997,34.157823693000068],[-118.40043397799997,34.158027766000032],[-118.39964650799999,34.158238773000051],[-118.39886092399996,34.15845669600003],[-118.39807728699998,34.158681519000027],[-118.39729565699997,34.158913225000049],[-118.39651609499998,34.15915179600006],[-118.39573866099994,34.159397212000044],[-118.39496341499995,34.159649455000078],[-118.39419041799999,34.159908507000068],[-118.39341972799997,34.16017434500003],[-118.39265140599997,34.16044695100004],[-118.39188551099994,34.160726303000047],[-118.39112210199994,34.161012379000056],[-118.39036123799997,34.161305157000072],[-118.38960297799997,34.161604615000044],[-118.38884738099995,34.161910730000045],[-118.38809450599996,34.162223476000065],[-118.38734440999997,34.162542832000042],[-118.38659714999994,34.162868771000035],[-118.38585278599999,34.163201269000069],[-118.38511137499995,34.163540300000079],[-118.38437297399997,34.163885839000045],[-118.38363763999996,34.164237857000046],[-118.38290542999999,34.164596327000027],[-118.38217640099998,34.164961223000034],[-118.38145060799997,34.165332515000046],[-118.38072810899996,34.165710175000072],[-118.38000895799996,34.166094175000069],[-118.37929321299998,34.16648448400008],[-118.37858092699997,34.166881072000024],[-118.37787215699996,34.167283908000059],[-118.37716695599994,34.167692962000046],[-118.37646537999996,34.168108201000052],[-118.37576748299995,34.168529593000073],[-118.37507331799998,34.168957108000029],[-118.37438293899999,34.169390709000027],[-118.37369639999997,34.169830364000063],[-118.37301375399994,34.170276040000033],[-118.37233505399996,34.170727701000033],[-118.37166035199999,34.171185315000059],[-118.37098969999994,34.171648842000025],[-118.37032314999999,34.172118251000029],[-118.36966075299995,34.172593502000041],[-118.36900256099995,34.173074559000042],[-118.36834862599994,34.173561387000063],[-118.36769899599994,34.174053946000072],[-118.36705372299997,34.174552199000061],[-118.36641285699994,34.175056107000046],[-118.36577644699997,34.17556563100004],[-118.36514454199994,34.17608073100007],[-118.36451719199999,34.176601369000025],[-118.36389444299999,34.177127504000055],[-118.36327634599996,34.177659094000035],[-118.36266294699999,34.178196100000036],[-118.36205429499995,34.17873847900006],[-118.36145043499999,34.179286188000049],[-118.36085141499996,34.179839188000074],[-118.36025728199996,34.180397433000053],[-118.35966807999995,34.180960882000079],[-118.35908385599998,34.181529490000059],[-118.35850465599998,34.182103214000051],[-118.35793052299999,34.182682009000075],[-118.35736150099996,34.183265831000028],[-118.35679763499996,34.183854633000067],[-118.35623896999999,34.18444837100003],[-118.35568554699995,34.185047000000054],[-118.35513740999994,34.185650472000077],[-118.35459460099997,34.186258741000074],[-118.35405716199995,34.186871759000041],[-118.35352513399999,34.187489481000057],[-118.35299855899996,34.188111856000035],[-118.35247747799997,34.188738838000063],[-118.35196192999996,34.189370379000025],[-118.35145195599995,34.190006428000061],[-118.35094759499998,34.190646938000043],[-118.35044888599998,34.191291858000056],[-118.34995586699995,34.19194113900005],[-118.34946857699998,34.192594730000053],[-118.34898705399996,34.193252581000024],[-118.34851133399997,34.193914641000049],[-118.34804145399994,34.194580859000041],[-118.34757745199994,34.195251183000039],[-118.34711936199994,34.195925561000024],[-118.34666721999997,34.196603942000024],[-118.34622106199998,34.197286273000032],[-118.34578091999998,34.197972500000049],[-118.34534683099997,34.198662572000046],[-118.34491882699996,34.199356434000038],[-118.34449694099999,34.200054034000061],[-118.34408120499995,34.200755316000027],[-118.34367165299994,34.201460227000041],[-118.34326831499999,34.202168712000059],[-118.34287122299997,34.202880718000074],[-118.34248040899996,34.203596187000073],[-118.34209589999995,34.20431506500006],[-118.34171772899998,34.205037297000047],[-118.34134592299995,34.205762826000068],[-118.34098051199999,34.206491597000024],[-118.34062152299998,34.207223554000052],[-118.34026898499997,34.207958639000026],[-118.33992292499994,34.208696795000037],[-118.33958336999996,34.209437967000042],[-118.33925034499998,34.21018209500005],[-118.33892387699996,34.210929123000028],[-118.33860398999997,34.211678994000067],[-118.33829071099996,34.212431648000063],[-118.33798406199998,34.21318702800005],[-118.33768406799999,34.213945076000073],[-118.33739075099999,34.214705732000027],[-118.33710413599999,34.215468938000072],[-118.33682424199998,34.216234636000024],[-118.33655109299997,34.217002766000064],[-118.33628470899998,34.217773266000052],[-118.33602511199996,34.218546080000067],[-118.33577231899994,34.219321148000063],[-118.33552635299998,34.220098408000069],[-118.33528723099994,34.220877801000029],[-118.33505497299996,34.221659267000064],[-118.33482959499997,34.222442744000034],[-118.33461111599996,34.223228174000042],[-118.33439955199998,34.22401549500006],[-118.33419491999996,34.224804645000063],[-118.33399723599996,34.225595565000049],[-118.33380651399995,34.226388192000059],[-118.33362277099997,34.227182465000055],[-118.33344601799996,34.227978324000048],[-118.33327627199998,34.228775707000068],[-118.33311354399996,34.229574551000042],[-118.33295784799998,34.230374796000035],[-118.33280919399999,34.231176378000043],[-118.33266759499998,34.231979237000075],[-118.33253306199998,34.232783311000048],[-118.33240560399997,34.23358853600007],[-118.33228523299999,34.234394850000058],[-118.33217195699996,34.235202192000031],[-118.33206578599999,34.236010500000077],[-118.33196672599996,34.236819709000031],[-118.33187478599996,34.237629758000026],[-118.33178997299996,34.238440585000035],[-118.33171229399994,34.239252125000064],[-118.33164175499996,34.240064318000066],[-118.33157835999998,34.240877100000034],[-118.33152211399994,34.241690407000078],[-118.33147302399999,34.242504178000047],[-118.33143109199995,34.243318349000049],[-118.33139632099994,34.244132857000068],[-118.33136871399995,34.244947640000078],[-118.33134827199996,34.245762633000027],[-118.33133499899998,34.246577775000048],[-118.33132889399997,34.24739300300007],[-118.33132995999995,34.24820825200004],[-118.33133819299997,34.249023461000036],[-118.33135359499994,34.249838565000061],[-118.33137616499999,34.250653503000024],[-118.33140589899995,34.251468211000031],[-118.33144279699997,34.252282625000078],[-118.33148685599997,34.25309668400007],[-118.33153807199994,34.25391032400006],[-118.33159644099999,34.254723481000042],[-118.33166195799998,34.255536095000025],[-118.33173461799998,34.256348100000025],[-118.33181441699998,34.257159436000052],[-118.33190134699998,34.257970038000053],[-118.42631176299994,34.340841387000069],[-118.42714531699994,34.340833289000045],[-118.42797877199996,34.340818188000071],[-118.42881207199997,34.340796085000079],[-118.42964515699998,34.340766982000048],[-118.43047796699994,34.34073088100007],[-118.43131044499995,34.340687784000067],[-118.43214253099995,34.340637694000065],[-118.43297416799999,34.340580615000079],[-118.43380529499996,34.340516551000064],[-118.43463585399996,34.340445507000027],[-118.43546578799999,34.340367487000037],[-118.43629503599999,34.340282496000043],[-118.43712354099995,34.340190541000027],[-118.43795124499997,34.340091630000074],[-118.43877808899998,34.339985768000076],[-118.43960401399994,34.339872962000072],[-118.44042896099995,34.339753221000024],[-118.44125287299994,34.339626554000063],[-118.44207569299999,34.339492969000048],[-118.44289736099995,34.339352475000055],[-118.44371781999996,34.339205083000024],[-118.44453701099997,34.339050803000077],[-118.44535487699994,34.338889646000041],[-118.44617136099998,34.338721623000026],[-118.44698640299998,34.338546746000077],[-118.44779994799995,34.338365028000055],[-118.44861193799994,34.338176481000062],[-118.44942231399995,34.337981119000062],[-118.45023102099998,34.337778955000033],[-118.45103800099997,34.337570004000042],[-118.45184319599997,34.337354279000067],[-118.45264655099999,34.33713179800003],[-118.45344800799995,34.336902575000067],[-118.45424751099995,34.336666627000056],[-118.45504500299995,34.336423969000066],[-118.45584042799999,34.336174621000055],[-118.45663373099995,34.335918597000045],[-118.45742485499994,34.335655918000043],[-118.45821374399998,34.335386602000028],[-118.45900034199997,34.335110667000038],[-118.45978459399998,34.33482813300003],[-118.46056644399999,34.334539019000033]]]},"properties":{"OBJECTID":1,"bid":1,"zone_id":"D_BUR003","zone_name":" Class C - BUR","restrict":"Controlled Airspace","note":"You must have an airspace authorization from the FAA. LAANC is not presently available in this area, use FAADroneZone. Prior to flight, the remote pilot in command must assess local airspace and any flight restrictions.","flight_cei":0,"height_met":0,"Area":231.44549363532477,"shape_":"面"}},{"type":"Feature","id":2,"geometry":{"type":"Polygon","coordinates":[[[-118.51185212399997,34.319211749000033],[-118.51254219199996,34.319530895000071],[-118.51323524099996,34.319843516000049],[-118.51393120799997,34.320149583000045],[-118.51463003199996,34.320449070000052],[-118.51533165199999,34.320741949000023],[-118.51603600399994,34.321028194000064],[-118.51674302499998,34.321307782000076],[-118.51745265399995,34.321580684000025],[-118.51816482599997,34.321846879000077],[-118.51887947699998,34.322106342000041],[-118.51959654499996,34.322359050000045],[-118.52031596599994,34.32260498100004],[-118.52103767599999,34.322844113000031],[-118.52176160899995,34.323076424000078],[-118.52248770199998,34.323301893000064],[-118.52321589099995,34.323520501000075],[-118.52394610999994,34.323732229000029],[-118.52467829399995,34.323937056000034],[-118.52541237799994,34.324134966000031],[-118.52614829799995,34.324325940000051],[-118.52688598599997,34.324509963000025],[-118.52762537799998,34.324687015000052],[-118.52836640799995,34.32485708300004],[-118.52910900999996,34.325020151000047],[-118.52985311599997,34.325176205000048],[-118.53059866199999,34.325325231000079],[-118.53134558199997,34.32546721500006],[-118.53209380899995,34.325602145000062],[-118.53284327399996,34.32573000900004],[-118.53359391299995,34.325850795000065],[-118.53434565799995,34.325964492000026],[-118.53509844199999,34.326071093000053],[-118.53585219999997,34.326170584000067],[-118.53660686199999,34.326262959000076],[-118.53736236199995,34.32634820800007],[-118.53811863299995,34.326426325000057],[-118.53887560699997,34.326497304000043],[-118.53963321799995,34.326561135000077],[-118.54039139699995,34.326617816000066],[-118.54115007699994,34.326667339000039],[-118.54190919099995,34.326709702000073],[-118.54266866999996,34.326744899000062],[-118.54342844899998,34.326772929000072],[-118.54418845699996,34.326793788000032],[-118.54494862799999,34.326807476000056],[-118.54570889599995,34.326813989000073],[-118.54646919099997,34.326813329000061],[-118.54722944499997,34.326805495000031],[-118.54798959099998,34.326790487000039],[-118.54874956199995,34.326768307000066],[-118.54950929099999,34.326738957000032],[-118.55026870799998,34.326702440000076],[-118.55102774599999,34.326658759000054],[-118.55178633999998,34.326607917000047],[-118.55254441899996,34.326549920000048],[-118.55330191799999,34.326484772000072],[-118.55405876799995,34.326412480000045],[-118.55481490099999,34.326333049000027],[-118.55557025299998,34.326246486000059],[-118.55632475299996,34.326152801000035],[-118.55707833599996,34.326052000000061],[-118.55783093499997,34.325944093000032],[-118.55858248199996,34.325829089000024],[-118.55933290999997,34.325706999000033],[-118.56008215199995,34.325577833000068],[-118.56083014199999,34.325441604000048],[-118.56157681399998,34.325298322000037],[-118.56232209999996,34.325148002000049],[-118.56306593499994,34.324990656000068],[-118.56380825199994,34.324826298000062],[-118.56454898499999,34.324654942000052],[-118.56528806899996,34.324476605000029],[-118.56602543599996,34.324291302000063],[-118.56676102299997,34.324099050000029],[-118.56749476199997,34.323899865000044],[-118.56822658999999,34.323693766000076],[-118.56895643999997,34.32348077000006],[-118.56968424699994,34.323260897000068],[-118.57040994699997,34.32303416600007],[-118.57113347599994,34.322800599000061],[-118.57185476899997,34.322560214000077],[-118.57257376099994,34.322313033000057],[-118.57329038999995,34.322059080000031],[-118.57400458999996,34.321798375000071],[-118.57471629799994,34.321530944000074],[-118.57542544999995,34.321256808000044],[-118.57613198499996,34.320975994000037],[-118.57683583899995,34.320688525000037],[-118.57753694799999,34.320394427000053],[-118.57823525199996,34.320093727000028],[-118.57893068699997,34.319786452000073],[-118.57962319199999,34.319472627000039],[-118.58031270299995,34.319152282000061],[-118.58099916199996,34.318825446000062],[-118.58168250699998,34.318492147000029],[-118.58236267599995,34.318152414000053],[-118.58303960899997,34.317806279000024],[-118.58371324599995,34.317453771000032],[-118.58438352699994,34.31709492300007],[-118.58505039299996,34.316729767000027],[-118.58571378199997,34.316358334000029],[-118.58637363799994,34.315980658000058],[-118.58702989899996,34.315596772000049],[-118.58768250999998,34.315206712000077],[-118.58833141099996,34.314810510000029],[-118.58897654499998,34.314408204000074],[-118.58961785299999,34.313999828000078],[-118.59025527999995,34.313585418000059],[-118.59088876799996,34.31316501200007],[-118.59151826099998,34.31273864800005],[-118.59214370299998,34.312306363000062],[-118.59276503899997,34.311868196000034],[-118.59338221099995,34.311424184000032],[-118.59399516799999,34.310974369000064],[-118.59460385199998,34.31051879100005],[-118.59520820999995,34.31005748900003],[-118.59580818899997,34.309590506000063],[-118.59640373499997,34.309117882000066],[-118.59699479399995,34.30863965900005],[-118.59758131399997,34.308155880000072],[-118.59816324399998,34.307666589000064],[-118.59874053099998,34.307171828000037],[-118.59931312399999,34.306671643000072],[-118.59988096999996,34.306166076000068],[-118.60044402199998,34.305655174000037],[-118.60100222799997,34.305138982000074],[-118.60155553799996,34.304617545000042],[-118.60210390399999,34.304090912000049],[-118.60264727599997,34.303559126000039],[-118.60318560499996,34.30302223800004],[-118.60371884499995,34.302480293000031],[-118.60424694699998,34.301933342000041],[-118.60476986499998,34.301381431000038],[-118.60528755199999,34.300824611000053],[-118.60579996099995,34.300262931000077],[-118.60630704799996,34.299696441000037],[-118.60680876699996,34.299125192000076],[-118.60730507299996,34.298549233000074],[-118.60779592299997,34.297968617000038],[-118.60828127299999,34.297383395000054],[-118.60876107699994,34.296793620000074],[-118.60923529699994,34.296199343000069],[-118.60970388799996,34.295600619000027],[-118.61016680799997,34.294997499000033],[-118.61062401599997,34.294390039000064],[-118.61107547199998,34.293778291000024],[-118.61152113599996,34.293162310000071],[-118.61196096799995,34.292542152000067],[-118.61239492799996,34.291917871000066],[-118.61282297799994,34.291289524000035],[-118.61324507999996,34.290657164000038],[-118.61366119699994,34.290020851000065],[-118.61407129099996,34.289380639000058],[-118.61447532499994,34.288736586000027],[-118.61487326499997,34.288088749000053],[-118.61526507399998,34.287437186000034],[-118.61565071699999,34.286781956000027],[-118.61603016099997,34.286123115000066],[-118.61640336999994,34.285460724000075],[-118.61677031299996,34.284794840000075],[-118.61713095699997,34.284125524000046],[-118.61748526899999,34.283452834000059],[-118.61783321799999,34.282776831000035],[-118.61817477199997,34.282097576000069],[-118.61850990199997,34.281415127000059],[-118.61883857799995,34.280729546000032],[-118.61916076999995,34.28004089500007],[-118.61947644899999,34.279349234000051],[-118.61978558799996,34.278654626000048],[-118.62008815899998,34.277957131000051],[-118.62038413499999,34.277256813000065],[-118.62067348999994,34.276553732000025],[-118.62095619699994,34.275847953000039],[-118.62123223299994,34.27513953700003],[-118.62150157099995,34.274428549000049],[-118.62176418899998,34.273715050000078],[-118.62202006299998,34.272999105000054],[-118.62226916999998,34.272280778000038],[-118.62251148699994,34.271560132000047],[-118.62274699499994,34.270837232000076],[-118.62297566899997,34.270112142000073],[-118.62319749199997,34.269384926000043],[-118.62341244499999,34.268655650000028],[-118.62362050499996,34.267924377000043],[-118.62382165499997,34.267191174000061],[-118.62401587899996,34.266456107000067],[-118.62420315799994,34.265719238000031],[-118.62438347599999,34.264980636000075],[-118.62455681599999,34.264240364000045],[-118.62472316299994,34.263498491000064],[-118.62488250299998,34.262755080000034],[-118.62503482099999,34.262010200000077],[-118.62518010299999,34.261263915000029],[-118.62531833699995,34.260516292000034],[-118.62544951199999,34.259767399000054],[-118.62557361299997,34.259017301000029],[-118.62569063099994,34.258266065000043],[-118.62580055599994,34.257513759000062],[-118.62590337499995,34.256760449000069],[-118.62599908299995,34.256006202000037],[-118.62608766999995,34.255251085000054],[-118.62616912799996,34.254495167000073],[-118.62624344899996,34.25373851300003],[-118.62631062799994,34.252981193000039],[-118.62637065599995,34.252223271000048],[-118.62642353099994,34.251464817000056],[-118.62646924699999,34.250705898000035],[-118.62650779999996,34.249946582000064],[-118.62653918599995,34.249186935000068],[-118.62656340299998,34.248427025000069],[-118.62658044799997,34.247666922000064],[-118.62659031999999,34.246906691000049],[-118.62659301999997,34.246146402000079],[-118.62658854299997,34.245386120000035],[-118.62657689399998,34.244625914000039],[-118.62655807299996,34.243865852000056],[-118.62653207999995,34.243106002000047],[-118.62649891799998,34.242346431000044],[-118.62645858999997,34.241587206000077],[-118.62641109999998,34.24082839600004],[-118.62635645299997,34.240070067000033],[-118.62629465299995,34.239312289000054],[-118.62622570399998,34.238555127000041],[-118.62614961499997,34.237798649000069],[-118.62606638999995,34.237042923000047],[-118.62597603899997,34.23628801600006],[-118.62587856799996,34.235533995000026],[-118.62577398699995,34.234780927000031],[-118.62566230499999,34.234028880000039],[-118.62554353099995,34.233277920000035],[-118.62541767699997,34.232528114000047],[-118.62528475399995,34.23177952900005],[-118.62514477199994,34.231032232000075],[-118.62499774499997,34.230286289000048],[-118.62484368699995,34.229541766000068],[-118.62468260999998,34.228798730000051],[-118.62451452899995,34.228057247000038],[-118.62433945899994,34.22731738300007],[-118.62415741599995,34.226579204000075],[-118.62396841499998,34.225842775000046],[-118.62377247299997,34.225108163000073],[-118.62356960899996,34.224375432000045],[-118.62335984099997,34.22364464900005],[-118.62314318499995,34.222915877000048],[-118.62291966199996,34.222189181000033],[-118.62268929299995,34.221464628000035],[-118.62245209699995,34.220742280000024],[-118.62220809599995,34.220022203000042],[-118.62195731099996,34.219304460000046],[-118.62169976399997,34.218589115000043],[-118.62143547899996,34.217876232000037],[-118.62116447899996,34.217165876000024],[-118.62088678899994,34.216458107000051],[-118.62060243299999,34.215752990000055],[-118.62031143499996,34.215050588000054],[-118.62001382299997,34.214350963000072],[-118.61970962299995,34.21365417800007],[-118.61939885999999,34.212960293000037],[-118.61908156599998,34.212269372000037],[-118.61875776499994,34.21158147500006],[-118.61842748799995,34.210896665000064],[-118.61809076399999,34.210215002000041],[-118.61774762199997,34.209536546000038],[-118.61739809499994,34.208861358000036],[-118.61704221199994,34.208189499000071],[-118.61668000399999,34.207521027000041],[-118.61631150599999,34.206856003000041],[-118.61593674899996,34.206194486000072],[-118.61555576599994,34.205536534000032],[-118.61516859299996,34.204882207000026],[-118.61477526199997,34.204231562000075],[-118.61437580899997,34.203584657000079],[-118.61397026999998,34.202941550000048],[-118.61355868099997,34.202302298000063],[-118.61314107899994,34.201666959000079],[-118.61271749899998,34.201035589000071],[-118.61228798099995,34.200408243000027],[-118.61185256299996,34.199784978000025],[-118.61141128299994,34.199165849000053],[-118.61096418099999,34.198550913000076],[-118.61051129599997,34.197940222000057],[-118.61005266899997,34.197333831000037],[-118.60958833999996,34.196731795000062],[-118.60911835099995,34.196134167000025],[-118.60864274399995,34.195541001000038],[-118.60816156199996,34.194952349000062],[-118.60767484599995,34.194368263000058],[-118.60718264099995,34.193788796000035],[-118.60668498999996,34.193214000000069],[-118.60618193699997,34.192643924000038],[-118.60567352699996,34.192078621000064],[-118.60515980599996,34.191518139000038],[-118.60464081999999,34.190962531000025],[-118.60411661299997,34.190411845000028],[-118.60358723399997,34.189866129000052],[-118.60305272899996,34.189325432000032],[-118.60251314499999,34.188789803000077],[-118.60196853199994,34.188259290000076],[-118.60141893699995,34.187733939000054],[-118.60086440999999,34.187213797000027],[-118.60030499899995,34.186698911000065],[-118.59974075499997,34.186189327000079],[-118.59917172699994,34.18568508900006],[-118.59859796699999,34.185186243000032],[-118.59801952599997,34.184692833000042],[-118.59743645399999,34.184204903000079],[-118.59684880399999,34.183722497000076],[-118.59625662899998,34.183245657000043],[-118.59565997899995,34.182774426000037],[-118.59505891099997,34.18230884500008],[-118.59445347599996,34.181848958000046],[-118.59384372899996,34.181394804000035],[-118.59322972399997,34.18094642300008],[-118.59261151499999,34.18050385600003],[-118.59198915699994,34.180067141000052],[-118.59136270599998,34.179636320000043],[-118.59073221799997,34.179211428000031],[-118.59009774899999,34.178792503000068],[-118.58945935599996,34.178379586000062],[-118.58881709399998,34.177972710000063],[-118.58817102199998,34.177571912000076],[-118.58752119599995,34.177177228000062],[-118.58686767599994,34.176788694000038],[-118.58621051799997,34.176406344000043],[-118.58554978099994,34.176030210000079],[-118.58488552599999,34.175660329000038],[-118.58421780899999,34.175296732000049],[-118.58354669099998,34.174939452000046],[-118.58287223199994,34.174588520000043],[-118.58219449199999,34.174243968000042],[-118.58151352999994,34.173905826000066],[-118.58082940899999,34.173574125000073],[-118.58014218799997,34.173248894000039],[-118.57945192899996,34.172930162000057],[-118.57875869199995,34.172617958000046],[-118.57806254099995,34.172312308000073],[-118.57736353699994,34.172013240000069],[-118.57666174199994,34.171720783000069],[-118.57595721799999,34.171434960000056],[-118.57525002799997,34.17115579700004],[-118.57454023699995,34.17088332000003],[-118.57382790599996,34.170617553000056],[-118.57311309899995,34.170358518000057],[-118.57239587899994,34.170106241000042],[-118.57167630999999,34.169860742000026],[-118.57095445799996,34.169622043000061],[-118.57023038499995,34.169390167000074],[-118.56950415699998,34.169165133000035],[-118.56877583699998,34.168946962000064],[-118.56804548999997,34.168735673000072],[-118.56731318399994,34.168531285000029],[-118.56657898099996,34.168333816000029],[-118.56584294699996,34.168143283000063],[-118.56510514899998,34.167959704000054],[-118.56436565099995,34.167783095000061],[-118.56362451899997,34.167613472000028],[-118.56288181899998,34.167450849000033],[-118.56213761899994,34.16729524200008],[-118.56139198299996,34.167146664000029],[-118.56064497899996,34.167005128000028],[-118.55989667199998,34.166870647000053],[-118.55914712899994,34.166743233000034],[-118.55839641899996,34.166622898000071],[-118.55764460499995,34.16650965000008],[-118.55689175599997,34.166403503000026],[-118.55613793899994,34.166304463000074],[-118.55538322199999,34.166212542000039],[-118.55462767099999,34.16612774500004],[-118.55387135299998,34.166050082000027],[-118.55311433699995,34.16597955900005],[-118.55235668799997,34.165916182000046],[-118.55159847499999,34.165859956000077],[-118.55083976499998,34.165810888000067],[-118.55008062599995,34.165768982000031],[-118.54932112599994,34.165734239000074],[-118.54856133099997,34.165706666000062],[-118.54780130999995,34.165686263000055],[-118.54704113099996,34.16567303100004],[-118.54628085999997,34.165666974000032],[-118.54552056599999,34.165668090000054],[-118.54476031599995,34.165676381000026],[-118.54400017899997,34.165691845000026],[-118.54324021999997,34.165714481000066],[-118.54248050999996,34.165744287000052],[-118.54172111499997,34.165781260000074],[-118.54096210199998,34.165825396000059],[-118.54020354099998,34.16587669300003],[-118.53944549599998,34.165935145000049],[-118.53868803699999,34.166000748000044],[-118.53793122999997,34.166073495000035],[-118.53717514399995,34.166153379000036],[-118.53641984499995,34.166240395000045],[-118.53566539999997,34.166334533000054],[-118.53491187899999,34.166435786000079],[-118.53415934499998,34.166544145000046],[-118.53340786699999,34.16665960000006],[-118.53265751299995,34.166782140000066],[-118.53190834799994,34.166911755000058],[-118.53116043999995,34.167048434000037],[-118.53041385399996,34.167192164000028],[-118.52966865799999,34.167342931000064],[-118.52892491699998,34.167500724000035],[-118.52818269899996,34.167665528000043],[-118.52744206899996,34.167837327000029],[-118.52670309299998,34.168016108000074],[-118.52596583599995,34.168201853000028],[-118.52523036599996,34.168394547000048],[-118.52449674599995,34.168594172000041],[-118.52376504199998,34.168800710000028],[-118.52303532099995,34.169014144000073],[-118.52230764499996,34.169234454000048],[-118.52158208099996,34.16946162000005],[-118.52085869299998,34.169695622000063],[-118.52013754299998,34.169936440000072],[-118.51941869999996,34.170184051000035],[-118.51870222499997,34.170438435000051],[-118.51798818099996,34.170699568000032],[-118.51727663399998,34.170967427000051],[-118.51656764499995,34.171241988000077],[-118.51586127999997,34.17152322700008],[-118.51515759799997,34.171811118000051],[-118.51445666599994,34.172105636000026],[-118.51375854199995,34.172406756000044],[-118.51306329199997,34.172714449000068],[-118.51237097699999,34.173028688000045],[-118.51168165599995,34.173349446000032],[-118.51099539399996,34.17367669500004],[-118.51031224899998,34.174010404000057],[-118.50963228399996,34.174350545000038],[-118.50895555799997,34.174697086000037],[-118.50828213299997,34.175049998000077],[-118.50761206799996,34.175409248000051],[-118.50694542199994,34.17577480500006],[-118.50628225599996,34.176146636000055],[-118.50562262699998,34.176524708000045],[-118.50496659499998,34.176908987000047],[-118.50431421899998,34.177299439000024],[-118.50366555599999,34.177696031000039],[-118.50302066399996,34.178098724000051],[-118.50237959999998,34.178507485000068],[-118.50174242199995,34.178922277000026],[-118.50110918599995,34.179343062000044],[-118.50047994899995,34.179769805000035],[-118.49985476699999,34.180202465000036],[-118.49923369399994,34.18064100600003],[-118.49861678799999,34.181085387000053],[-118.49800410199998,34.181535569000062],[-118.49739569199994,34.181991513000071],[-118.49679160999995,34.18245317700007],[-118.49619191199997,34.182920521000028],[-118.49559664999998,34.183393503000048],[-118.49500587799997,34.183872080000071],[-118.49441964799996,34.184356210000033],[-118.49383801299996,34.184845851000034],[-118.49326102199996,34.18534095800004],[-118.49268872999994,34.185841487000062],[-118.49323229699996,34.186442733000035],[-118.49377054199999,34.187048747000063],[-118.49430342499994,34.187659482000072],[-118.49483090499996,34.188274890000059],[-118.49535293999998,34.188894923000078],[-118.49586948899997,34.189519533000066],[-118.49638051299996,34.190148672000078],[-118.49688597199997,34.190782291000062],[-118.49738582499998,34.191420341000025],[-118.49788003699996,34.192062771000053],[-118.49836856599995,34.192709532000038],[-118.49885137599995,34.193360575000042],[-118.49932842699997,34.194015848000049],[-118.49979968499997,34.194675300000029],[-118.50026511299995,34.195338881000055],[-118.50072467299998,34.196006538000063],[-118.50117832999996,34.196678219000034],[-118.50162604899998,34.197353873000054],[-118.50206779599995,34.198033448000047],[-118.50250353499996,34.198716889000025],[-118.50293323499994,34.199404145000074],[-118.50335685899995,34.200095161000036],[-118.50377437599997,34.200789884000073],[-118.50418575299994,34.201488261000065],[-118.50459095999997,34.202190236000035],[-118.50498996199997,34.202895757000078],[-118.50538273099994,34.203604766000069],[-118.50576923499995,34.204317210000056],[-118.50614944499995,34.205033032000074],[-118.50652332999999,34.205752179000058],[-118.50689086099999,34.206474591000074],[-118.50725201199998,34.207200217000036],[-118.50760675199996,34.207928997000067],[-118.50795505599996,34.208660876000067],[-118.50829689399995,34.209395796000024],[-118.50863224099999,34.210133701000075],[-118.50896107199998,34.210874533000037],[-118.50928335999998,34.211618234000071],[-118.50959907999999,34.212364748000027],[-118.50990820799996,34.213114014000041],[-118.51021071999998,34.213865977000069],[-118.51050659199996,34.214620577000062],[-118.51079580099997,34.215377756000066],[-118.51107832599996,34.216137454000034],[-118.51135414299995,34.216899613000066],[-118.51162323099999,34.21766417300006],[-118.51188556999995,34.218431076000059],[-118.51214113999998,34.219200260000036],[-118.51238991899999,34.219971669000074],[-118.51263188899998,34.220745239000053],[-118.51286703299996,34.221520913000063],[-118.51309532899995,34.222298629000079],[-118.51331676199999,34.223078326000063],[-118.51353131299999,34.223859946000061],[-118.51373896799998,34.224643426000057],[-118.51393970899994,34.225428706000059],[-118.51413351899998,34.226215725000031],[-118.51432038499996,34.227004421000061],[-118.51450029299997,34.227794734000042],[-118.51467322699995,34.228586602000064],[-118.51483917599995,34.229379964000032],[-118.51499812399999,34.230174757000043],[-118.51515006099999,34.230970921000051],[-118.51529497499996,34.231768393000038],[-118.51543285399998,34.232567111000037],[-118.51556368699994,34.233367013000077],[-118.51568746599997,34.234168038000064],[-118.51580417799994,34.23497012200005],[-118.51591381699996,34.235773205000044],[-118.51601637199997,34.236577222000051],[-118.51611183599999,34.237382111000045],[-118.51620020399997,34.238187812000035],[-118.51628146599995,34.238994259000037],[-118.51635561599994,34.239801392000061],[-118.51642264899999,34.240609146000054],[-118.51648255999999,34.241417461000026],[-118.51653534399998,34.242226272000039],[-118.51658099599996,34.243035516000077],[-118.51661951399996,34.243845133000036],[-118.51665089499994,34.244655056000056],[-118.51667513599995,34.245465225000032],[-118.51669223499999,34.246275576000073],[-118.51670218899994,34.247086047000039],[-118.51670500099999,34.247896573000048],[-118.51670066799994,34.248707094000054],[-118.51668919099995,34.249517543000024],[-118.51667057099996,34.250327861000073],[-118.51664480899996,34.251137984000025],[-118.51661190799996,34.251947847000054],[-118.51657186999995,34.252757389000067],[-118.51652469799996,34.253566547000048],[-118.51647039499994,34.254375257000049],[-118.51640896799995,34.255183458000033],[-118.51634041699998,34.255991085000062],[-118.51626475299997,34.256798076000052],[-118.51618197699997,34.257604370000024],[-118.51609209799994,34.258409903000029],[-118.51599512199999,34.259214612000051],[-118.51589105699998,34.260018436000053],[-118.51577991099998,34.260821311000029],[-118.51566169099999,34.261623174000079],[-118.51553640999998,34.262423965000039],[-118.51540407499999,34.263223621000066],[-118.51526469699996,34.264022078000039],[-118.51511828599996,34.264819277000072],[-118.51496485499996,34.265615154000045],[-118.51480441399997,34.266409648000035],[-118.51463697699995,34.267202696000027],[-118.51446255599996,34.267994238000028],[-118.51428116499994,34.268784212000071],[-118.51409281799999,34.269572556000071],[-118.51389752999995,34.270359210000038],[-118.51369531599994,34.271144111000069],[-118.51348619099997,34.27192720000005],[-118.51327017199998,34.272708415000068],[-118.51304727599995,34.273487696000075],[-118.51281751899995,34.27426498300008],[-118.51258092099999,34.275040212000079],[-118.51233749799997,34.275813327000037],[-118.51208726999994,34.276584267000032],[-118.51183025799997,34.277352971000028],[-118.51156647899995,34.278119380000078],[-118.51129595599997,34.278883434000079],[-118.51101870799999,34.27964507300004],[-118.51073475799996,34.280404240000053],[-118.51044412799996,34.281160874000079],[-118.51014683899996,34.281914917000051],[-118.50984291599997,34.282666311000071],[-118.50953238199997,34.283414996000033],[-118.50921526099995,34.284160915000029],[-118.50889157699999,34.284904010000048],[-118.50856135699996,34.285644224000066],[-118.50822462399998,34.286381497000036],[-118.50788140599997,34.287115774000029],[-118.50753172999998,34.287846997000031],[-118.50781375699995,34.288249310000026],[-118.50808997199999,34.288655635000055],[-118.50836031599999,34.289065891000064],[-118.50862473199999,34.289479991000064],[-118.50888316599998,34.289897850000045],[-118.50913556599994,34.290319382000064],[-118.50938187799994,34.290744500000073],[-118.50962205299999,34.291173115000049],[-118.50985603999999,34.291605139000069],[-118.51008378999995,34.292040483000051],[-118.51030525799996,34.292479058000026],[-118.51052039499996,34.29292077100007],[-118.51072915999998,34.293365532000053],[-118.51093150799994,34.293813248000049],[-118.51112739699994,34.294263828000055],[-118.51131678799999,34.294717178000042],[-118.51149963999995,34.295173204000037],[-118.51167591599994,34.295631812000067],[-118.51184558099999,34.296092907000059],[-118.51200859699998,34.296556395000039],[-118.51216493199996,34.297022179000066],[-118.51231455399994,34.297490161000042],[-118.51245743099997,34.297960248000038],[-118.51259353399996,34.298432339000044],[-118.51272283499998,34.298906339000041],[-118.51284530699996,34.299382150000042],[-118.51296092499996,34.299859672000025],[-118.51306966499999,34.30033880700006],[-118.51317150399996,34.300819456000056],[-118.51326642099997,34.301301520000038],[-118.51335439799999,34.301784898000051],[-118.51343541399996,34.30226949300004],[-118.51350945499996,34.302755201000025],[-118.51357650399996,34.303241924000076],[-118.51363654799997,34.303729561000068],[-118.51368957399995,34.304218010000056],[-118.51373557099998,34.304707172000064],[-118.51377452999998,34.305196945000034],[-118.51380644199998,34.305687227000078],[-118.51383130099998,34.30617791700007],[-118.51384910299998,34.306668914000056],[-118.51385984299998,34.307160116000034],[-118.51386351899998,34.30765142100006],[-118.51386012899997,34.308142730000043],[-118.51384967599995,34.308633938000071],[-118.51383216099998,34.309124945000065],[-118.51380758799996,34.309615650000069],[-118.51377596199995,34.310105950000036],[-118.51373728899995,34.310595745000057],[-118.51369157799996,34.311084933000075],[-118.51363883699997,34.311573414000065],[-118.51357907799996,34.312061086000028],[-118.51351231199999,34.312547848000065],[-118.51343855599998,34.31303360000004],[-118.51335782199999,34.313518241000054],[-118.51327012699994,34.314001671000028],[-118.51317549199996,34.314483790000054],[-118.51307393199994,34.314964498000052],[-118.51296547199996,34.315443697000035],[-118.51285013299997,34.315921286000048],[-118.51272793899994,34.316397168000037],[-118.51259891499996,34.316871243000037],[-118.51246308699996,34.317343415000039],[-118.51232048499998,34.317813584000078],[-118.51217113499996,34.318281654000032],[-118.51201507299999,34.318747529000063],[-118.51185232599994,34.319211112000062],[-118.51185212399997,34.319211749000033]]]},"properties":{"OBJECTID":2,"bid":2,"zone_id":"D_VNY003","zone_name":"Class D - VNY","restrict":"Controlled Airspace","note":"You must have an airspace authorization from the FAA. Use LAANC. Prior to flight, the remote pilot in command must assess local airspace and any flight restrictions.","flight_cei":0,"height_met":0,"Area":160.82609526426222,"shape_":"面"}},{"type":"Feature","id":3,"geometry":{"type":"Polygon","coordinates":[[[-118.53379634699996,34.325354342000026],[-118.53378438399994,34.325353221000057],[-118.53313375599998,34.325291797000034],[-118.53248382799995,34.325223344000051],[-118.53183467899999,34.325147872000059],[-118.53118638399997,34.325065388000041],[-118.53053901799996,34.324975903000052],[-118.52989265599996,34.324879426000052],[-118.52924737499995,34.324775970000076],[-118.52860324999995,34.324665546000062],[-118.52796035599999,34.324548167000046],[-118.52731876799999,34.324423847000048],[-118.52667855999999,34.324292600000035],[-118.52603980999999,34.324154442000065],[-118.52540258899995,34.324009389000025],[-118.52476697299994,34.323857457000031],[-118.52413303599997,34.323698665000052],[-118.52350085299997,34.323533031000068],[-118.52287049599994,34.323360575000038],[-118.52224203999998,34.323181316000046],[-118.52161555799995,34.322995275000039],[-118.52099112399998,34.32280247500006],[-118.52036880799994,34.322602938000045],[-118.51974868699995,34.322396685000058],[-118.51913082999999,34.322183745000075],[-118.51851531099999,34.321964138000055],[-118.51790220199996,34.321737892000044],[-118.51729157199998,34.321505033000051],[-118.51668349599998,34.321265589000063],[-118.51607804299999,34.321019587000023],[-118.51547528299994,34.320767056000079],[-118.51487528899997,34.320508025000038],[-118.51427812799994,34.320242526000072],[-118.51368387199994,34.319970587000057],[-118.51309258999999,34.319692243000077],[-118.51250434999997,34.319407523000052],[-118.51191922199996,34.319116464000047],[-118.51208549999996,34.318654267000056],[-118.51224500799998,34.318189689000064],[-118.51239771199994,34.317722830000037],[-118.51254357799996,34.317253791000041],[-118.51268257499999,34.316782670000066],[-118.51281467499996,34.316309568000065],[-118.51293984799997,34.31583458800003],[-118.51305806899995,34.31535782900005],[-118.51316931199995,34.314879394000059],[-118.51327355199999,34.314399384000069],[-118.51337076799996,34.313917903000061],[-118.51346093899997,34.313435052000045],[-118.51354404599999,34.312950937000039],[-118.51362007199998,34.312465658000065],[-118.51368899799996,34.311979320000034],[-118.51375081299994,34.311492027000043],[-118.51380550099998,34.311003884000058],[-118.51385305099996,34.310514992000037],[-118.51389345399997,34.31002545900003],[-118.51392669999996,34.309535388000029],[-118.51395278199999,34.309044884000059],[-118.51397169499995,34.308554050000055],[-118.51398343499994,34.308062992000032],[-118.51398799899999,34.307571816000063],[-118.51398538599994,34.307080625000026],[-118.51397559799994,34.306589525000049],[-118.51395863499999,34.306098621000046],[-118.51393450199998,34.305608016000065],[-118.51390320399997,34.305117816000063],[-118.51386474599997,34.304628126000068],[-118.51381913899996,34.30413905000006],[-118.51376639099999,34.303650693000066],[-118.51370651399998,34.303163158000075],[-118.51363951899998,34.302676551000047],[-118.51356542299999,34.302190974000041],[-118.51348423999997,34.301706531000036],[-118.51339598799996,34.301223327000059],[-118.51330068599998,34.300741463000065],[-118.51319835399994,34.300261044000024],[-118.51308901299996,34.299782170000071],[-118.51297268699994,34.299304945000074],[-118.51284940299996,34.298829470000044],[-118.51271918399999,34.298355848000028],[-118.51258205799996,34.29788417900005],[-118.51243805799999,34.297414563000075],[-118.51228720999995,34.296947101000058],[-118.51212954999994,34.296481893000077],[-118.51196510899996,34.296019038000054],[-118.51179392299997,34.295558636000067],[-118.51161602899998,34.295100784000056],[-118.51143146499999,34.294645578000029],[-118.51124026899998,34.294193119000056],[-118.51104248499996,34.293743502000041],[-118.51083814999998,34.293296822000059],[-118.51062731399998,34.292853175000062],[-118.51041001599998,34.292412655000078],[-118.51018630599998,34.291975357000069],[-118.50995623099999,34.291541375000065],[-118.50971984099999,34.29111080000007],[-118.50947718399999,34.290683726000054],[-118.50922831399998,34.290260241000055],[-118.50897328299999,34.289840439000045],[-118.50871214599999,34.28942440700007],[-118.50844495799998,34.28901223400004],[-118.50817177699997,34.288604009000039],[-118.50789266099997,34.288199820000045],[-118.50760766899998,34.287799752000069],[-118.50731686299997,34.287403889000075],[-118.50702030399998,34.287012318000052],[-118.50671805599995,34.286625121000043],[-118.50641018199997,34.286242382000069],[-118.50609674999998,34.285864182000068],[-118.50577782599998,34.285490601000049],[-118.50545347699995,34.285121720000063],[-118.50512377399997,34.284757617000025],[-118.50478878699994,34.284398370000076],[-118.50444858599997,34.284044055000038],[-118.50410324499995,34.283694749000063],[-118.50375283799997,34.283350526000049],[-118.50339743799998,34.283011458000033],[-118.50303712399995,34.282677619000026],[-118.50267196999999,34.282349081000064],[-118.50230205399998,34.282025912000051],[-118.50192745599998,34.281708183000035],[-118.50154825699997,34.281395960000054],[-118.50116453599998,34.281089311000073],[-118.50077637699997,34.28078830100003],[-118.50038385999994,34.280492994000042],[-118.49998707199995,34.28020345300007],[-118.49958609499998,34.279919741000072],[-118.49918101499998,34.279641917000049],[-118.49877191999997,34.27937004100005],[-118.49835889699995,34.279104171000029],[-118.49794203299996,34.278844364000065],[-118.49752141799996,34.278590675000032],[-118.49709714099998,34.278343158000041],[-118.49666929299997,34.278101867000032],[-118.49623796599997,34.277866852000045],[-118.49580325099998,34.277638165000042],[-118.49536524199999,34.277415853000036],[-118.49492403099998,34.277199964000033],[-118.49447971199999,34.276990545000046],[-118.49403238199994,34.27678763800003],[-118.49358213399995,34.276591290000056],[-118.49312906699998,34.276401541000041],[-118.49267327499996,34.276218431000075],[-118.49221485699996,34.276042001000064],[-118.49175390999994,34.275872286000038],[-118.49129053199999,34.275709324000047],[-118.49082482399996,34.275553150000064],[-118.49035688299995,34.275403797000024],[-118.48988680899998,34.275261296000053],[-118.48941470399996,34.275125679000041],[-118.48894066799994,34.274996973000043],[-118.48846480199995,34.274875207000036],[-118.48798720899998,34.274760406000041],[-118.48750798799995,34.274652596000067],[-118.48702724399999,34.274551798000061],[-118.48654507899994,34.274458036000055],[-118.48606159399998,34.27437132700004],[-118.48557689499995,34.274291692000077],[-118.48509108399998,34.274219147000053],[-118.48460426499997,34.274153707000039],[-118.48411654099999,34.274095387000045],[-118.48362801799999,34.274044199000059],[-118.48313879899996,34.274000153000031],[-118.48264898899998,34.273963260000073],[-118.48215869199998,34.273933528000043],[-118.48166801299999,34.273910962000059],[-118.48117705699997,34.273895567000068],[-118.48068592799996,34.273887347000027],[-118.48019472999999,34.27388630300004],[-118.47970357199995,34.27389243600004],[-118.47921255399996,34.273905744000047],[-118.47872178299997,34.273926225000025],[-118.47823136399995,34.273953873000039],[-118.47774140099995,34.273988684000074],[-118.47725199999996,34.274030650000043],[-118.47676326399994,34.274079762000042],[-118.47627529599998,34.274136008000028],[-118.47578820399997,34.274199378000048],[-118.47530208899997,34.274269858000025],[-118.47481705599995,34.274347433000059],[-118.47433320699997,34.274432086000047],[-118.47385064799994,34.274523799000065],[-118.47336947899998,34.274622552000039],[-118.47288980499997,34.274728325000069],[-118.47241172699995,34.274841094000067],[-118.47193534799999,34.274960837000037],[-118.47146076999996,34.275087527000039],[-118.47098809199997,34.275221137000074],[-118.47051741799999,34.275361638000049],[-118.47004884699999,34.275509002000035],[-118.46958247799995,34.275663196000039],[-118.46911841199994,34.275824186000079],[-118.46865674799994,34.27599194000004],[-118.46819758399994,34.276166421000028],[-118.46774101799997,34.276347592000036],[-118.46728714799997,34.27653541400008],[-118.46683607099999,34.27672984700007],[-118.46638788199999,34.276930850000042],[-118.46594267799998,34.277138379000064],[-118.46550055299997,34.277352391000079],[-118.46506160199999,34.277572840000062],[-118.46462591999995,34.277799678000065],[-118.46419359699996,34.278032857000028],[-118.46376472699995,34.278272328000071],[-118.46333940299996,34.278518039000062],[-118.46291771399996,34.278769938000039],[-118.46249974899996,34.279027971000062],[-118.46208559999997,34.279292084000076],[-118.46167535299998,34.279562218000024],[-118.46126909599997,34.279838319000078],[-118.46086691799997,34.280120324000052],[-118.46046890199995,34.280408176000037],[-118.46007513399996,34.280701812000075],[-118.45968569799999,34.281001169000035],[-118.45930067799998,34.281306185000062],[-118.45892015499999,34.281616794000058],[-118.45854421099995,34.28193292800006],[-118.45817292599997,34.282254522000073],[-118.45780637899998,34.282581506000042],[-118.45744464699999,34.282913810000025],[-118.45708780999996,34.28325136400008],[-118.45673594299996,34.283594095000069],[-118.45638912099997,34.283941930000026],[-118.45604741799997,34.28429479600004],[-118.45571090599998,34.284652616000074],[-118.45537965799997,34.285015315000066],[-118.45505374599998,34.285382814000059],[-118.45473323699997,34.285755036000069],[-118.45441819999996,34.286131901000033],[-118.45410870299997,34.286513328000069],[-118.45380481199999,34.286899237000057],[-118.45350659199994,34.287289544000032],[-118.45321410599996,34.287684166000076],[-118.45292741599997,34.288083021000034],[-118.45264658399998,34.28848602100004],[-118.45237167099998,34.288893081000026],[-118.45210273399999,34.289304113000071],[-118.45183983099997,34.28971903200005],[-118.45158301899994,34.290137747000074],[-118.45133234999997,34.290560170000049],[-118.45108788099998,34.290986210000028],[-118.45084966299999,34.291415776000065],[-118.45061774499999,34.291848776000052],[-118.45039217799996,34.292285119000042],[-118.45017301199999,34.292724711000062],[-118.44996029099997,34.293167458000028],[-118.44975406099996,34.293613265000033],[-118.44955436599997,34.294062039000039],[-118.44936124999998,34.294513682000058],[-118.44917475299997,34.294968098000027],[-118.44899491399997,34.29542519000006],[-118.44882177399995,34.295884861000047],[-118.44865536799995,34.296347012000069],[-118.44849573099998,34.296811546000072],[-118.44834289799996,34.297278362000043],[-118.44819690299994,34.297747362000052],[-118.44805777399995,34.298218444000042],[-118.44792554399999,34.298691509000037],[-118.44780023899995,34.299166455000034],[-118.44768188699999,34.299643181000079],[-118.44757051299996,34.300121586000046],[-118.44746613899997,34.300601567000058],[-118.44736878999998,34.301083021000068],[-118.44727848399998,34.301565846000074],[-118.44719524399994,34.302049939000028],[-118.44711908399995,34.302535197000054],[-118.44705002299997,34.303021516000058],[-118.44698807399999,34.30350879100007],[-118.44693325099996,34.303996920000031],[-118.44688556599999,34.30448579800003],[-118.44684502799998,34.30497532000004],[-118.44681164699995,34.305465381000033],[-118.44678542799994,34.305955879000066],[-118.44676637899994,34.306446708000067],[-118.44675450299997,34.306937762000075],[-118.44674980299999,34.307428937000054],[-118.44675227999994,34.307920128000035],[-118.44676193399999,34.308411231000036],[-118.44677875999997,34.308902141000033],[-118.44680275799999,34.309392752000065],[-118.44683391999996,34.309882960000039],[-118.44687224199998,34.310372661000031],[-118.44691771399999,34.310861750000072],[-118.44697032699997,34.311350121000032],[-118.44703006999998,34.311837672000024],[-118.44709692899994,34.312324298000078],[-118.44717089099998,34.312809895000044],[-118.44725194099999,34.313294361000032],[-118.44734005899994,34.313777590000029],[-118.44743522699997,34.314259479000043],[-118.44753742699999,34.314739928000051],[-118.44764663599994,34.315218832000028],[-118.44776282799995,34.315696089000028],[-118.44788598199995,34.31617159700005],[-118.44801606999999,34.316645256000072],[-118.44815306499999,34.317116963000046],[-118.44829693599996,34.317586618000064],[-118.44844765399995,34.318054122000035],[-118.44860518599995,34.318519374000061],[-118.44876949799999,34.318982274000064],[-118.44894055599997,34.319442724000055],[-118.44911832399998,34.319900625000059],[-118.44930276199995,34.320355881000069],[-118.44949383199997,34.32080839300005],[-118.44969149399998,34.321258065000052],[-118.44989570299998,34.321704802000056],[-118.45010641799996,34.322148508000055],[-118.45032359299995,34.32258908700004],[-118.45054718199998,34.323026446000028],[-118.45077713699999,34.323460492000038],[-118.45101340899998,34.323891132000028],[-118.45125594699999,34.324318274000063],[-118.45150469999999,34.324741827000025],[-118.45175961499996,34.325161700000024],[-118.45202063799996,34.32557780500008],[-118.45228770999995,34.325990051000076],[-118.45256077899995,34.326398352000069],[-118.45283978399999,34.326802618000045],[-118.45312466499996,34.327202766000028],[-118.45341536099994,34.327598708000039],[-118.45371181199999,34.327990362000037],[-118.45401395299996,34.328377641000031],[-118.45432171999994,34.328760466000062],[-118.45463504699995,34.329138753000052],[-118.45495386899995,34.32951242200005],[-118.45527811599999,34.329881392000061],[-118.45560771799995,34.330245587000036],[-118.45594260599995,34.330604927000024],[-118.45628270799995,34.330959335000045],[-118.45662795299995,34.331308737000029],[-118.45697826399999,34.33165305700004],[-118.45733357099999,34.331992223000043],[-118.45769379299998,34.332326162000072],[-118.45805885699997,34.332654801000047],[-118.45842868199998,34.33297807200006],[-118.45880319199995,34.333295905000057],[-118.45918230499996,34.333608233000064],[-118.45956593999995,34.33391498800006],[-118.45995401699997,34.334216105000053],[-118.46034645199995,34.334511520000035],[-118.45952114299996,34.334798598000077],[-118.45869364799995,34.335079316000076],[-118.45786401899994,34.335353661000056],[-118.45703230399999,34.335621614000047],[-118.45619855299998,34.335883162000073],[-118.45536281299997,34.33613828700004],[-118.45452513499998,34.336386976000028],[-118.45368556999995,34.336629211000059],[-118.45284416599998,34.336864981000076],[-118.45200097199995,34.337094271000069],[-118.45115603899995,34.337317068000061],[-118.45030941699997,34.337533357000041],[-118.44946115699997,34.337743127000067],[-118.44861130699996,34.337946364000061],[-118.44775991999995,34.338143058000071],[-118.44690704499999,34.338333195000075],[-118.44605273099995,34.338516766000055],[-118.44519703099996,34.33869375900008],[-118.44433999399996,34.338864163000039],[-118.44348167299995,34.339027969000028],[-118.44262211599994,34.33918516600005],[-118.44176137499994,34.339335746000074],[-118.44089949999994,34.339479700000027],[-118.44003654499994,34.339617019000059],[-118.43917255799994,34.339747695000028],[-118.43830759199994,34.339871720000076],[-118.43744169599995,34.339989087000049],[-118.43657492399996,34.340099789000078],[-118.43570732599994,34.340203820000056],[-118.43605872999996,34.340722233000065],[-118.43641603399999,34.34123659800008],[-118.43677919099997,34.341746848000071],[-118.43714815299995,34.342252915000074],[-118.43752287399997,34.342754735000028],[-118.43790330199994,34.343252240000027],[-118.43828938999997,34.343745367000054],[-118.43868108499998,34.344234050000068],[-118.43907833899999,34.344718227000044],[-118.43948109899998,34.345197834000032],[-118.43988931099994,34.345672808000074],[-118.44030292199994,34.346143088000076],[-118.44072187999996,34.346608611000079],[-118.44114612899995,34.347069318000024],[-118.44157561299994,34.347525148000045],[-118.44201027699995,34.347976041000038],[-118.44245006499995,34.348421939000048],[-118.44289491699999,34.348862784000062],[-118.44334477699999,34.349298517000079],[-118.44379958399998,34.349729083000057],[-118.44425928299995,34.350154425000028],[-118.44472380999997,34.350574487000074],[-118.44519310599998,34.350989215000027],[-118.44566710799995,34.35139855400007],[-118.44614575699995,34.351802451000026],[-118.44662898899998,34.352200853000056],[-118.44711674099995,34.352593709000075],[-118.44760894899997,34.352980967000065],[-118.44810554999998,34.353362576000052],[-118.44860647699994,34.353738487000044],[-118.44911166699995,34.354108650000057],[-118.44962105299999,34.354473018000078],[-118.45013456799995,34.354831543000046],[-118.45065214599998,34.355184177000069],[-118.45117371799995,34.355530876000046],[-118.45169921699994,34.355871592000028],[-118.45222857499999,34.356206283000063],[-118.45276172099994,34.356534905000046],[-118.45329858799994,34.356857414000046],[-118.45383910299995,34.357173770000031],[-118.45438319799996,34.357483928000079],[-118.45493080099999,34.357787851000069],[-118.45548183899996,34.358085497000047],[-118.45603624299997,34.358376829000065],[-118.45659393899996,34.358661809000068],[-118.45715485399995,34.358940398000072],[-118.45771891499999,34.359212561000049],[-118.45828604899998,34.359478261000049],[-118.45885618099999,34.35973746600007],[-118.45942923699999,34.359990139000047],[-118.46000514299999,34.360236250000071],[-118.46058382299998,34.360475765000047],[-118.46116520099997,34.360708653000074],[-118.46174920099998,34.360934884000073],[-118.46233574899998,34.361154428000077],[-118.46292476599996,34.36136725700004],[-118.46351617699997,34.361573343000032],[-118.46410990299995,34.361772659000053],[-118.46470586799995,34.361965178000048],[-118.46530399299996,34.362150877000033],[-118.46590420099994,34.362329730000056],[-118.46650641199994,34.362501714000075],[-118.46711054999997,34.362666807000039],[-118.46771653299999,34.362824987000067],[-118.46832428499999,34.362976235000076],[-118.46893372399995,34.363120528000024],[-118.46954477299994,34.363257850000025],[-118.47015735099995,34.363388182000051],[-118.47077137699995,34.363511506000066],[-118.47138677299995,34.363627808000047],[-118.47200345699997,34.363737073000038],[-118.47262134899995,34.363839284000051],[-118.47324036799995,34.363934429000039],[-118.47386043299997,34.364022496000075],[-118.47448146499994,34.364103473000057],[-118.47510338199999,34.364177351000023],[-118.47572610099996,34.364244118000045],[-118.47634954299997,34.364303767000024],[-118.47697362599996,34.364356289000057],[-118.47759826699996,34.364401678000036],[-118.47822338699996,34.364439927000035],[-118.47884890299997,34.364471034000076],[-118.47947473299996,34.364494990000026],[-118.48010079599999,34.364511796000045],[-118.48072700999995,34.364521449000051],[-118.48135329499996,34.364523946000077],[-118.48197956499996,34.364519289000043],[-118.48260574299997,34.364507476000028],[-118.48323174499996,34.364488511000047],[-118.48385748899994,34.364462395000032],[-118.48448289299995,34.364429133000044],[-118.48510787799995,34.364388727000062],[-118.48573235899994,34.364341183000079],[-118.48635625599997,34.364286508000077],[-118.48697948899996,34.36422471000003],[-118.48760197499996,34.364155795000045],[-118.48822363299996,34.364079773000071],[-118.48884438099998,34.363996654000061],[-118.48946413899995,34.36390644800008],[-118.49008282599999,34.363809169000035],[-118.49070036199998,34.36370482600006],[-118.49131666499994,34.363593436000031],[-118.49193165599996,34.363475012000038],[-118.49254525299995,34.363349570000025],[-118.49315737799998,34.363217126000052],[-118.49376794899996,34.363077697000051],[-118.49437688699999,34.362931303000039],[-118.49498411399998,34.362777960000074],[-118.49558954799994,34.362617690000036],[-118.49619311299995,34.362450514000045],[-118.49679472699995,34.362276454000039],[-118.49739431399996,34.362095532000069],[-118.49799179599995,34.361907772000052],[-118.49858709199998,34.361713197000029],[-118.49918012799998,34.361511834000055],[-118.49977082399994,34.361303711000062],[-118.50035910299999,34.361088851000034],[-118.50094488999997,34.360867284000051],[-118.50152810699996,34.36063904100007],[-118.50210867899995,34.360404149000033],[-118.50268652899996,34.360162639000066],[-118.50326158199999,34.359914544000048],[-118.50383376399998,34.35965989500005],[-118.50440299899998,34.359398725000062],[-118.50496921299998,34.359131070000046],[-118.50553233199997,34.358856963000051],[-118.50609228199994,34.358576441000025],[-118.50664899099996,34.358289540000044],[-118.50720238699995,34.357996297000057],[-118.50775239599994,34.357696752000038],[-118.50829894699996,34.357390942000052],[-118.50884196799996,34.357078908000062],[-118.50938138999999,34.356760691000034],[-118.50991713999997,34.356436332000044],[-118.51044914999994,34.356105873000047],[-118.51097734999996,34.355769358000032],[-118.51150167099996,34.355426830000056],[-118.51202204499998,34.35507833500003],[-118.51253840299995,34.354723917000058],[-118.51305067799996,34.35436362300004],[-118.51355880499995,34.353997501000038],[-118.51406271399998,34.353625597000075],[-118.51456234199998,34.353247961000079],[-118.51505762299996,34.352864641000053],[-118.51554849299998,34.352475688000027],[-118.51603488699999,34.352081152000039],[-118.51651674199996,34.351681085000052],[-118.51699399499995,34.351275540000074],[-118.51746658299999,34.350864567000031],[-118.51793444499998,34.350448224000047],[-118.51839752099994,34.35002656100005],[-118.51885574799996,34.34959963600005],[-118.51930906899997,34.349167505000025],[-118.51975742299999,34.348730222000029],[-118.52020075299998,34.348287846000062],[-118.52063899899997,34.347840434000034],[-118.52107210399998,34.347388043000024],[-118.52150001299998,34.346930735000058],[-118.52192267099997,34.346468568000034],[-118.52234001999994,34.346001601000069],[-118.52275200699995,34.345529899000041],[-118.52315857899998,34.345053519000032],[-118.52355968099999,34.344572526000036],[-118.52395526199996,34.344086982000078],[-118.52434527099996,34.343596950000062],[-118.52472965499999,34.34310249400005],[-118.52510836499999,34.342603680000025],[-118.52548135199999,34.34210057100006],[-118.52584856699997,34.341593234000072],[-118.52620996199994,34.341081734000056],[-118.52656548899995,34.340566140000078],[-118.52691510399995,34.340046517000076],[-118.52725875799996,34.339522934000058],[-118.52759640799997,34.338995460000035],[-118.52792801099997,34.338464161000047],[-118.52825352099995,34.337929110000061],[-118.52857289799999,34.337390374000051],[-118.52888609999997,34.336848025000052],[-118.52919308399998,34.33630213400005],[-118.52949381199994,34.335752770000056],[-118.52978824399997,34.335200006000036],[-118.53007634199997,34.334643916000061],[-118.53035806899999,34.334084569000026],[-118.53063338599998,34.333522042000027],[-118.53090225899996,34.332956405000061],[-118.53116465199997,34.332387733000076],[-118.53142053099998,34.331816101000072],[-118.53166986199994,34.331241583000065],[-118.53191261399996,34.330664253000066],[-118.53214875499998,34.330084189000047],[-118.53237825299999,34.329501463000042],[-118.53260107899996,34.328916155000059],[-118.53281720199999,34.328328339000052],[-118.53302659699995,34.327738092000061],[-118.53322923499996,34.327145491000067],[-118.53342508899999,34.326550614000041],[-118.53361413399995,34.325953538000078],[-118.53379634699996,34.325354342000026]]]},"properties":{"OBJECTID":3,"bid":3,"zone_id":"D_WHP003","zone_name":"Class D - WHP","restrict":"Controlled Airspace","note":"Valid time: Jan 1, 2026-Dec 31, 2026, daily 8:00 AM-8:00 PM (GMT-8); You must have an airspace authorization from the FAA. Use LAANC. Prior to flight, the remote pilot in command must assess local airspace and any flight restrictions.","flight_cei":0,"height_met":0,"Area":57.994518799039255,"shape_":"面"}},{"type":"Feature","id":4,"geometry":{"type":"Polygon","coordinates":[[[-118.04349065199995,34.166732889000059],[-118.04364900499996,34.167444959000079],[-118.04381435999994,34.168155435000074],[-118.04398670199998,34.16886425000007],[-118.04416601299999,34.169571333000079],[-118.04435227799996,34.17027661700007],[-118.04454547499995,34.170980033000035],[-118.04474558799996,34.171681512000077],[-118.04495259799995,34.172380988000043],[-118.04516648299995,34.173078392000036],[-118.04538722299998,34.173773657000027],[-118.04561479799997,34.174466714000062],[-118.04584918399996,34.175157498000033],[-118.04609035999999,34.175845941000034],[-118.04633830099999,34.176531977000025],[-118.04659298399997,34.177215537000052],[-118.04685438399997,34.177896558000043],[-118.04712247499998,34.178574973000025],[-118.04739723199998,34.17925071500008],[-118.04767862999995,34.179923720000033],[-118.04796663699994,34.180593922000071],[-118.04826122899999,34.181261256000028],[-118.04856237699994,34.181925657000079],[-118.04887004999995,34.182587062000039],[-118.04918422099996,34.183245406000026],[-118.04950485699999,34.183900625000035],[-118.04983192699996,34.184552655000061],[-118.05016540099996,34.185201435000067],[-118.05050524599994,34.185846900000058],[-118.05085142699994,34.186488988000065],[-118.05120391499997,34.18712763700006],[-118.05156267099994,34.187762785000075],[-118.05192766299996,34.188394370000026],[-118.05229885599999,34.189022331000047],[-118.05267621199999,34.189646608000032],[-118.05305969499994,34.190267139000071],[-118.05344926899994,34.190883866000036],[-118.05384489599999,34.191496727000072],[-118.05424653599999,34.192105664000053],[-118.05465415299994,34.192710617000046],[-118.05506770399995,34.193311528000038],[-118.05548715199996,34.193908339000075],[-118.05591245399995,34.19450099200003],[-118.05634356999997,34.195089429000063],[-118.05678045799999,34.195673594000027],[-118.05722307699995,34.196253429000024],[-118.05767138099998,34.196828878000076],[-118.05812532899995,34.197399886000028],[-118.05858487599994,34.197966398000062],[-118.05904997899995,34.198528358000033],[-118.05952058999998,34.199085712000056],[-118.05999666599996,34.199638407000066],[-118.06047815899996,34.200186387000031],[-118.06096502599996,34.200729602000024],[-118.06145721399997,34.201267997000059],[-118.06195467999999,34.201801519000071],[-118.06245737499995,34.202330120000056],[-118.06296524799995,34.202853746000073],[-118.06347825199998,34.203372346000037],[-118.06399633599995,34.203885871000068],[-118.06451944999998,34.204394271000069],[-118.06504754399998,34.204897496000058],[-118.06558056699998,34.20539549800003],[-118.06611846699997,34.205888229000038],[-118.06666118999999,34.206375640000033],[-118.06720868599996,34.206857685000045],[-118.06776090099999,34.207334317000061],[-118.06831778199995,34.207805489000066],[-118.06887927399998,34.208271156000023],[-118.06944532399996,34.208731273000069],[-118.07001587499997,34.209185796000043],[-118.07059087299996,34.209634679000033],[-118.07117026299994,34.210077879000039],[-118.07175398699997,34.210515355000041],[-118.07234198999998,34.210947063000049],[-118.07293421499998,34.211372961000052],[-118.07353060299999,34.211793009000075],[-118.07413109899994,34.212207165000052],[-118.07473564099996,34.212615389000064],[-118.07534417399995,34.213017642000068],[-118.07595663699999,34.21341388500008],[-118.07657297099996,34.213804079000056],[-118.07719311699998,34.214188187000047],[-118.07781701399995,34.214566170000069],[-118.07844460199999,34.214937994000024],[-118.07907581899997,34.215303621000032],[-118.07971060599999,34.215663017000054],[-118.08034889899994,34.216016146000072],[-118.08099063799995,34.216362974000049],[-118.08163576099997,34.216703468000048],[-118.08228420499995,34.217037594000033],[-118.08293590599999,34.217365321000045],[-118.08359080299999,34.217686615000048],[-118.08424882999998,34.218001447000063],[-118.08490992499998,34.218309786000077],[-118.08557402399998,34.218611601000077],[-118.08624106099995,34.218906865000065],[-118.08691097299999,34.219195546000037],[-118.08758369399999,34.219477620000077],[-118.08825915999995,34.219753057000048],[-118.08893730399996,34.220021831000054],[-118.08961806199994,34.220283915000039],[-118.09030136599995,34.220539286000076],[-118.09098715099998,34.220787917000052],[-118.09167535099999,34.221029785000042],[-118.09236589899996,34.22126486600007],[-118.09305872699997,34.221493137000039],[-118.09375376999998,34.221714578000046],[-118.09445095799998,34.221929164000073],[-118.09515022499994,34.222136877000025],[-118.09585150399994,34.222337696000068],[-118.09655472499998,34.222531601000071],[-118.09725982099997,34.222718575000044],[-118.09796672399995,34.222898597000039],[-118.09867536399997,34.223071651000055],[-118.09938567399996,34.223237722000079],[-118.10009758399997,34.223396791000027],[-118.10081102599997,34.223548844000049],[-118.10152592999998,34.223693866000076],[-118.10224222699998,34.223831843000028],[-118.10295984699997,34.223962762000042],[-118.10367872299997,34.224086610000029],[-118.10439878099999,34.224203375000059],[-118.10511995499996,34.224313045000031],[-118.10584217399997,34.22441561100004],[-118.10656536699997,34.22451106300008],[-118.10728946499995,34.224599389000048],[-118.10801439799997,34.224680583000065],[-118.10874009299999,34.224754636000057],[-118.10946648399994,34.22482154100004],[-118.11019349799994,34.224881293000067],[-118.11092106399997,34.224933884000052],[-118.11164911399999,34.224979311000027],[-118.11237757499998,34.225017567000066],[-118.11310637699995,34.225048651000066],[-118.11383545099994,34.225072557000033],[-118.11456472399999,34.22508928600007],[-118.11529412599998,34.22509883400005],[-118.11602358699997,34.225101202000076],[-118.11675303699997,34.225096388000054],[-118.11748240299994,34.225084393000031],[-118.11821161599994,34.225065217000065],[-118.11894060499998,34.225038865000045],[-118.11966929999994,34.225005337000027],[-118.12039762799998,34.224964637000028],[-118.12112552099995,34.22491676900006],[-118.12185290699995,34.224861738000072],[-118.12257971699995,34.224799548000078],[-118.12330587799994,34.224730206000061],[-118.12403132199995,34.224653719000059],[-118.12475597799994,34.224570094000057],[-118.12547977599996,34.224479339000027],[-118.12620264399999,34.224381463000043],[-118.12692451399994,34.224276475000067],[-118.12764531599998,34.224164386000041],[-118.12836497999996,34.224045206000028],[-118.12908343499998,34.223918947000072],[-118.12980061299999,34.223785623000026],[-118.13051644299998,34.223645243000078],[-118.13123085599995,34.223497823000059],[-118.13194378399999,34.223343378000038],[-118.13265515699999,34.223181922000038],[-118.13336490599994,34.22301346900008],[-118.13407296099996,34.222838039000067],[-118.13477925599994,34.222655646000078],[-118.13548372099996,34.222466309000026],[-118.13618628799998,34.222270046000062],[-118.13688688799999,34.222066876000042],[-118.13758545499996,34.221856818000049],[-118.13828191999994,34.221639894000077],[-118.13897621499996,34.221416124000029],[-118.13966827399997,34.221185530000071],[-118.14035802899997,34.220948134000025],[-118.14104541399996,34.220703959000048],[-118.14173036199998,34.220453028000065],[-118.14241280599998,34.220195368000077],[-118.14309268099998,34.219931001000077],[-118.14376991999995,34.219659954000065],[-118.14444445699996,34.219382253000049],[-118.14511622899994,34.219097924000039],[-118.14578516899996,34.218806996000069],[-118.14645121199999,34.21850949800006],[-118.14711429299996,34.218205456000078],[-118.14777435099995,34.217894901000079],[-118.14843131899994,34.217577864000077],[-118.14908513299997,34.217254374000049],[-118.14973573199995,34.216924463000055],[-118.15038305099995,34.216588164000029],[-118.15102702699994,34.216245508000043],[-118.15166759999994,34.215896530000066],[-118.15230470599994,34.215541262000045],[-118.15293828399996,34.215179738000074],[-118.15356827099998,34.214811996000037],[-118.15419460799995,34.214438069000039],[-118.15481723299996,34.214057994000029],[-118.15543608699994,34.213671809000061],[-118.15605110899997,34.213279549000049],[-118.15666223999995,34.21288125500007],[-118.15726941899999,34.212476962000039],[-118.15787258999995,34.21206671300007],[-118.15847169199998,34.211650545000055],[-118.15906666799998,34.211228499000072],[-118.15965745999995,34.210800616000029],[-118.16024401199996,34.21036693800005],[-118.16082626599996,34.209927507000032],[-118.16140416499996,34.209482365000042],[-118.16197765399994,34.20903155600007],[-118.16254667799996,34.20857512200007],[-118.16311118099998,34.208113109000067],[-118.16367110699997,34.207645562000039],[-118.16422640499997,34.207172524000043],[-118.16477701699995,34.206694043000027],[-118.16532289299994,34.206210164000026],[-118.16586397999998,34.205720935000045],[-118.16640022399997,34.205226402000051],[-118.16693157299994,34.204726615000027],[-118.16745797599998,34.204221621000045],[-118.16797938199994,34.20371147000003],[-118.16849573999997,34.203196209000055],[-118.16900700199994,34.202675891000069],[-118.16951311599996,34.202150564000078],[-118.17001403399996,34.201620281000032],[-118.17050970699995,34.201085093000074],[-118.17100008799997,34.200545049000027],[-118.17148512799997,34.200000205000038],[-118.17196478099999,34.199450613000067],[-118.17243900099999,34.198896325000078],[-118.17290773999997,34.198337394000077],[-118.17337095499994,34.197773877000031],[-118.17382859899999,34.197205828000051],[-118.17428062899995,34.19663330000003],[-118.17472700099995,34.196056350000049],[-118.17516767099994,34.195475033000037],[-118.17560259699997,34.194889407000062],[-118.17603173699996,34.194299527000055],[-118.17645504899997,34.193705451000028],[-118.17687249199997,34.193107237000049],[-118.17728402599994,34.192504941000038],[-118.17768960999996,34.191898624000032],[-118.17808920599998,34.191288343000053],[-118.17848277499996,34.190674158000036],[-118.17887027699999,34.190056128000037],[-118.17925167699997,34.189434314000039],[-118.17962693799996,34.188808775000041],[-118.17999602099997,34.188179572000024],[-118.18035889299995,34.187546766000025],[-118.18071551699995,34.186910418000025],[-118.18106585899994,34.186270591000039],[-118.18140988599998,34.185627345000057],[-118.18174756299999,34.18498074300004],[-118.18207885899994,34.184330850000038],[-118.18240374099997,34.183677725000052],[-118.18272217699996,34.183021434000068],[-118.18303413699999,34.182362040000044],[-118.18333958999995,34.181699607000041],[-118.18363850699996,34.181034200000056],[-118.18393085899999,34.180365881000057],[-118.18421661699995,34.179694716000029],[-118.18449575499994,34.179020772000058],[-118.18476824399994,34.178344112000048],[-118.18503405799999,34.177664802000038],[-118.18529317199994,34.17698290800007],[-118.18554556099997,34.176298497000062],[-118.18579119999998,34.175611633000074],[-118.18603006399997,34.174922386000048],[-118.18626213199997,34.174230819000059],[-118.18648737999996,34.173537002000046],[-118.18670578799998,34.172841001000052],[-118.18691733299994,34.172142883000049],[-118.18712199399999,34.171442717000048],[-118.18731975299994,34.170740570000078],[-118.18751058999999,34.170036510000045],[-118.18769448699999,34.169330605000027],[-118.18787142599996,34.168622925000079],[-118.18804138899998,34.167913536000071],[-118.18820435999999,34.167202509000049],[-118.18836032399997,34.166489912000031],[-118.18850926499999,34.165775814000028],[-118.18865116799998,34.165060285000038],[-118.18878602099994,34.164343392000035],[-118.18891380999997,34.163625208000042],[-118.18903452199999,34.162905799000043],[-118.18914814599998,34.162185239000053],[-118.18925467099996,34.161463593000065],[-118.18935408599998,34.160740934000046],[-118.18944638299996,34.160017332000052],[-118.18953155099996,34.159292856000036],[-118.18960958399998,34.158567577000042],[-118.18968047199996,34.15784156400008],[-118.18974420999996,34.15711488900007],[-118.18980078999999,34.156387621000079],[-118.18985020899999,34.155659833000072],[-118.18989245999995,34.154931592000025],[-118.18992753999999,34.154202971000075],[-118.18995544599994,34.153474040000049],[-118.18997617299999,34.15274486900006],[-118.18998972099996,34.152015530000028],[-118.18999608899998,34.151286093000067],[-118.18999527599999,34.150556628000061],[-118.18998728099996,34.149827207000044],[-118.18997210599997,34.149097900000072],[-118.18994975199996,34.14836877700003],[-118.18992022099997,34.147639910000066],[-118.18988351599995,34.146911369000065],[-118.18983964099999,34.146183224000026],[-118.18978859899994,34.145455548000029],[-118.18973039699995,34.144728408000049],[-118.18966503899998,34.144001877000051],[-118.18959253099996,34.143276024000045],[-118.18951288199997,34.142550921000066],[-118.18942609699997,34.141826637000065],[-118.18933218699999,34.141103242000042],[-118.18923115999996,34.140380806000053],[-118.18912302599995,34.139659401000074],[-118.18900779599994,34.138939094000079],[-118.18888547899996,34.138219958000036],[-118.18875608799999,34.137502060000031],[-118.18861963799998,34.136785470000063],[-118.18847613799994,34.136070259000064],[-118.18832560599998,34.135356495000053],[-118.18816805299997,34.13464424700004],[-118.18800349499998,34.133933585000079],[-118.18783195099996,34.133224578000068],[-118.18765343399997,34.132517294000024],[-118.18746796399995,34.131811801000026],[-118.18727555699996,34.131108168000026],[-118.18707623199998,34.130406465000078],[-118.18687000899996,34.129706756000076],[-118.18665690699999,34.129009112000062],[-118.18643694899998,34.12831359900008],[-118.18621015399998,34.12762028700007],[-118.18597654399997,34.126929239000049],[-118.18573614299999,34.126240526000061],[-118.18548897199997,34.125554213000044],[-118.18523505799999,34.124870366000039],[-118.18497442299997,34.12418905100003],[-118.18470709499996,34.123510336000038],[-118.18443309699995,34.122834286000057],[-118.18415245799997,34.122160965000035],[-118.18386520299998,34.121490440000059],[-118.18357136099996,34.120822775000079],[-118.18327096199999,34.120158035000031],[-118.18296403099998,34.119496285000025],[-118.18265060199997,34.118837589000066],[-118.18233070299999,34.118182009000066],[-118.18200436399997,34.117529611000066],[-118.18167162099996,34.116880457000036],[-118.18133250199998,34.116234611000039],[-118.18098704099998,34.115592134000053],[-118.18063527299995,34.114953090000029],[-118.18027722999994,34.114317539000069],[-118.17991294799998,34.113685544000077],[-118.17954246199997,34.113057165000043],[-118.17916580699995,34.11243246500004],[-118.17878302199995,34.111811503000069],[-118.17839414099996,34.111194339000065],[-118.17799920499999,34.110581033000074],[-118.17759824799998,34.10997164500003],[-118.17719131199999,34.109366234000049],[-118.17677843599995,34.108764858000029],[-118.17635965999995,34.108167576000028],[-118.17593502499994,34.107574446000058],[-118.17550456999999,34.106985525000027],[-118.17506833799996,34.106400870000073],[-118.17462637299997,34.105820537000056],[-118.17417871599997,34.105244584000047],[-118.17372540999997,34.104673066000032],[-118.17326649899996,34.104106038000054],[-118.17280202899997,34.103543556000034],[-118.17233204399997,34.102985673000035],[-118.17185658999995,34.102432443000055],[-118.17137571299997,34.10188392200007],[-118.17088945799998,34.101340161000053],[-118.17039787499999,34.100801214000057],[-118.16990100799995,34.100267131000066],[-118.16939890899999,34.099737967000067],[-118.16889162499996,34.099213770000063],[-118.16837920399996,34.098694593000062],[-118.16786169799997,34.098180486000047],[-118.16733915499998,34.097671499000057],[-118.16681162599997,34.097167680000041],[-118.16627916399995,34.096669079000037],[-118.16574181899995,34.09617574400005],[-118.16519964299999,34.095687723000026],[-118.16465268999997,34.095205063000037],[-118.16410100999997,34.094727811000041],[-118.16354465999996,34.094256013000063],[-118.16298369199995,34.093789715000071],[-118.16241815999996,34.093328962000044],[-118.16184811899996,34.092873799000074],[-118.16127362599997,34.092424269000048],[-118.16069473499999,34.091980417000059],[-118.16011150299994,34.091542286000049],[-118.15952398599995,34.091109918000029],[-118.15893224099995,34.090683353000031],[-118.15833632499999,34.090262636000034],[-118.15773629499995,34.089847805000034],[-118.15713221099998,34.089438901000051],[-118.15652413199996,34.089035965000051],[-118.15591211499998,34.088639034000039],[-118.15529621899998,34.088248147000058],[-118.15467650599999,34.087863342000048],[-118.15405303399996,34.087484658000051],[-118.15342586499997,34.087112129000047],[-118.15279505899997,34.086745792000045],[-118.15216067599999,34.08638568300006],[-118.15152277999999,34.086031837000064],[-118.15088142999997,34.085684288000039],[-118.15023669099998,34.085343069000032],[-118.14958862299994,34.085008214000027],[-118.14893729099998,34.084679755000025],[-118.14828275599996,34.084357724000029],[-118.14762508299998,34.084042153000041],[-118.14696433599994,34.08373307200003],[-118.14630057599999,34.083430509000038],[-118.14563387099997,34.08313449700006],[-118.14496428499996,34.082845062000047],[-118.14429188099996,34.082562232000043],[-118.14361672499996,34.082286037000074],[-118.14293888399999,34.082016500000066],[-118.14225842099995,34.081753651000042],[-118.14157540399998,34.081497513000045],[-118.14088989799995,34.081248111000036],[-118.14020196999996,34.081005469000047],[-118.13951168799997,34.08076961200004],[-118.13881911599998,34.080540562000067],[-118.13812432399999,34.080318341000066],[-118.13742737599995,34.080102970000041],[-118.13672834299996,34.079894471000046],[-118.13602729099995,34.079692864000037],[-118.13532428799999,34.079498169000033],[-118.13461940299999,34.079310404000069],[-118.13391270299996,34.079129586000079],[-118.13320425799998,34.078955735000079],[-118.13249413499994,34.078788867000071],[-118.13178240399998,34.078628998000056],[-118.13106913399997,34.078476142000056],[-118.13035439299995,34.078330317000052],[-118.12963825099996,34.07819153500003],[-118.12892077899994,34.078059808000035],[-118.12820204299999,34.077935153000055],[-118.12748211599995,34.077817579000055],[-118.12676106599997,34.07770709700003],[-118.12603896299998,34.07760372000007],[-118.12531587699999,34.077507456000035],[-118.12459187899998,34.077418316000035],[-118.12386703899995,34.077336307000053],[-118.12314142599996,34.07726143800005],[-118.12241511199994,34.077193716000068],[-118.12168816499997,34.07713314700004],[-118.12096065799994,34.077079738000066],[-118.12023266099999,34.077033494000034],[-118.11950424299999,34.076994419000073],[-118.11877547599994,34.076962516000037],[-118.11804642899995,34.076937789000056],[-118.11731717499998,34.076920241000039],[-118.11658778499998,34.076909873000034],[-118.11585832599997,34.07690668500004],[-118.11512887299995,34.076910680000026],[-118.11439949199996,34.07692185500008],[-118.11367025899995,34.076940210000032],[-118.11294124099999,34.076965743000073],[-118.11221250899996,34.076998452000055],[-118.11148413599994,34.077038333000075],[-118.11075618899997,34.077085383000053],[-118.11002874199994,34.077139597000041],[-118.10930186299998,34.077200969000046],[-118.10857562299998,34.077269495000053],[-118.10785009399996,34.077345166000043],[-118.10712534499999,34.07742797700007],[-118.10640144499996,34.077517918000069],[-118.10567846699996,34.077614982000057],[-118.10495647899995,34.077719158000036],[-118.10423555199998,34.077830437000046],[-118.10351575499999,34.077948807000041],[-118.10279715799999,34.078074258000072],[-118.10207983099997,34.078206777000048],[-118.10136384399999,34.07834635100005],[-118.10064926399997,34.078492968000035],[-118.09993616399998,34.078646612000057],[-118.09922460999996,34.078807269000038],[-118.09851467199996,34.078974923000033],[-118.09780641999998,34.079149557000051],[-118.09709991999995,34.079331156000023],[-118.09639524299996,34.079519702000027],[-118.09569245599999,34.079715174000057],[-118.09499162799995,34.079917556000055],[-118.09429282499997,34.080126828000061],[-118.09359611699995,34.080342970000061],[-118.09290157099997,34.080565959000069],[-118.09220925299996,34.08079577500007],[-118.09151923099995,34.081032397000058],[-118.09083157299995,34.081275798000036],[-118.09014634399995,34.081525958000043],[-118.08946360999994,34.08178285200006],[-118.08878343799995,34.082046455000068],[-118.08810589599995,34.082316740000067],[-118.08743104599995,34.082593684000074],[-118.08675895599998,34.082877256000074],[-118.08608968899995,34.083167432000039],[-118.08542331199999,34.083464182000057],[-118.08475988899994,34.083767478000027],[-118.08409948299999,34.084077290000039],[-118.08344215899996,34.084393589000058],[-118.08278798099997,34.084716344000071],[-118.08213701299997,34.085045523000076],[-118.08148931599999,34.085381095000059],[-118.08084495399999,34.085723026000039],[-118.08020398999997,34.08607128500006],[-118.07956648499999,34.086425836000046],[-118.07893250199999,34.086786646000064],[-118.07830210099996,34.087153681000075],[-118.07767534399994,34.087526903000025],[-118.07705229099997,34.087906278000048],[-118.07643300399997,34.088291768000033],[-118.07581754199998,34.088683335000042],[-118.07520596399996,34.089080944000045],[-118.07459832999996,34.089484552000044],[-118.07399469899997,34.089894124000068],[-118.07339512999999,34.090309618000049],[-118.07279967899996,34.090730995000058],[-118.07220840599996,34.091158213000028],[-118.07162136799997,34.091591231000052],[-118.07103861999997,34.092030008000052],[-118.07046022099996,34.092474500000037],[-118.06988622499995,34.092924664000066],[-118.06931668899995,34.09338045800007],[-118.06875166599997,34.093841836000024],[-118.06819121499996,34.094308754000053],[-118.06763538599995,34.094781168000054],[-118.06708423599997,34.095259030000079],[-118.06653781599999,34.095742295000036],[-118.06599617999996,34.096230915000035],[-118.06545938099998,34.09672484400005],[-118.06492747099998,34.097224033000032],[-118.06440049999998,34.097728436000068],[-118.06387851999995,34.098238001000027],[-118.06336158299996,34.098752680000075],[-118.06284973799995,34.099272424000048],[-118.06234303299999,34.099797181000042],[-118.06184151999997,34.100326901000074],[-118.06134524399999,34.100861532000067],[-118.06085425699996,34.101401023000051],[-118.06036860499995,34.101945322000063],[-118.04393901099996,34.097028262000038],[-118.02567794499998,34.162037672000054],[-118.04349065199995,34.166732889000059]]]},"properties":{"OBJECTID":4,"bid":4,"zone_id":"D_EMT003","zone_name":"Class D - EMT","restrict":"Controlled Airspace","note":"Valid time: Jan 1, 2026-Dec 31, 2026, daily 8:00 AM-8:00 PM (GMT-8); You must have an airspace authorization from the FAA. Use LAANC. Prior to flight, the remote pilot in command must assess local airspace and any flight restrictions.","flight_cei":100,"height_met":30.48,"Area":184.88485064456532,"shape_":"面"}},{"type":"Feature","id":5,"geometry":{"type":"Polygon","coordinates":[[[-117.84844136499999,34.131492906000062],[-117.84790731399994,34.131887002000042],[-117.84737755499998,34.132286850000071],[-117.84685215199994,34.132692404000068],[-117.84633116399999,34.133103616000028],[-117.84581465299999,34.133520438000062],[-117.84530268099996,34.133942821000062],[-117.84479530499999,34.134370715000045],[-117.84429258699998,34.134804071000076],[-117.84379458399997,34.135242838000067],[-117.84330135599998,34.135686964000058],[-117.84281295799997,34.136136399000065],[-117.84232944999997,34.136591089000035],[-117.84185088599997,34.137050980000026],[-117.84137732299996,34.137516019000032],[-117.84090881699996,34.137986153000043],[-117.84044542299995,34.138461326000026],[-117.83998719499999,34.138941481000074],[-117.83953418399994,34.139426564000075],[-117.83908644599995,34.139916516000028],[-117.83864403299998,34.140411283000049],[-117.83820699599994,34.140910804000043],[-117.83777538599998,34.141415022000047],[-117.83734925399995,34.141923879000046],[-117.83692864899996,34.142437313000073],[-117.83651362099999,34.142955266000058],[-117.83610421899999,34.143477676000032],[-117.83570048899998,34.14400448300006],[-117.83530248099999,34.144535626000049],[-117.83491023899995,34.145071040000062],[-117.83452380899996,34.145610666000039],[-117.83414323799997,34.146154439000043],[-117.83376856899997,34.146702295000068],[-117.83339984699995,34.147254171000043],[-117.83303711399998,34.147810002000028],[-117.83268041299999,34.14836972300003],[-117.83232978499996,34.148933268000064],[-117.83198527199994,34.149500572000079],[-117.83164691399998,34.150071569000033],[-117.83131474999999,34.150646191000078],[-117.83098881999996,34.151224371000069],[-117.83066916199999,34.151806043000079],[-117.83035581099995,34.152391136000062],[-117.83004880599998,34.152979585000026],[-117.82974818199995,34.153571317000058],[-117.82945397499998,34.15416626800004],[-117.82916621899994,34.154764364000073],[-117.82888494799994,34.155365538000069],[-117.82861019299997,34.155969717000062],[-117.82834198799998,34.156576833000031],[-117.82808036499995,34.157186814000056],[-117.82782535199999,34.157799588000046],[-117.82757698099999,34.158415083000079],[-117.82733527999994,34.159033229000045],[-117.82710027899998,34.159653952000042],[-117.82687200199996,34.160277181000026],[-117.82665047999996,34.160902841000052],[-117.82643573599995,34.161530860000028],[-117.82622779499997,34.162161164000054],[-117.82602668199996,34.16279368000005],[-117.82583242099997,34.163428335000049],[-117.82564503599997,34.164065053000058],[-117.82546454499999,34.164703760000066],[-117.82529097199995,34.165344381000068],[-117.82512433699998,34.165986841000063],[-117.82496465899999,34.166631067000026],[-117.82481195799994,34.167276981000043],[-117.82466624999995,34.167924509000045],[-117.82452755299994,34.168573575000039],[-117.82439588099999,34.169224102000044],[-117.82427125399994,34.169876016000046],[-117.82415368299996,34.170529238000029],[-117.82404318199997,34.171183694000035],[-117.82393976499998,34.171839307000027],[-117.82384344399998,34.17249600100007],[-117.82375422999996,34.173153696000043],[-117.82367213299995,34.173812318000046],[-117.82359716399998,34.174471790000041],[-117.82352932899994,34.175132034000058],[-117.82346863899994,34.175792973000057],[-117.82341510099997,34.176454529000068],[-117.82336871799998,34.177116625000053],[-117.82332949799996,34.17777918400003],[-117.82329744499998,34.178442129000075],[-117.82327256299999,34.179105382000046],[-117.82325485499996,34.179768865000028],[-117.82324432199999,34.180432501000041],[-117.82324096699995,34.181096211000067],[-117.82324478999999,34.181759920000047],[-117.82325578799998,34.182423547000042],[-117.82327396299996,34.183087018000037],[-117.82329931099997,34.183750253000028],[-117.82333182999997,34.184413175000032],[-117.82337151599995,34.185075707000067],[-117.82341836399996,34.18573777000006],[-117.82347236899994,34.186399289000065],[-117.82353352399997,34.187060185000064],[-117.82360182199994,34.18772038000003],[-117.82367725499995,34.188379799000074],[-117.82375981499996,34.189038363000066],[-117.82384949199997,34.189695997000058],[-117.82394627499997,34.190352622000034],[-117.82405015199998,34.19100816200006],[-117.82416111199996,34.191662540000038],[-117.82427914299996,34.192315680000036],[-117.82440422899998,34.19296750500007],[-117.82453635699994,34.193617940000024],[-117.82467551099995,34.194266908000031],[-117.82482167399996,34.194914333000042],[-117.82497482999997,34.195560140000055],[-117.82513496099995,34.196204253000076],[-117.82530204799997,34.196846597000047],[-117.82547606999998,34.197487096000032],[-117.82565700999999,34.198125676000075],[-117.82584484299997,34.198762262000059],[-117.82603955099995,34.19939677900004],[-117.82624110799998,34.20002915300006],[-117.82644949099995,34.200659312000028],[-117.82666467699994,34.201287180000065],[-117.82688663999994,34.201912684000035],[-117.82711535399994,34.202535751000028],[-117.82735079199995,34.203156309000065],[-117.82759292799994,34.203774285000065],[-117.82784173199997,34.204389606000063],[-117.82809717499998,34.20500220100007],[-117.82835922799995,34.205611997000062],[-117.82862785999998,34.206218924000041],[-117.82890303799996,34.206822910000028],[-117.82918473299998,34.207423885000026],[-117.82947290899995,34.208021779000035],[-117.82976753499997,34.208616522000057],[-117.83006857399994,34.209208045000025],[-117.83037599299996,34.209796277000066],[-117.83068975399999,34.210381150000046],[-117.83100982199994,34.210962596000059],[-117.83133615899999,34.211540547000027],[-117.83166872699996,34.212114936000035],[-117.83200748599995,34.212685694000072],[-117.83235239799995,34.213252756000031],[-117.83270342199995,34.213816055000052],[-117.83306051599999,34.214375525000037],[-117.83342363999998,34.214931100000058],[-117.83379275099998,34.215482717000043],[-117.83416780399995,34.216030309000075],[-117.83454875699999,34.216573814000071],[-117.83493556599996,34.217113168000026],[-117.83532818499998,34.217648307000047],[-117.83572656699999,34.218179169000052],[-117.83613066699996,34.218705692000071],[-117.83654043599995,34.219227815000067],[-117.83695582799999,34.219745476000071],[-117.83737679399997,34.220258614000045],[-117.83780328399996,34.220767171000034],[-117.83823524799999,34.221271086000058],[-117.83867263599996,34.22177029900007],[-117.83911539799999,34.222264754000037],[-117.83956347999998,34.22275439200007],[-117.84001683099996,34.223239156000034],[-117.84047539699998,34.223718989000076],[-117.84093912499998,34.22419383600004],[-117.84140796199995,34.224663640000074],[-117.84188185099998,34.225128347000066],[-117.84236073799997,34.225587902000029],[-117.84284456699999,34.226042250000035],[-117.84333327999997,34.226491341000042],[-117.84382682099999,34.226935121000054],[-117.84432513199999,34.227373538000052],[-117.84482815499996,34.227806540000074],[-117.84533583099994,34.228234078000071],[-117.84584809999996,34.228656100000023],[-117.84636490299999,34.229072558000041],[-117.84688617999996,34.229483404000064],[-117.84741186899998,34.229888588000051],[-117.84794190899999,34.230288064000035],[-117.84847623699994,34.230681785000058],[-117.84901479299998,34.231069705000039],[-117.84955751099994,34.231451778000064],[-117.85010432899998,34.231827960000032],[-117.85065518399995,34.232198207000067],[-117.85121000899994,34.232562475000066],[-117.85176874099994,34.232920722000074],[-117.85233131599995,34.233272907000071],[-117.85289766499994,34.233618987000057],[-117.85346772299999,34.233958923000046],[-117.85404142499999,34.234292674000073],[-117.85461870199998,34.234620202000031],[-117.85519948699999,34.234941468000045],[-117.85578371199995,34.235256435000053],[-117.85637130899994,34.23556506500006],[-117.85696220899996,34.235867324000026],[-117.85755634399999,34.236163175000058],[-117.85815364299998,34.236452584000062],[-117.85875403599999,34.236735516000067],[-117.85935745299997,34.237011940000059],[-117.85996382499997,34.237281823000046],[-117.86057307999999,34.237545132000037],[-117.86118514599997,34.237801837000063],[-117.86179995299995,34.238051909000035],[-117.86241742799996,34.238295319000031],[-117.86303749899997,34.238532035000048],[-117.86366009399995,34.238762034000047],[-117.86428513999999,34.238985285000069],[-117.86491256199997,34.239201766000065],[-117.86554228899996,34.239411448000055],[-117.86617424699995,34.239614309000046],[-117.86680836299996,34.239810323000029],[-117.86744455899998,34.239999469000054],[-117.86808276499994,34.24018172500007],[-117.86872290399998,34.240357068000037],[-117.86936490099998,34.240525479000041],[-117.87000868299998,34.240686937000078],[-117.87065417299999,34.240841424000052],[-117.87130129499997,34.240988922000042],[-117.87194997399996,34.241129414000056],[-117.87260013499997,34.241262882000058],[-117.87325170199995,34.241389312000024],[-117.87390459699998,34.241508689000057],[-117.87455874499994,34.241620999000077],[-117.87521406899998,34.241726228000061],[-117.87587049399997,34.24182436500007],[-117.87652793999996,34.241915397000071],[-117.87718633299994,34.241999314000054],[-117.87784559499994,34.242076107000059],[-117.87850564899998,34.242145766000078],[-117.87916641699996,34.242208283000025],[-117.87982782299997,34.24226365100003],[-117.88048978799998,34.242311864000044],[-117.88115223599999,34.242352916000073],[-117.88181509099996,34.242386801000066],[-117.88247827099997,34.242413517000045],[-117.88314170299998,34.242433060000053],[-117.88380530699999,34.242445427000064],[-117.88446900599996,34.242450618000078],[-117.88513272199998,34.242448631000059],[-117.88579637799995,34.242439466000064],[-117.88645989599996,34.242423126000062],[-117.88712319799998,34.242399611000053],[-117.88778620799997,34.242368925000051],[-117.88844884699995,34.24233107200007],[-117.88911103799995,34.242286055000079],[-117.88977270299995,34.242233880000072],[-117.89043376599994,34.242174553000041],[-117.89109414799998,34.242108079000047],[-117.89175377199996,34.242034470000078],[-117.89241256299999,34.241953731000024],[-117.89307044099996,34.241865873000052],[-117.89372732999999,34.241770906000056],[-117.89438315499996,34.241668842000024],[-117.89503783799995,34.241559691000077],[-117.89569130199999,34.241443467000067],[-117.89634347099997,34.241320183000028],[-117.89699426799996,34.241189854000027],[-117.89764361899995,34.241052495000076],[-117.89829144599997,34.240908122000064],[-117.89893767399997,34.240756752000038],[-117.89958222699994,34.240598403000035],[-117.90022502999994,34.240433093000036],[-117.90086600699999,34.240260842000055],[-117.90150508499994,34.240081668000073],[-117.90214218799997,34.239895596000054],[-117.90277724099997,34.239702644000033],[-117.90341017099996,34.239502836000042],[-117.90404090299995,34.239296195000065],[-117.90466936299998,34.239082746000065],[-117.90529547899996,34.238862513000072],[-117.90591917699999,34.238635523000028],[-117.90654038299999,34.238401801000066],[-117.90715902599999,34.23816137600005],[-117.90777503199996,34.237914274000047],[-117.90838832999998,34.23766052600007],[-117.90899884799995,34.237400161000039],[-117.90960651599994,34.237133208000046],[-117.91021126199996,34.236859700000025],[-117.91081301399998,34.236579668000047],[-117.91141170199995,34.236293146000037],[-117.91200725699997,34.236000166000053],[-117.91259960999997,34.235700763000068],[-117.91318868899998,34.235394972000051],[-117.91377442799995,34.235082829000078],[-117.91435675699995,34.23476437000005],[-117.91493560799995,34.234439632000033],[-117.91551091399998,34.234108654000067],[-117.91608260599997,34.233771474000037],[-117.91665061899994,34.233428131000039],[-117.91721488699994,34.23307866600004],[-117.91777534199997,34.23272311900007],[-117.91833191899997,34.232361533000073],[-117.91888455399999,34.23199395000006],[-117.91943318199998,34.231620411000051],[-117.91997773799994,34.231240962000072],[-117.92051815899998,34.230855646000066],[-117.92105438199997,34.230464509000058],[-117.92158634299994,34.230067596000026],[-117.92211398199998,34.229664953000054],[-117.92263723599996,34.229256629000076],[-117.92315604199996,34.228842670000063],[-117.92367034299997,34.228423125000063],[-117.92418007699996,34.227998043000071],[-117.92468518399994,34.227567473000079],[-117.92518560599996,34.227131467000049],[-117.92568128199997,34.226690074000032],[-117.92617215699994,34.226243348000025],[-117.92665817299996,34.225791339000068],[-117.92713927299997,34.225334101000044],[-117.92761539999998,34.224871687000075],[-117.92808649799997,34.224404151000044],[-117.92855251299994,34.223931549000042],[-117.92901338999997,34.223453934000077],[-117.92946907499999,34.222971364000045],[-117.92991951599998,34.22248389400005],[-117.93036465799997,34.221991583000033],[-117.93080445099997,34.221494485000051],[-117.93123884299996,34.220992661000025],[-117.93166778199998,34.220486169000026],[-117.93209121999996,34.219975069000043],[-117.93250910499995,34.219459419000032],[-117.93292138999999,34.218939280000029],[-117.93332802599997,34.218414714000062],[-117.93372896699998,34.217885780000074],[-117.93412416299998,34.217352543000061],[-117.93451357099997,34.21681506200008],[-117.93489714299994,34.21627340200007],[-117.93527483499997,34.215727627000035],[-117.93564660399994,34.21517779800007],[-117.93601240399994,34.214623981000045],[-117.93637219599998,34.214066241000069],[-117.93672593399998,34.213504643000078],[-117.93707357899996,34.212939253000059],[-117.93741508899996,34.212370136000061],[-117.93775042499999,34.211797360000048],[-117.93807954899995,34.211220991000062],[-117.93840241799995,34.210641096000074],[-117.93871899999999,34.210057744000039],[-117.93902925399999,34.209471002000043],[-117.93933314499998,34.208880941000075],[-117.93963063799998,34.208287626000072],[-117.93992169699999,34.207691131000047],[-117.94020628799996,34.207091521000052],[-117.94048437999999,34.206488871000033],[-117.94075593699995,34.205883247000031],[-117.94102092999998,34.20527472200007],[-117.94127932699996,34.204663369000059],[-117.94153109799998,34.204049255000029],[-117.94177621299997,34.20343245600003],[-117.94201464399998,34.202813042000059],[-117.94224636299998,34.202191085000038],[-117.94247134199998,34.201566660000026],[-117.94268955499996,34.200939838000068],[-117.94290097899994,34.200310692000073],[-117.94310558599994,34.199679298000035],[-117.94330335299998,34.199045727000055],[-117.94349425699994,34.198410055000068],[-117.94367827599996,34.19777235600003],[-117.94385538899996,34.197132705000058],[-117.94402557399997,34.196491175000062],[-117.94418881199999,34.195847843000024],[-117.94434508299997,34.19520278300007],[-117.94449436999997,34.194556071000079],[-117.94463665399996,34.193907782000053],[-117.94477191899995,34.193257992000042],[-117.94490015099996,34.192606778000027],[-117.94502133199995,34.191954216000056],[-117.94513544999995,34.191300381000076],[-117.94524248999994,34.190645349000079],[-117.94534244099998,34.189989199000024],[-117.94543529099997,34.189332007000075],[-117.94552102899996,34.188673848000064],[-117.94559964399997,34.188014801000065],[-117.94567112799996,34.187354943000059],[-117.94573547199997,34.186694350000039],[-117.94579266799997,34.186033100000031],[-117.94584271199994,34.185371270000076],[-117.94588559499999,34.184708937000039],[-117.94592131299999,34.184046180000053],[-117.94594986299995,34.183383075000052],[-117.94597123899996,34.182719701000053],[-117.94598544099995,34.18205613300006],[-117.94599246699994,34.181392451000079],[-117.94599231499996,34.180728732000034],[-117.94598498599998,34.180065053000078],[-117.94597047999997,34.179401492000068],[-117.94594879999994,34.178738127000031],[-117.94591994699999,34.178075036000052],[-117.94588392599996,34.177412295000067],[-117.94584073999999,34.176749983000036],[-117.94579039399997,34.176088176000064],[-117.94573289499999,34.175426951000077],[-117.94566824799995,34.17476638800008],[-117.94559646199997,34.174106562000077],[-117.94551754499997,34.173447551000038],[-117.94543150599998,34.172789432000059],[-117.94533835599998,34.172132282000064],[-117.94523810499999,34.171476178000034],[-117.94513076499999,34.170821196000077],[-117.94501634799997,34.170167413000058],[-117.94489486799995,34.169514906000074],[-117.94476633899995,34.16886375100006],[-117.94463077599994,34.168214023000075],[-117.94448819399997,34.167565799000045],[-117.94433861199997,34.166919156000063],[-117.94418204599998,34.16627416700004],[-117.94401851299995,34.165630910000061],[-117.94384803499997,34.164989458000036],[-117.94367062899994,34.164349887000071],[-117.94348631899999,34.163712272000055],[-117.94329512299998,34.163076688000046],[-117.94309706599995,34.16244320800007],[-117.94289216999999,34.161811908000061],[-117.94268046099995,34.161182859000064],[-117.94246195899996,34.160556137000071],[-117.94223669499996,34.159931814000061],[-117.94200469199995,34.159309964000045],[-117.94176597699999,34.158690659000058],[-117.94152057999997,34.158073972000068],[-117.94126852699998,34.157459974000062],[-117.94100985099999,34.156848738000065],[-117.94074457999994,34.156240335000064],[-117.94047274499997,34.155634836000047],[-117.94019437799994,34.15503231200006],[-117.93990951199999,34.154432834000033],[-117.93961817999997,34.153836470000044],[-117.93932041499994,34.15324329300006],[-117.93901625499996,34.152653369000063],[-117.93870573199996,34.152066770000033],[-117.93838888399995,34.151483563000056],[-117.93806574799999,34.150903817000028],[-117.93773636299994,34.150327598000047],[-117.93740076399996,34.149754975000064],[-117.93705899299999,34.149186015000055],[-117.93671108999996,34.148620783000069],[-117.93635709399996,34.148059347000071],[-117.93599704799999,34.147501772000055],[-117.93563099499994,34.146948123000072],[-117.93525897399996,34.146398465000061],[-117.93488103099997,34.145852861000037],[-117.93449721199994,34.145311377000041],[-117.93410755899998,34.144774075000043],[-117.93371211799996,34.144241018000059],[-117.93331093599994,34.143712268000058],[-117.93290405899995,34.143187888000057],[-117.93249153699998,34.142667937000056],[-117.93207341499999,34.14215247900006],[-117.93164974299998,34.141641572000026],[-117.93122057299996,34.141135277000046],[-117.93078595199995,34.140633652000076],[-117.93034593099998,34.140136756000061],[-117.92990056399998,34.139644647000068],[-117.92944989999995,34.139157384000043],[-117.92899399399994,34.138675022000029],[-117.92853289899995,34.138197619000039],[-117.92806666699994,34.137725230000058],[-117.92759535499999,34.137257909000027],[-117.92711901599995,34.136795714000073],[-117.92663770799999,34.136338696000053],[-117.92615148599998,34.135886910000067],[-117.92566040699995,34.135440408000079],[-117.92516452699999,34.134999242000049],[-117.92466390599998,34.134563465000042],[-117.92415860199998,34.134133126000052],[-117.92364867399999,34.133708277000039],[-117.92313418199996,34.133288968000045],[-117.92261518499998,34.132875246000026],[-117.92209174499999,34.132467161000079],[-117.92156392299995,34.132064760000048],[-117.92103177899997,34.131668090000062],[-117.92049537799994,34.131277198000078],[-117.91995477999996,34.130892130000063],[-117.91941004999995,34.130512930000066],[-117.91886125099995,34.130139642000074],[-117.91830844899999,34.129772311000067],[-117.91775170599999,34.129410980000046],[-117.91719108799998,34.129055691000076],[-117.91662666099995,34.128706484000077],[-117.91449586899995,34.105267790000028],[-117.84631057399997,34.114446583000074],[-117.84844136499999,34.131492906000062]]]},"properties":{"OBJECTID":5,"bid":5,"zone_id":"D_POC003","zone_name":"Class D - POC","restrict":"Controlled Airspace","note":"Valid time: Jan 1, 2026-Dec 31, 2026, daily 7:00 AM-9:00 PM (GMT-8); You must have an airspace authorization from the FAA. Use LAANC. Prior to flight, the remote pilot in command must assess local airspace and any flight restrictions.","flight_cei":100,"height_met":30.48,"Area":130.27774047737344,"shape_":"面"}},{"type":"Feature","id":6,"geometry":{"type":"Polygon","coordinates":[[[-118.45402014299998,34.120059266000055],[-118.46499075499997,34.106886220000035],[-118.46568787699999,34.10711716600008],[-118.46638721599999,34.107341310000038],[-118.46708870499998,34.107558633000053],[-118.46779227799999,34.107769113000074],[-118.46849786699994,34.107972730000029],[-118.46920540599996,34.10816946500006],[-118.46991482799996,34.108359300000075],[-118.47062606399999,34.108542216000046],[-118.47133904899999,34.108718196000041],[-118.47205371399997,34.108887222000078],[-118.47276999199994,34.109049281000068],[-118.47348781399995,34.109204355000031],[-118.47420711099994,34.109352430000058],[-118.47492781699998,34.109493491000023],[-118.47564986399999,34.109627527000043],[-118.47637317999994,34.109754524000039],[-118.47709770099999,34.109874470000079],[-118.47782335399995,34.109987353000065],[-118.47855007299995,34.110093163000045],[-118.47927778799999,34.110191889000077],[-118.48000642999995,34.110283523000078],[-118.48073593099997,34.110368057000073],[-118.48146621899997,34.110445481000056],[-118.48219722699997,34.110515787000054],[-118.48292888599997,34.110578972000042],[-118.48366112499997,34.110635025000079],[-118.48439387499997,34.110683945000062],[-118.48512706599996,34.110725725000066],[-118.48586063099998,34.110760363000054],[-118.48659449799999,34.11078785400008],[-118.48732859699999,34.11080819600005],[-118.48806285999996,34.110821386000055],[-118.48879721599997,34.110827424000036],[-118.48953159699994,34.11082631000005],[-118.49026593199994,34.110818043000052],[-118.49100015099998,34.11080262400003],[-118.49173418599997,34.110780054000031],[-118.49246796499995,34.110750336000024],[-118.49320142099998,34.110713472000043],[-118.49393448299998,34.110669466000047],[-118.49466708199998,34.11061832200005],[-118.49539914699994,34.110560046000046],[-118.49613060999997,34.110494641000059],[-118.49686140199998,34.110422117000041],[-118.49759145099995,34.110342476000028],[-118.49832069199999,34.110255729000073],[-118.49904905199998,34.110161884000036],[-118.49977646399998,34.110060949000058],[-118.50050285899999,34.109952933000045],[-118.50122816699997,34.10983784900003],[-118.50195231799995,34.109715704000052],[-118.50267524699996,34.109586513000067],[-118.50339688299999,34.109450286000026],[-118.50411715799999,34.109307037000065],[-118.50483600299998,34.109156779000045],[-118.50555335199999,34.108999527000037],[-118.50626913299999,34.108835296000052],[-118.50698328199996,34.108664100000055],[-118.50769572899998,34.108485958000074],[-118.50840640699994,34.108300883000027],[-118.50911524999998,34.108108897000079],[-118.50982218799999,34.107910015000073],[-118.51052715599997,34.10770425700008],[-118.51123008599996,34.10749164200007],[-118.51193091199997,34.10727219100005],[-118.51262956799997,34.107045925000079],[-118.51332598699997,34.106812864000062],[-118.51402010199996,34.106573032000028],[-118.51471184799999,34.10632645000004],[-118.51540116099994,34.106073142000071],[-118.51608797299997,34.105813133000026],[-118.51677221999995,34.105546446000062],[-118.51745383699995,34.105273107000073],[-118.51813275999996,34.104993142000069],[-118.51880892399998,34.104706579000037],[-118.51948226299999,34.104413442000066],[-118.52015271699997,34.104113761000065],[-118.52082021899997,34.103807565000068],[-118.52148470899999,34.103494882000064],[-118.52214611999995,34.10317574100003],[-118.52280439199995,34.102850173000036],[-118.52345946099996,34.102518210000028],[-118.52411126599998,34.10217988100004],[-118.52475974499998,34.101835221000044],[-118.52540483599995,34.101484260000063],[-118.52604647799996,34.101127032000079],[-118.52668461099995,34.100763573000052],[-118.52731917399996,34.100393915000041],[-118.52795010499995,34.100018094000063],[-118.52857734699995,34.09963614600008],[-118.52920083699996,34.099248107000051],[-118.52982051999999,34.09885401300005],[-118.53043633399994,34.098453902000074],[-118.53104822199998,34.098047812000061],[-118.53165612699996,34.097635782000054],[-118.53225998799996,34.09721785000005],[-118.53285975099999,34.096794057000068],[-118.53345535699998,34.096364442000038],[-118.53404675099995,34.095929046000037],[-118.53463387499994,34.095487910000031],[-118.53521667599995,34.095041078000065],[-118.53579509599996,34.094588590000058],[-118.53636908299995,34.094130489000065],[-118.53693857999997,34.093666820000067],[-118.53750353399994,34.093197626000062],[-118.53806389099998,34.092722952000031],[-118.53861959799997,34.092242841000029],[-118.53917060199996,34.091757342000051],[-118.53971685199997,34.091266498000039],[-118.54025829599999,34.090770358000043],[-118.54079488099995,34.090268967000043],[-118.54132655699999,34.089762374000031],[-118.54185327399995,34.089250627000069],[-118.54237498099997,34.088733773000058],[-118.54289162899994,34.088211863000026],[-118.54340316999998,34.087684945000035],[-118.54390955399998,34.087153070000056],[-118.54441073299995,34.086616288000073],[-118.54490666199996,34.086074650000057],[-118.54539728999998,34.085528207000038],[-118.54588257399996,34.084977012000024],[-118.54636246499996,34.084421116000044],[-118.54683691899999,34.083860572000049],[-118.54730589099995,34.083295435000025],[-118.54776933699998,34.08272575500007],[-118.54822721199997,34.082151589000034],[-118.54867947199995,34.08157299100003],[-118.54912607599999,34.080990015000054],[-118.54956698099994,34.080402717000027],[-118.55000214399996,34.079811151000058],[-118.55043152399998,34.079215377000025],[-118.55085508299999,34.07861544800005],[-118.55127277699995,34.078011421000042],[-118.55168456899997,34.077403355000058],[-118.55209041699999,34.076791308000054],[-118.55249028699996,34.076175336000063],[-118.55288413699998,34.075555499000075],[-118.55327193199997,34.074931856000035],[-118.55365363299995,34.074304465000068],[-118.55402920599994,34.073673385000063],[-118.55439861399998,34.073038678000046],[-118.55476182299998,34.072400402000028],[-118.55511879799997,34.071758620000026],[-118.55546950499996,34.07111339100004],[-118.55581391199996,34.070464776000051],[-118.55615198399994,34.069812839000065],[-118.55648368999999,34.069157638000036],[-118.55680899899994,34.068499239000062],[-118.55712787999994,34.067837702000077],[-118.55744030199997,34.06717309000004],[-118.55774623599996,34.066505468000059],[-118.55804565299997,34.065834897000059],[-118.55833852499995,34.065161442000033],[-118.55862482399999,34.064485166000054],[-118.55890452099999,34.063806133000071],[-118.55917759199997,34.063124408000078],[-118.55944400999999,34.062440056000071],[-118.55970374899999,34.061753142000043],[-118.55995678599999,34.061063730000058],[-118.56020309599995,34.060371887000031],[-118.56044265599996,34.059677677000025],[-118.56067544299998,34.05898116700007],[-118.56090143499995,34.058282422000048],[-118.56112061099998,34.057581510000034],[-118.56133294899996,34.056878497000071],[-118.56153842999998,34.056173448000038],[-118.56173703399998,34.05546643100007],[-118.56192874299995,34.054757514000073],[-118.56211353699996,34.054046763000031],[-118.56229139999999,34.053334246000077],[-118.56246231499995,34.052620030000071],[-118.56262626499995,34.051904183000033],[-118.56278323499998,34.05118677400003],[-118.56293320999998,34.050467869000045],[-118.56307617599998,34.049747538000076],[-118.56321211899996,34.049025849000031],[-118.56334102599999,34.048302870000043],[-118.56346288599997,34.047578669000075],[-118.56357768599997,34.046853317000057],[-118.56368541599994,34.046126880000031],[-118.56378606499999,34.045399428000053],[-118.56387962499997,34.044671031000064],[-118.56396608499995,34.043941757000027],[-118.56404543899998,34.043211675000066],[-118.56411767599997,34.042480856000054],[-118.56418279399998,34.041749367000079],[-118.56424078199996,34.041017278000027],[-118.56429163799999,34.040284659000065],[-118.56433535499997,34.039551581000069],[-118.56437193099998,34.038818111000069],[-118.56440136099997,34.038084319000063],[-118.56442364199995,34.037350276000041],[-118.56443877299995,34.036616051000067],[-118.56444675199998,34.035881713000038],[-118.56444757799994,34.035147331000076],[-118.56444125199999,34.034412978000034],[-118.56442777099994,34.033678720000069],[-118.56440714199999,34.032944628000052],[-118.56437936299994,34.032210772000042],[-118.56434443699999,34.031477222000035],[-118.56430236899996,34.030744046000052],[-118.56425315999996,34.030011315000024],[-118.56419681799997,34.029279099000064],[-118.56413334799998,34.028547465000031],[-118.56406275299997,34.027816485000073],[-118.56398504199996,34.027086226000051],[-118.56390022299996,34.026356760000056],[-118.56380830299997,34.02562815400006],[-118.56370928999996,34.024900477000074],[-118.56360319399994,34.024173801000074],[-118.56349002499996,34.023448191000057],[-118.56336979499997,34.022723718000066],[-118.56324251499996,34.022000452000043],[-118.56310819499998,34.02127845800004],[-118.56296684899996,34.020557807000046],[-118.56281849199996,34.019838568000068],[-118.56266313599997,34.019120807000036],[-118.56250079599999,34.018404593000071],[-118.56233148899997,34.017689994000079],[-118.56215522899998,34.016977079000071],[-118.56197203399995,34.01626591400003],[-118.56178192099998,34.015556567000033],[-118.56158490699994,34.014849105000053],[-118.56138101199997,34.014143596000054],[-118.56117025599997,34.013440106000076],[-118.56095265799996,34.012738703000025],[-118.56072823799997,34.012039453000057],[-118.56049701899997,34.011342421000052],[-118.56025902099998,34.010647673000051],[-118.56001426799997,34.009955278000064],[-118.55976278199995,34.009265299000049],[-118.55950458799998,34.008577802000048],[-118.55923970999999,34.007892853000044],[-118.55896817299998,34.007210516000043],[-118.48712286399996,33.972310520000065],[-118.47119466699996,33.98600674100004],[-118.47065245299996,33.98615069300007],[-118.47011209299995,33.986301449000052],[-118.46957366999999,33.986458987000049],[-118.46903727099999,33.98662328100005],[-118.46850297999998,33.986794306000036],[-118.46797088099999,33.986972034000075],[-118.46744105799996,33.987156437000067],[-118.46691359499999,33.987347486000033],[-118.46638857499994,33.987545151000063],[-118.46586608199999,33.987749402000077],[-118.46534619799996,33.987960204000046],[-118.46482900599995,33.988177525000026],[-118.46431458599994,33.988401331000034],[-118.46380301999994,33.988631587000043],[-118.46329438999999,33.988868254000067],[-118.46278877399999,33.989111299000058],[-118.46228625499998,33.989360680000061],[-118.46178690999994,33.989616359000024],[-118.46129081899994,33.98987829400005],[-118.46079805999995,33.990146447000029],[-118.46030871099998,33.99042077200005],[-118.45982284999997,33.990701228000034],[-118.45934055199996,33.990987769000071],[-118.45886189499998,33.991280352000047],[-118.45838695399999,33.991578928000024],[-118.45791580399998,33.991883452000025],[-118.45744851999996,33.992193874000066],[-118.45698517499994,33.992510148000065],[-118.45652584299995,33.992832220000025],[-118.45607059599996,33.993160042000056],[-118.45561950599995,33.993493560000047],[-118.45517264399996,33.993832724000072],[-118.45473008199997,33.99417747800004],[-118.45429188899999,33.994527768000069],[-118.45385813299998,33.994883541000036],[-118.45342888599998,33.995244738000054],[-118.45300421299999,33.995611302000043],[-118.45258418099996,33.995983177000028],[-118.45216885799999,33.996360301000038],[-118.45175830799997,33.996742618000042],[-118.45135259799997,33.997130066000068],[-118.45095178999998,33.997522584000023],[-118.45055594899998,33.997920109000063],[-118.45016513599995,33.998322579000046],[-118.44977941399998,33.998729931000071],[-118.44939884299998,33.999142099000039],[-118.44902348399995,33.99955901900006],[-118.44865339599994,33.999980625000035],[-118.44828863699996,34.000406851000037],[-118.44792926599996,34.000837628000056],[-118.44757533799998,34.001272889000063],[-118.44722691099997,34.001712565000048],[-118.44688403699996,34.002156587000059],[-118.44654677399996,34.00260488400005],[-118.44621517299998,34.003057385000034],[-118.44588928599995,34.003514019000079],[-118.44556916599998,34.003974715000027],[-118.44525486399999,34.004439399000034],[-118.44494642699999,34.004907996000043],[-118.44464390599995,34.005380434000074],[-118.44434734799995,34.005856638000068],[-118.44405679999994,34.006336533000024],[-118.44377230799995,34.006820042000072],[-118.44349391799994,34.00730709000004],[-118.44322167099995,34.007797599000071],[-118.44295561299998,34.008291492000069],[-118.44269578599994,34.008788690000074],[-118.44244222899999,34.009289115000058],[-118.44219498199999,34.00979269000004],[-118.44195408699994,34.010299331000056],[-118.44171957899999,34.010808962000056],[-118.44149149799995,34.011321500000065],[-118.44126987699997,34.011836865000078],[-118.44105475299995,34.01235497600004],[-118.44084615899999,34.012875750000035],[-118.44064412899996,34.013399105000076],[-118.44044869399994,34.013924958000075],[-118.44025988499999,34.014453228000036],[-118.44007773299995,34.014983829000073],[-118.43990226499994,34.01551667800004],[-118.43973350999994,34.01605169000004],[-118.43957149399995,34.016588782000042],[-118.43941624399997,34.017127869000035],[-118.43926778099996,34.017668864000029],[-118.43912613299995,34.018211683000061],[-118.43899131899997,34.018756240000073],[-118.43886336199995,34.019302449000065],[-118.43874228199996,34.019850223000049],[-118.43862809799998,34.020399475000033],[-118.42472896899994,34.021921279000026],[-118.41973696999997,34.008441600000026],[-118.41894611899994,34.00680470900005],[-118.41864449399998,34.007435949000069],[-118.41834935099996,34.008070245000056],[-118.41806072499998,34.008707533000063],[-118.41777864299996,34.009347744000024],[-118.41750313599999,34.00999081100008],[-118.41723423199994,34.010636669000064],[-118.41697196099994,34.011285247000046],[-118.41671634799997,34.011936478000052],[-118.41646742099999,34.012590296000042],[-118.41622520799996,34.013246629000037],[-118.41598973199996,34.013905409000074],[-118.41576101699997,34.014566567000031],[-118.41553908999998,34.015230034000069],[-118.41532397199995,34.015895741000065],[-118.41511568699997,34.016563616000042],[-118.41491425599997,34.017233591000036],[-118.41471969999998,34.017905595000059],[-118.41453204099997,34.018579556000077],[-118.41435129599995,34.019255405000024],[-118.41417748599997,34.019933071000025],[-118.41401062999995,34.020612482000047],[-118.41385074299995,34.021293567000043],[-118.41369784299997,34.021976254000037],[-118.41355194599998,34.022660472000041],[-118.41341306699996,34.023346149000076],[-118.41328122199997,34.024033214000042],[-118.41315642399996,34.024721593000038],[-118.41303868499995,34.025411215000076],[-118.41292801899999,34.026102007000077],[-118.41282443599999,34.026793896000072],[-118.41272794899999,34.027486811000074],[-118.41263856599994,34.028180678000069],[-118.41255629699998,34.028875424000034],[-118.41248115099995,34.029570977000049],[-118.41241313699999,34.030267263000042],[-118.41235225999998,34.030964210000036],[-118.41229852799995,34.031661744000075],[-118.41225194499998,34.032359792000079],[-118.41221251899998,34.033058280000034],[-118.41218024999995,34.033757136000077],[-118.41215514399994,34.034456285000033],[-118.41213720299999,34.035155656000029],[-118.41212642899995,34.035855172000026],[-118.41212282299995,34.036554763000026],[-118.41212638499997,34.037254355000073],[-118.41213711599994,34.037953873000049],[-118.41215501299996,34.038653244000045],[-118.41218007599997,34.039352395000037],[-118.41221229999996,34.040051253000058],[-118.41225168499994,34.040749744000038],[-118.41229822299999,34.041447794000078],[-118.41235191299995,34.042145331000029],[-118.41241274599997,34.042842282000038],[-118.41248071799998,34.043538573000035],[-118.41255581999997,34.044234130000063],[-118.41263804499999,34.044928881000033],[-118.41272738499998,34.045622754000078],[-118.41282382999998,34.046315675000073],[-118.41292736899999,34.047007571000051],[-118.41303799199994,34.047698370000035],[-118.41315568799996,34.048387998000067],[-118.41328044399995,34.049076385000035],[-118.41341224599995,34.049763458000029],[-118.41355108199997,34.050449144000027],[-118.41369693699994,34.051133371000049],[-118.41384979399999,34.051816068000051],[-118.41400963899997,34.052497163000055],[-118.41417645399997,34.053176585000074],[-118.41435022199994,34.053854261000026],[-118.41453092399996,34.054530121000028],[-118.41471854199995,34.055204094000032],[-118.41491305599999,34.055876110000042],[-118.41511444499997,34.05654609700008],[-118.41532268799995,34.057213986000079],[-118.41553776499995,34.057879705000062],[-118.41575965099997,34.058543187000055],[-118.41598832399995,34.059204360000024],[-118.41622375999998,34.059863154000027],[-118.41646593299998,34.060519502000034],[-118.41671481799995,34.061173334000046],[-118.41697038999996,34.061824582000042],[-118.41723262199997,34.062473176000026],[-118.41750148599999,34.063119051000058],[-118.41777695299999,34.063762135000047],[-118.41805899499997,34.064402364000046],[-118.41834758199997,34.065039669000043],[-118.41864268399996,34.065673984000057],[-118.41894426999994,34.066305241000066],[-118.41925230799995,34.066933376000065],[-118.41956676699999,34.067558321000035],[-118.41988761199997,34.068180012000028],[-118.40884947299998,34.081101129000047],[-118.45402014299998,34.120059266000055]]]},"properties":{"OBJECTID":6,"bid":6,"zone_id":"D_SMO003","zone_name":"Class D - SMO","restrict":"Controlled Airspace","note":"Valid time: Jan 1, 2026-Dec 31, 2026, daily 7:00 AM-9:00 PM (GMT-8); You must have an airspace authorization from the FAA. Use LAANC. Prior to flight, the remote pilot in command must assess local airspace and any flight restrictions.","flight_cei":200,"height_met":60.960000000000001,"Area":161.63860519684249,"shape_":"面"}},{"type":"Feature","id":7,"geometry":{"type":"Polygon","coordinates":[[[-118.30430367399998,34.058038728000042],[-118.40616297699995,33.98620965200007],[-118.48684885899996,33.976776421000068],[-118.57025045199998,34.017833101000065],[-118.75830805599998,33.98803579500003],[-118.54133232599997,33.736041639000064],[-118.45541513699999,33.751522218000048],[-118.46085858099997,33.940592102000039],[-118.27418415299996,33.959551740000052],[-118.30430367399998,34.058038728000042]]]},"properties":{"OBJECTID":7,"bid":7,"zone_id":"D_LAX007","zone_name":"Class B - LAX","restrict":"Controlled Airspace","note":"You must have an airspace authorization from the FAA. Use LAANC. Prior to flight, the remote pilot in command must assess local airspace and any flight restrictions.","flight_cei":0,"height_met":0,"Area":633.26080641696683,"shape_":"面"}},{"type":"Feature","id":8,"geometry":{"type":"Polygon","coordinates":[[[-118.19133683399997,33.927066834000073],[-118.19210066499994,33.927063247000035],[-118.19286442799995,33.927052488000072],[-118.19362805699996,33.927034554000045],[-118.19439148299995,33.927009450000071],[-118.19515464099999,33.926977177000026],[-118.19591746099996,33.926937738000049],[-118.19667987699995,33.926891136000052],[-118.19744182299996,33.926837376000037],[-118.19820322799995,33.926776463000067],[-118.19896402999996,33.926708401000042],[-118.19972415799998,33.926633197000058],[-118.20048354599999,33.926550858000041],[-118.20124212799999,33.926461389000053],[-118.20199983499998,33.926364801000034],[-118.20275660199997,33.926261100000033],[-118.20351236199997,33.926150297000049],[-118.20426704799996,33.926032401000043],[-118.20502059399996,33.92590742200008],[-118.20577293199995,33.925775371000043],[-118.20652399699998,33.925636261000079],[-118.20727372199997,33.925490102000026],[-118.20802204099999,33.925336909000066],[-118.20876888999999,33.925176695000061],[-118.20951419999994,33.925009473000046],[-118.21025790699997,33.924835259000076],[-118.21099994499997,33.924654069000042],[-118.21174024799996,33.924465917000077],[-118.21247875199998,33.92427082100005],[-118.21321539099995,33.924068797000075],[-118.21395009999998,33.923859864000065],[-118.21468281399996,33.923644039000067],[-118.21541346899994,33.92342134300003],[-118.21614199999999,33.923191795000037],[-118.21686834399998,33.922955415000047],[-118.21759243499997,33.922712223000076],[-118.21831420999996,33.922462241000062],[-118.21903360599998,33.922205492000046],[-118.21975055899998,33.921941998000079],[-118.22046500499999,33.921671781000043],[-118.22117688199995,33.92139486800005],[-118.22188612699995,33.921111280000048],[-118.22259267799996,33.920821044000036],[-118.22329647099997,33.920524184000044],[-118.22399744499995,33.920220728000061],[-118.22469553799999,33.919910703000028],[-118.22539068899999,33.919594134000079],[-118.22608283699998,33.919271051000067],[-118.22677191899999,33.918941481000047],[-118.22745787499997,33.918605454000044],[-118.22814064599999,33.918263000000024],[-118.22882016999995,33.917914149000069],[-118.22949638699998,33.917558930000041],[-118.23016923899996,33.917197377000036],[-118.23083866599995,33.916829520000078],[-118.23150460799997,33.916455393000035],[-118.23216700699999,33.916075027000034],[-118.23282580499995,33.915688458000034],[-118.23348094199997,33.915295717000049],[-118.23413236299996,33.914896842000076],[-118.23478000799997,33.914491866000049],[-118.23542382099998,33.914080825000042],[-118.23606374599996,33.913663756000062],[-118.23669972699997,33.913240696000059],[-118.23733170399998,33.912811681000051],[-118.23795962599996,33.912376749000032],[-118.23858343499995,33.911935940000035],[-118.23920307499998,33.911489291000066],[-118.23981849399996,33.911036843000034],[-118.24042963699998,33.910578634000046],[-118.24103644899998,33.910114706000059],[-118.24163887699996,33.909645099000045],[-118.24223686899995,33.909169855000073],[-118.24283037099997,33.908689016000039],[-118.24341932999999,33.908202625000058],[-118.24400369599999,33.907710723000037],[-118.24458341599995,33.907213355000067],[-118.24515843899997,33.906710564000036],[-118.24572871499998,33.906202394000047],[-118.24629419199999,33.905688891000068],[-118.24685482299998,33.905170101000067],[-118.24741055599998,33.904646068000034],[-118.24796134299999,33.904116837000061],[-118.24850713499995,33.903582459000063],[-118.24904788599997,33.903042977000041],[-118.24958354399996,33.902498441000034],[-118.25011406499999,33.901948898000057],[-118.25063940199999,33.901394396000057],[-118.25115950799994,33.900834986000064],[-118.25167433699994,33.900270715000033],[-118.25218384299995,33.899701634000053],[-118.25268798399998,33.899127793000048],[-118.25318671099996,33.898549242000058],[-118.25367998399997,33.897966033000046],[-118.25416775599996,33.897378218000028],[-118.25464998799998,33.896785846000057],[-118.25512663499995,33.896188972000061],[-118.25559765399998,33.89558764800006],[-118.25606300599998,33.894981926000071],[-118.25652264799999,33.894371862000071],[-118.25697653999998,33.893757506000043],[-118.25742464199999,33.893138916000055],[-118.25786691499997,33.892516144000069],[-118.25830331999998,33.891889245000073],[-118.25873381699995,33.89125827600003],[-118.25915836999997,33.890623291000054],[-118.25957694099998,33.889984348000041],[-118.25998949099994,33.889341500000057],[-118.26039598699998,33.888694808000025],[-118.26079638999994,33.888044326000056],[-118.26119066799998,33.887390111000059],[-118.26157878299995,33.88673222400007],[-118.26196070299994,33.886070719000031],[-118.26233639199995,33.885405658000025],[-118.26270581999995,33.884737097000027],[-118.26306895299996,33.884065096000029],[-118.26342575699999,33.883389713000042],[-118.26377620299996,33.882711011000026],[-118.26412025999997,33.882029046000071],[-118.26445789599995,33.881343880000031],[-118.26478908199999,33.88065557300007],[-118.26511378899994,33.879964187000041],[-118.26543198999997,33.879269781000062],[-118.26574365299996,33.878572418000033],[-118.26604875499999,33.87787215700007],[-118.26634726499998,33.877169064000043],[-118.26663915999995,33.876463196000032],[-118.26692441199998,33.875754619000077],[-118.26720299599998,33.875043394000045],[-118.26747488899997,33.874329584000066],[-118.26774006499994,33.873613252000041],[-118.26799850299994,33.872894462000033],[-118.26825017899995,33.87217327500008],[-118.26849506999997,33.871449756000061],[-118.26873315499995,33.870723970000029],[-118.26896441299999,33.869995980000056],[-118.26918882399997,33.869265850000033],[-118.26940636799998,33.868533644000024],[-118.26961702499995,33.867799428000069],[-118.26982077799994,33.86706326500007],[-118.27001760799999,33.866325221000068],[-118.27020749699994,33.865585362000047],[-118.27039042999996,33.864843751000024],[-118.27056638899995,33.864100456000074],[-118.27073535999995,33.863355540000043],[-118.27089732699994,33.862609071000065],[-118.27105227699997,33.861861113000032],[-118.27120019499995,33.86111173200004],[-118.27134106899996,33.860360996000054],[-118.27147488499998,33.859608970000068],[-118.27160163299999,33.858855720000065],[-118.27172130099996,33.858101313000077],[-118.27183387799994,33.857345816000077],[-118.27193935499997,33.856589294000059],[-118.27203772199999,33.855831815000045],[-118.27212897099997,33.855073446000063],[-118.27221309399999,33.854314253000041],[-118.27229008099999,33.853554303000067],[-118.27235992999999,33.852793665000036],[-118.27242262999999,33.852032402000077],[-118.27247817899996,33.851270586000055],[-118.27252657099996,33.850508281000032],[-118.27256779999999,33.849745556000073],[-118.27260186599995,33.84898247600006],[-118.27262876099996,33.848219111000049],[-118.27264848799996,33.847455526000033],[-118.27266104199998,33.846691791000069],[-118.27266642199999,33.845927970000048],[-118.27266462799997,33.845164133000026],[-118.27265565999994,33.844400346000043],[-118.27263952099997,33.843636677000063],[-118.27261620899998,33.842873194000049],[-118.27258572799997,33.842109964000031],[-118.27254807999998,33.84134705200006],[-118.27250326899997,33.840584529000068],[-118.27245129799996,33.839822459000061],[-118.27239217299996,33.839060912000036],[-118.27232589699997,33.838299953000046],[-118.27225247899997,33.837539651000043],[-118.27217192199998,33.836780072000067],[-118.27208423499997,33.836021282000047],[-118.27198942599995,33.835263350000048],[-118.27188750299996,33.834506341000065],[-118.27177847499996,33.833750323000061],[-118.27166234999999,33.832995363000066],[-118.27153914099995,33.832241526000075],[-118.27140885699998,33.831488879000062],[-118.27127150999996,33.830737490000047],[-118.27112711299998,33.829987423000034],[-118.27097567799996,33.829238746000044],[-118.27081721699994,33.828491524000071],[-118.27065174599994,33.827745823000043],[-118.27047927899997,33.827001709000058],[-118.27029983099999,33.826259248000042],[-118.27011341699995,33.825518505000048],[-118.26992005599999,33.824779545000069],[-118.26971976199997,33.824042434000035],[-118.26951255399996,33.823307236000062],[-118.26929845199999,33.822574018000068],[-118.26907747199999,33.821842841000034],[-118.26884963499998,33.821113773000036],[-118.26861495999998,33.820386877000033],[-118.26837346999997,33.81966221600004],[-118.26812518399998,33.818939856000043],[-118.26787012299997,33.818219860000056],[-118.26760831399997,33.81750229000005],[-118.26733977599997,33.816787212000065],[-118.26706453399999,33.816074686000036],[-118.26678261199999,33.81536477700007],[-118.26649403599998,33.814657548000071],[-118.26619883099994,33.813953059000028],[-118.26589702099994,33.81325137400006],[-118.26558863499997,33.812552555000025],[-118.26527369999997,33.811856663000071],[-118.26495224199999,33.811163759000067],[-118.26462429099996,33.810473905000038],[-118.26428987599996,33.809787161000031],[-118.26394902599998,33.809103589000074],[-118.26360177099997,33.808423248000054],[-118.26324814099996,33.807746198000075],[-118.26288816899995,33.807072499000071],[-118.26252188399997,33.806402210000044],[-118.26214932199997,33.805735391000042],[-118.26177051299999,33.805072101000064],[-118.26138549099994,33.804412398000068],[-118.26099429099997,33.803756340000064],[-118.26059694499997,33.803103984000074],[-118.26019349199998,33.802455389000045],[-118.25978396299996,33.801810612000054],[-118.25936839799999,33.801169710000067],[-118.25894683199999,33.800532739000062],[-118.25851930199997,33.799899756000059],[-118.25808584599997,33.799270815000057],[-118.25764650199994,33.798645973000077],[-118.25720130999997,33.798025284000062],[-118.25675030699995,33.797408805000032],[-118.25629353499994,33.796796588000063],[-118.25583103299999,33.796188688000029],[-118.25536284199995,33.795585159000041],[-118.25488900299996,33.794986054000049],[-118.25440955999994,33.794391424000025],[-118.25392455199994,33.793801324000071],[-118.25343402299995,33.793215805000045],[-118.25293801799995,33.792634920000069],[-118.25243657899995,33.792058717000032],[-118.25192974999999,33.791487250000046],[-118.25141757599999,33.790920568000047],[-118.25090010299999,33.790358721000075],[-118.25037737599996,33.789801759000056],[-118.24984944099998,33.789249731000041],[-118.24931634499995,33.788702685000032],[-118.24877813399996,33.788160670000025],[-118.24823485699994,33.787623734000078],[-118.24768656099997,33.787091924000038],[-118.24713329599996,33.78656528700003],[-118.24657510799994,33.786043869000025],[-118.24601204699997,33.785527716000047],[-118.24544416399999,33.785016875000053],[-118.24487150799996,33.784511389000045],[-118.24429412999996,33.784011305000035],[-118.24371207999997,33.783516664000047],[-118.24312541199998,33.783027512000046],[-118.24253417399996,33.782543892000035],[-118.24193842099999,33.782065845000034],[-118.24133820499998,33.781593414000042],[-118.24073357699996,33.781126642000061],[-118.24012459299996,33.780665569000064],[-118.23951130599994,33.780210235000027],[-118.23889376899996,33.779760682000074],[-118.23827203699994,33.77931694800003],[-118.23764616499994,33.778879072000052],[-118.23701620799994,33.778447095000047],[-118.23638222199997,33.778021052000042],[-118.23574426299996,33.777600982000024],[-118.23510238699998,33.777186923000045],[-118.23445664999997,33.776778910000075],[-118.23380710899994,33.776376981000055],[-118.23315382299995,33.775981169000033],[-118.23249684799998,33.775591510000027],[-118.23183624199999,33.775208038000073],[-118.23117206399996,33.774830787000042],[-118.23050437299997,33.774459792000073],[-118.22983322599998,33.774095083000077],[-118.22915868399997,33.773736693000046],[-118.22848080599999,33.77338465400004],[-118.22779964999995,33.773038997000072],[-118.22711527999996,33.77269975300004],[-118.22642775299994,33.772366951000038],[-118.22573712999997,33.772040622000077],[-118.22504347399996,33.771720792000053],[-118.22434684399997,33.771407492000037],[-118.22364730299995,33.771100747000048],[-118.22294490999997,33.770800586000064],[-118.22223973099995,33.770507036000026],[-118.22153182599999,33.770220121000079],[-118.22082125699995,33.769939867000062],[-118.22010808699997,33.76966629900005],[-118.21939237999999,33.769399441000076],[-118.21867419799997,33.769139316000064],[-118.21795360299996,33.768885948000047],[-118.21723066199996,33.768639359000076],[-118.21650543699997,33.768399571000032],[-118.21577799199997,33.768166604000044],[-118.21504839099998,33.76794047900006],[-118.21431669799995,33.76772121700003],[-118.21358297799998,33.767508836000047],[-118.21284729599995,33.76730335600007],[-118.21210971599999,33.767104793000044],[-118.21137030499995,33.766913167000041],[-118.21062912499997,33.766728493000073],[-118.20988624599994,33.766550790000053],[-118.20914172899995,33.766380071000071],[-118.20839564099998,33.766216351000025],[-118.20764804899994,33.766059645000041],[-118.20689901799994,33.765909968000074],[-118.20614861499996,33.765767333000042],[-118.20539690399994,33.765631750000068],[-118.20464395399995,33.76550323400005],[-118.20388983099997,33.765381795000053],[-118.20313459899995,33.765267445000063],[-118.20237832699996,33.765160192000053],[-118.20162108199997,33.765060046000031],[-118.20086292799999,33.76496701700006],[-118.20010393599995,33.764881113000058],[-118.19934416799998,33.764802339000028],[-118.19858369599996,33.76473070600008],[-118.19782258399999,33.76466621700007],[-118.19706089899995,33.764608881000072],[-118.19629870999995,33.764558699000077],[-118.19553608399997,33.764515679000056],[-118.19477308699999,33.764479823000045],[-118.19400978599998,33.764451134000069],[-118.19324624999996,33.764429614000051],[-118.19248254599995,33.76441526800005],[-118.19171874099999,33.764408094000032],[-118.19095490099994,33.764408094000032],[-118.19019109599998,33.76441526800005],[-118.18942739099998,33.76442961500004],[-118.18866385499996,33.764451134000069],[-118.18790055399995,33.764479823000045],[-118.18713755799996,33.764515680000045],[-118.18637493099999,33.764558700000066],[-118.18561274099994,33.764608882000061],[-118.18485105699995,33.764666219000048],[-118.18408994499998,33.764730708000059],[-118.18332947299996,33.764802341000063],[-118.18256970599998,33.764881114000048],[-118.18181071199996,33.764967019000039],[-118.18105255999996,33.765060048000066],[-118.18029531399998,33.765160193000042],[-118.17953904299998,33.765267446000053],[-118.17878381099996,33.765381797000032],[-118.17802968699999,33.765503236000029],[-118.17727673699994,33.765631753000036],[-118.17652502699997,33.765767335000078],[-118.17577462399998,33.765909971000042],[-118.17502559299999,33.766059648000066],[-118.17427800099995,33.766216353000061],[-118.17353191399997,33.76638007300005],[-118.17278739699998,33.766550793000079],[-118.17204451599997,33.766728497000031],[-118.17130333699998,33.766913170000066],[-118.17056392599994,33.767104797000059],[-118.16982634599998,33.767303359000039],[-118.16909066399995,33.767508839000072],[-118.16835694399998,33.767721220000055],[-118.16762525099995,33.767940483000075],[-118.16689564999996,33.768166608000058],[-118.16616820499996,33.768399575000046],[-118.16544297999997,33.768639363000034],[-118.16472003899997,33.768885953000051],[-118.16399944399996,33.769139321000068],[-118.16328126299999,33.769399446000079],[-118.16256555499996,33.769666304000054],[-118.16185238499997,33.769939872000066],[-118.16114181699999,33.770220126000027],[-118.16043391099998,33.77050704100003],[-118.15972873199996,33.770800592000057],[-118.15902633999997,33.771100752000052],[-118.15832679799996,33.771407497000041],[-118.15763016899996,33.771720798000047],[-118.15693651299995,33.772040627000024],[-118.15624589099997,33.772366957000031],[-118.15555836299995,33.77269976000008],[-118.15487399199998,33.773039003000065],[-118.15419283699998,33.773384660000033],[-118.15351495999994,33.77373669800005],[-118.15284041699999,33.77409508900007],[-118.15216926999994,33.774459798000066],[-118.15150157899996,33.774830793000035],[-118.15083740099999,33.775208044000067],[-118.15017679499999,33.775591516000077],[-118.14951981999997,33.775981175000027],[-118.14886653399998,33.776376987000049],[-118.14821699399994,33.776778918000048],[-118.14757125699998,33.777186930000028],[-118.14692937999996,33.777600989000064],[-118.14629142199999,33.778021059000025],[-118.14565743499998,33.77844710200003],[-118.14502747899996,33.778879079000035],[-118.14440160699996,33.779316956000059],[-118.14377987499995,33.779760689000057],[-118.14316233899996,33.780210243000056],[-118.14254905099995,33.780665577000036],[-118.14194006699995,33.781126650000033],[-118.14133543999998,33.781593423000061],[-118.14073522299998,33.782065853000063],[-118.14013946999995,33.782543899000075],[-118.13954823299997,33.783027520000076],[-118.13896156399994,33.783516673000065],[-118.13837951499994,33.784011313000065],[-118.13780213699999,33.784511398000063],[-118.13722948199995,33.785016883000026],[-118.13666159799999,33.785527725000065],[-118.13609853799994,33.786043877000054],[-118.13554034999999,33.786565296000049],[-118.13498708399999,33.787091933000056],[-118.13443878799995,33.78762374300004],[-118.13389551099999,33.788160680000033],[-118.13335729999994,33.788702694000051],[-118.13282420399997,33.789249740000059],[-118.13229626999998,33.789801768000075],[-118.13177354299995,33.790358731000026],[-118.13125606999995,33.790920578000055],[-118.13074389599996,33.791487260000054],[-118.13023706799999,33.79205872700004],[-118.12973562799999,33.79263492900003],[-118.12923962299999,33.793215816000043],[-118.12874909399994,33.793801334000079],[-118.12826408699999,33.794391434000033],[-118.12778464299998,33.794986063000067],[-118.12731080399999,33.795585169000049],[-118.12684261299995,33.796188698000037],[-118.12638011199999,33.796796598000071],[-118.12592333899994,33.79740881500004],[-118.12547233699996,33.798025295000059],[-118.12502714499999,33.798645984000075],[-118.12458780099996,33.799270826000054],[-118.12415434499997,33.799899766000067],[-118.12372681599999,33.800532750000059],[-118.12330524999999,33.801169721000065],[-118.12288968399997,33.801810624000041],[-118.12248015699998,33.802455401000032],[-118.12207670199996,33.803103996000061],[-118.12167935699995,33.803756351000061],[-118.12128815699998,33.804412409000065],[-118.12090313499999,33.805072112000062],[-118.12052432599995,33.805735403000028],[-118.12015176399996,33.806402222000031],[-118.11978547999996,33.807072510000069],[-118.11942550799995,33.807746209000072],[-118.11907187799994,33.808423259000051],[-118.11872462299999,33.809103600000071],[-118.11838377199996,33.809787173000075],[-118.11804935799995,33.810473917000024],[-118.11772140699998,33.811163771000054],[-118.11739994999999,33.811856674000069],[-118.11708501399994,33.812552567000068],[-118.11677662899996,33.813251386000047],[-118.11647481999995,33.813953071000071],[-118.11617961399998,33.814657560000057],[-118.11589103799997,33.815364789000057],[-118.11560911499998,33.816074699000069],[-118.11533387399999,33.816787224000052],[-118.11506533599999,33.817502303000026],[-118.11480352599995,33.818219872000043],[-118.11454846799995,33.818939868000029],[-118.11430018099998,33.819662229000073],[-118.11405869099997,33.820386889000076],[-118.11382401599997,33.821113786000069],[-118.11359617899996,33.821842854000067],[-118.11337519899996,33.822574030000055],[-118.11316109599994,33.823307249000038],[-118.11295388899998,33.824042446000078],[-118.11275359499996,33.824779558000046],[-118.11256023399994,33.825518517000035],[-118.11237382099995,33.826259261000075],[-118.11219437299997,33.827001722000034],[-118.11202190599994,33.827745836000076],[-118.11185643399995,33.828491537000048],[-118.11169797499997,33.829238759000077],[-118.11154653899996,33.829987436000067],[-118.11140214099999,33.83073750300008],[-118.11126479499995,33.831488892000039],[-118.11113451099999,33.832241539000051],[-118.11101130199995,33.832995376000042],[-118.11089517799996,33.833750336000037],[-118.11078614999997,33.834506354000041],[-118.11068422699998,33.835263363000024],[-118.11058941799996,33.83602129500008],[-118.11050173199999,33.836780084000054],[-118.11042117499994,33.837539664000076],[-118.11034775599995,33.838299966000079],[-118.11028148099996,33.839060926000059],[-118.11022235499996,33.839822473000027],[-118.11017038499995,33.840584542000045],[-118.11012557399999,33.841347065000036],[-118.11008792599995,33.842109977000064],[-118.11005744499994,33.842873207000025],[-118.11003413299994,33.843636691000029],[-118.11001799299999,33.844400359000076],[-118.11000902599994,33.845164146000059],[-118.11000723299998,33.845927983000024],[-118.11001261299998,33.846691803000056],[-118.11002516799999,33.847455540000055],[-118.11004489299995,33.848219124000025],[-118.11007178999995,33.848982490000026],[-118.11010585499997,33.849745569000049],[-118.11014708499999,33.850508294000065],[-118.11019547599994,33.851270599000031],[-118.11025102499997,33.852032416000043],[-118.11031372599996,33.852793677000079],[-118.11038357399997,33.853554316000043],[-118.11046056199996,33.854314265000028],[-118.11054468599997,33.855073458000049],[-118.11063593399996,33.855831827000031],[-118.11073430099998,33.856589307000036],[-118.11083977899995,33.857345829000053],[-118.11095235599998,33.858101326000053],[-118.11107202399995,33.858855733000041],[-118.11119877199997,33.859608982000054],[-118.11133258799998,33.86036100900003],[-118.11147346199999,33.861111745000073],[-118.11162137999997,33.861861125000075],[-118.11177632999994,33.862609083000052],[-118.11193829699999,33.863355553000076],[-118.11210726799999,33.864100468000061],[-118.11228322799997,33.864843764000057],[-118.11246615999994,33.865585375000023],[-118.11265605099999,33.866325235000033],[-118.11285287999999,33.867063278000046],[-118.11305663299999,33.867799440000056],[-118.11326729099994,33.868533656000068],[-118.11348483399996,33.869265862000077],[-118.11370924499994,33.869995993000032],[-118.11394050399997,33.870723983000062],[-118.11417858899995,33.871449769000037],[-118.11442347999997,33.872173288000056],[-118.11467515599998,33.872894474000077],[-118.11493359299999,33.873613265000074],[-118.11519876999995,33.874329597000042],[-118.11547066299994,33.875043407000078],[-118.11574924799999,33.875754632000053],[-118.11603449999996,33.876463208000075],[-118.11632639499999,33.87716907600003],[-118.11662490499998,33.877872170000046],[-118.11693000699995,33.878572430000077],[-118.11724166999994,33.879269793000049],[-118.11755986999998,33.879964199000028],[-118.11788457799997,33.880655585000056],[-118.11821576399996,33.881343892000075],[-118.11855340099999,33.882029058000057],[-118.11889745799999,33.882711022000024],[-118.11924790399996,33.883389725000029],[-118.11960470899999,33.884065106000037],[-118.11996784099995,33.884737108000024],[-118.12033726899995,33.885405668000033],[-118.12071295899995,33.886070731000075],[-118.12109487799995,33.886732235000068],[-118.12148299299997,33.887390123000046],[-118.12187726999997,33.888044337000053],[-118.12227767499996,33.888694819000079],[-118.12268416999996,33.889341512000044],[-118.12309672199996,33.889984358000049],[-118.12351529199998,33.890623303000041],[-118.12393984499994,33.891258287000028],[-118.12437034199996,33.89188925600007],[-118.12480674699998,33.892516155000067],[-118.12524901999996,33.893138926000063],[-118.12569712199996,33.89375751700004],[-118.12615101399996,33.894371872000079],[-118.12661065699996,33.894981937000068],[-118.12707600799996,33.895587658000068],[-118.12754702899997,33.896188983000059],[-118.12802367499995,33.896785856000065],[-118.12850590599999,33.897378228000036],[-118.12899367899996,33.897966044000043],[-118.12948695099999,33.898549253000056],[-118.12998567899996,33.899127803000056],[-118.13048981999998,33.899701644000061],[-118.13099932599999,33.900270725000041],[-118.13151415599998,33.900834995000025],[-118.13203426099994,33.901394406000065],[-118.13255959799994,33.901948907000076],[-118.13309011899997,33.902498451000042],[-118.13362577899994,33.903042986000059],[-118.13416652799998,33.903582468000025],[-118.13471232099994,33.904116847000068],[-118.13526310799995,33.904646076000063],[-118.13581884099995,33.905170109000039],[-118.13637947099994,33.905688901000076],[-118.13694494999999,33.906202403000066],[-118.13751522499996,33.906710572000065],[-118.13809024799997,33.907213363000039],[-118.13866996899998,33.907710732000055],[-118.13925433399999,33.90820263300003],[-118.13984329299996,33.908689025000058],[-118.14043679499997,33.909169864000035],[-118.14103478699997,33.909645107000074],[-118.14163721499995,33.910114714000031],[-118.14224402799999,33.910578642000075],[-118.14285517099995,33.911036850000073],[-118.14347058899995,33.911489299000038],[-118.14409022999996,33.911935947000075],[-118.14471403999994,33.912376757000061],[-118.14534196099999,33.912811688000033],[-118.14597393999998,33.913240704000032],[-118.14660991899996,33.913663764000034],[-118.14724984299994,33.914080833000071],[-118.14789365699994,33.914491873000031],[-118.14854130299994,33.914896849000058],[-118.14919272399999,33.915295724000032],[-118.14984786199994,33.915688465000073],[-118.15050665999996,33.916075034000073],[-118.15116905899998,33.916455399000029],[-118.15183500099994,33.916829527000061],[-118.15250442699994,33.91719738300003],[-118.15317727899998,33.917558936000034],[-118.15385349699994,33.917914155000062],[-118.15453302099996,33.918263006000075],[-118.15521579199998,33.918605460000038],[-118.15590174799996,33.918941487000041],[-118.15659082999997,33.91927105700006],[-118.15728297799996,33.919594140000072],[-118.15797812799997,33.919910708000032],[-118.15867622199994,33.920220734000054],[-118.15937719599998,33.920524190000037],[-118.16008098999998,33.92082104900004],[-118.16078753899995,33.921111285000052],[-118.16149678499994,33.921394872000064],[-118.16220866199995,33.921671787000037],[-118.16292310799997,33.921942003000026],[-118.16364005999998,33.922205496000061],[-118.16435945699999,33.922462246000066],[-118.16508123199998,33.922712227000034],[-118.16580532399996,33.922955419000061],[-118.16653166599997,33.923191799000051],[-118.16726019799995,33.923421348000034],[-118.16799085299999,33.923644043000024],[-118.16872356799996,33.923859867000033],[-118.16945827699999,33.924068800000043],[-118.17019491599996,33.924270824000075],[-118.17093341899999,33.924465920000046],[-118.17167372299997,33.924654072000067],[-118.17241576099997,33.924835263000034],[-118.17315946699995,33.925009476000071],[-118.17390477799995,33.92517669800003],[-118.17465162599996,33.925336912000034],[-118.17539994499998,33.925490105000051],[-118.17614966999997,33.925636263000058],[-118.17690073499995,33.925775374000068],[-118.17765307399998,33.925907424000059],[-118.17840661899999,33.926032402000033],[-118.17916130499998,33.926150299000028],[-118.17991706499998,33.926261102000069],[-118.18067383299996,33.92636480300007],[-118.18143153999995,33.926461391000032],[-118.18219012199995,33.926550859000031],[-118.18294950999996,33.926633198000047],[-118.18370963799998,33.926708402000031],[-118.18447043899999,33.926776464000056],[-118.18523184599997,33.926837377000027],[-118.18599379099999,33.926891137000041],[-118.18675620699997,33.926937738000049],[-118.18751902699995,33.926977177000026],[-118.18828218399995,33.92700945100006],[-118.18904561099998,33.927034555000034],[-118.18980923999999,33.927052488000072],[-118.19057300299994,33.927063248000024],[-118.19133683399997,33.927066834000073]]]},"properties":{"OBJECTID":8,"bid":8,"zone_id":"D_LGB003","zone_name":"Class D - LGB","restrict":"Controlled Airspace","note":"Valid time: Jan 1, 2026-Dec 31, 2026, daily 6:15 AM-11:45 PM (GMT-8); You must have an airspace authorization from the FAA. Use LAANC. Prior to flight, the remote pilot in command must assess local airspace and any flight restrictions.","flight_cei":0,"height_met":0,"Area":213.21477340482983,"shape_":"面"}},{"type":"Feature","id":9,"geometry":{"type":"Polygon","coordinates":[[[-118.41618657399999,33.889362151000057],[-118.45561638899994,33.815518910000037],[-118.31077764899999,33.738041742000064],[-118.27479336899995,33.806839891000038],[-118.30570498099996,33.823326081000062],[-118.30583016799994,33.823948429000041],[-118.30596235599995,33.824569327000063],[-118.30610153099997,33.825188697000044],[-118.30624767499995,33.825806460000024],[-118.30640076699996,33.826422537000042],[-118.30656078999999,33.82703685000007],[-118.30672772399998,33.82764932200007],[-118.30690154599995,33.828259874000025],[-118.30708223599999,33.828868429000067],[-118.30726976899996,33.829474911000034],[-118.30746412299999,33.830079241000078],[-118.30766527199995,33.830681344000027],[-118.30787319099994,33.83128114200008],[-118.30808785299996,33.831878561000053],[-118.30830923199994,33.832473522000043],[-118.30853729899997,33.833065953000073],[-118.30877202499994,33.833655776000057],[-118.30901338099994,33.834242918000029],[-118.30926133499997,33.834827304000044],[-118.30951585699995,33.83540886000003],[-118.30977691399994,33.835987511000042],[-118.31004447299995,33.836563186000035],[-118.31031850099998,33.837135809000074],[-118.31059896099998,33.837705309000057],[-118.31088581899996,33.838271613000074],[-118.31117903799998,33.83883465100007],[-118.31147858099996,33.839394349000031],[-118.31178441099996,33.839950638000062],[-118.31209648699996,33.840503446000071],[-118.31241477099996,33.841052703000059],[-118.31273922199995,33.841598340000075],[-118.31306979999999,33.842140288000053],[-118.31340646099994,33.842678477000049],[-118.31374916299995,33.843212839000046],[-118.31409786499995,33.843743307000068],[-118.31445251899999,33.844269814000029],[-118.31481308099995,33.844792291000033],[-118.31517950699998,33.845310673000029],[-118.31555174899995,33.845824895000078],[-118.31592975999996,33.846334892000073],[-118.31631349199995,33.846840597000039],[-118.31670289699997,33.847341947000075],[-118.31709792499998,33.84783888000004],[-118.31749852599995,33.848331330000065],[-118.31790464899996,33.848819237000043],[-118.31831624099999,33.849302537000028],[-118.31873325199996,33.849781171000075],[-118.31915562999995,33.850255075000064],[-118.31958331799996,33.850724193000076],[-118.32001626399995,33.851188463000028],[-118.32045441299999,33.851647825000043],[-118.32089770899995,33.852102223000031],[-118.32134609399998,33.852551598000048],[-118.32179951499995,33.85299589400006],[-118.32225791099995,33.853435053000055],[-118.32272122599994,33.853869021000037],[-118.32318939899994,33.854297743000075],[-118.32366237299999,33.854721163000079],[-118.32414008599994,33.855139228000041],[-118.32462247799998,33.855551885000068],[-118.32510948899994,33.855959081000037],[-118.32560105499999,33.85636076600008],[-118.32609711599997,33.856756888000064],[-118.32659760699994,33.857147397000062],[-118.32710246599999,33.857532242000048],[-118.32761162799994,33.857911376000061],[-118.32812502899998,33.858284750000053],[-118.32864260299999,33.858652317000065],[-118.32916428499999,33.859014030000026],[-118.32969000799994,33.859369844000071],[-118.33021970599998,33.859719712000071],[-118.33075331299995,33.860063591000028],[-118.33129075799997,33.860401437000064],[-118.33183197599999,33.860733209000045],[-118.33237689699996,33.86105886100006],[-118.33292545199998,33.861378355000056],[-118.33347757099995,33.861691648000033],[-118.33403318399996,33.86199870300004],[-118.33459222099998,33.862299478000068],[-118.33515461099995,33.862593938000032],[-118.33572028199995,33.862882042000024],[-118.33628916299995,33.863163756000063],[-118.33686118099996,33.863439045000064],[-118.33743626399996,33.863707871000031],[-118.33801433999997,33.863970203000065],[-118.33859533299994,33.864226006000024],[-118.33917917099996,33.86447524700003],[-118.33976577999999,33.864717896000059],[-118.34035508499994,33.864953922000041],[-118.34094701099997,33.86518329300003],[-118.34154148399995,33.865405982000027],[-118.34213842699995,33.865621960000055],[-118.34273776599997,33.865831200000059],[-118.34333942399996,33.866033676000029],[-118.34394332499994,33.866229360000034],[-118.34454939199998,33.866418229000033],[-118.34515754699999,33.866600258000062],[-118.34576771599995,33.866775426000061],[-118.34637981799995,33.866943708000065],[-118.34699377699997,33.867105086000038],[-118.34760951499999,33.867259535000073],[-118.34822695399998,33.867407040000046],[-118.34884601599998,33.867547579000075],[-118.34946662099998,33.867681135000055],[-118.35008869199999,33.867807692000042],[-118.35071214899995,33.867927233000046],[-118.35133691199997,33.868039743000054],[-118.35196290399995,33.868145209000033],[-118.35259004399995,33.86824361500004],[-118.35321825199998,33.868334951000065],[-118.35384744999999,33.868419204000077],[-118.35447755799999,33.868496364000066],[-118.35510849299999,33.868566421000025],[-118.35574017899995,33.868629365000061],[-118.35637253299996,33.868685191000054],[-118.35700547599998,33.868733888000065],[-118.35763892799997,33.868775453000069],[-118.35827280699999,33.868809879000025],[-118.35890703399997,33.868837162000034],[-118.35954152799997,33.868857299000069],[-118.36017620899997,33.86887028700005],[-118.36081099599994,33.868876124000053],[-118.36144580799998,33.868874811000069],[-118.36208056499999,33.868866345000072],[-118.36271518799998,33.868850731000066],[-118.36334959199996,33.868827968000062],[-118.41618657399999,33.889362151000057]]]},"properties":{"OBJECTID":9,"bid":9,"zone_id":"D_TOA003","zone_name":"Class D - TOA","restrict":"Controlled Airspace","note":"Valid time: Jan 1, 2026-Dec 31, 2026, daily 7:00 AM-8:00 PM (GMT-8); You must have an airspace authorization from the FAA. Use LAANC. Prior to flight, the remote pilot in command must assess local airspace and any flight restrictions.","flight_cei":0,"height_met":0,"Area":147.86294800451483,"shape_":"面"}},{"type":"Feature","id":10,"geometry":{"type":"Polygon","coordinates":[[[-118.40778622999994,33.947048605000077],[-118.43781646099995,33.914887848000035],[-118.43763445799999,33.914275901000053],[-118.43744561899996,33.913666029000069],[-118.43724996799995,33.913058308000075],[-118.43704753199995,33.912452814000062],[-118.43683833199998,33.91184962300008],[-118.43662239799994,33.911248810000075],[-118.43639975499997,33.910650452000027],[-118.43617043099999,33.910054620000039],[-118.43593445499999,33.909461392000026],[-118.43569185699999,33.908870842000056],[-118.43544266599997,33.908283042000051],[-118.43518691399998,33.907698068000059],[-118.43492463399997,33.907115992000058],[-118.43465585899997,33.906536886000026],[-118.43438061899997,33.905960825000079],[-118.43409895399998,33.905387877000067],[-118.43381089399998,33.904818119000026],[-118.43351647799994,33.904251617000057],[-118.43321574299995,33.903688446000046],[-118.43290872499995,33.903128674000072],[-118.43259546399997,33.902572374000044],[-118.43227599799997,33.902019611000071],[-118.43195036799995,33.901470459000052],[-118.43161861399994,33.900924983000039],[-118.43128077899996,33.900383254000076],[-118.43093690199998,33.899845339000024],[-118.43058702999997,33.899311304000037],[-118.43023120399999,33.898781218000067],[-118.42986946999997,33.898255146000054],[-118.42950187199995,33.897733153000047],[-118.42912845799998,33.897215307000067],[-118.42874927299999,33.896701670000027],[-118.42836436499999,33.896192308000025],[-118.42797378199998,33.895687284000076],[-118.42757757299995,33.895186662000071],[-118.42717578799994,33.894690504000039],[-118.42676847799999,33.89419887300005],[-118.42635569099997,33.89371182900004],[-118.42593748199999,33.893229434000034],[-118.42551390099999,33.89275174900007],[-118.42508500299999,33.892278832000045],[-118.42465083999997,33.891810744000054],[-118.42421146699996,33.891347542000062],[-118.42376693999995,33.89088928700005],[-118.42331731299998,33.890436032000025],[-118.42286264299997,33.889987836000046],[-118.42240298699994,33.889544756000078],[-118.42193840299996,33.889106846000061],[-118.42146894899997,33.88867416100004],[-118.42099468199996,33.888246757000047],[-118.42051566399999,33.887824684000066],[-118.42003195299998,33.887407998000072],[-118.41954360999995,33.886996749000048],[-118.41905069599994,33.886590990000059],[-118.41855327399998,33.886190772000077],[-118.41805140499997,33.88579614300005],[-118.41754515299999,33.885407154000063],[-118.41703457999995,33.885023855000043],[-118.41651974999996,33.884646291000024],[-118.41600072899996,33.884274511000058],[-118.41547757999996,33.883908561000055],[-118.41495036899994,33.883548487000041],[-118.41441916399998,33.883194334000052],[-118.41388402899997,33.882846147000066],[-118.41334503199994,33.882503969000027],[-118.41280223999996,33.882167843000047],[-118.41225572099995,33.881837810000036],[-118.41170554499996,33.881513914000038],[-118.41115177899997,33.881196192000061],[-118.41059449199997,33.880884687000048],[-118.41003375599996,33.880579435000072],[-118.40946963899995,33.880280477000042],[-118.40890221299998,33.879987849000031],[-118.36443717299994,33.864688665000074],[-118.36384653799996,33.864716654000063],[-118.36325561199999,33.86473761600007],[-118.36266447899999,33.864751550000051],[-118.36207322099995,33.864758452000046],[-118.36148192399997,33.864758323000046],[-118.36089066899996,33.864751162000061],[-118.36029954099996,33.864736970000024],[-118.35970862399995,33.864715749000027],[-118.35911800099996,33.864687502000038],[-118.35852775599994,33.864652234000062],[-118.35793797299999,33.864609949000055],[-118.35734873299998,33.86456065200008],[-118.35676012199997,33.86450435200004],[-118.35617222099995,33.864441056000032],[-118.35558511499994,33.864370773000076],[-118.35499888599998,33.864293513000064],[-118.35441361799997,33.864209287000051],[-118.35382939199997,33.864118106000035],[-118.35324629299998,33.864019985000027],[-118.35266440199996,33.863914936000072],[-118.35208379999995,33.863802974000066],[-118.35150457099996,33.863684116000059],[-118.35092679699994,33.863558377000061],[-118.35035055899999,33.863425777000032],[-118.34977593899998,33.863286333000076],[-118.34920301699998,33.863140065000039],[-118.34863187599996,33.862986996000075],[-118.34806259499999,33.86282714400005],[-118.34749525499996,33.862660533000053],[-118.34692993799996,33.862487187000056],[-118.34636672099998,33.86230713100008],[-118.34580568599995,33.86212039000003],[-118.34524691099995,33.861926990000029],[-118.34469047499999,33.861726958000077],[-118.34413645799998,33.861520323000036],[-118.34358493699995,33.861307114000056],[-118.34303598999998,33.861087362000035],[-118.34248969599997,33.860861097000054],[-118.34194613199998,33.860628351000059],[-118.34140537299999,33.860389158000032],[-118.34086749699998,33.860143550000032],[-118.33469912699996,33.879038248000029],[-118.33406434399996,33.879409380000027],[-118.33343320399996,33.87978667200008],[-118.33280576699997,33.880170090000036],[-118.33218209099999,33.880559597000058],[-118.33156223799995,33.880955156000027],[-118.33094626299999,33.881356731000039],[-118.33033422599999,33.881764283000052],[-118.32972618599996,33.882177772000034],[-118.32912219899998,33.882597161000035],[-118.32852232299996,33.883022410000024],[-118.32792661599996,33.883453478000035],[-118.32733513299996,33.88389032300006],[-118.32674792899996,33.884332906000054],[-118.32616506199997,33.88478118200004],[-118.32558658599999,33.885235112000032],[-118.32501255599999,33.885694651000051],[-118.32444302499999,33.88615975600004],[-118.32387804999996,33.886630383000067],[-118.32331768299997,33.887106488000029],[-118.32276197599998,33.887588023000035],[-118.32221098299999,33.888074946000074],[-118.32166475599996,33.88856720800004],[-118.32112334599998,33.889064766000047],[-118.32058680599999,33.889567568000075],[-118.32005518499994,33.890075570000079],[-118.31952853399997,33.890588723000064],[-118.31900690199996,33.891106978000039],[-118.31849034099997,33.891630285000076],[-118.31797889799998,33.892158597000048],[-118.31747262099998,33.892691862000049],[-118.31697156099995,33.893230029000051],[-118.31647576099999,33.893773048000071],[-118.31598527199998,33.894320868000079],[-118.31550013699996,33.894873437000058],[-118.31502040399994,33.895430701000066],[-118.31454611999999,33.895992609000075],[-118.31407732699995,33.89655910700003],[-118.31361406999997,33.897130141000048],[-118.31315639399998,33.897705658000064],[-118.31270434099997,33.898285602000044],[-118.31225795499995,33.898869919000049],[-118.31181727799998,33.899458554000034],[-118.31138235199995,33.900051450000035],[-118.31095321799995,33.900648551000074],[-118.31052991599995,33.901249803000042],[-118.31011248699997,33.90185514500007],[-118.30970096899995,33.902464523000049],[-118.30929540399995,33.903077876000054],[-118.30889582799995,33.903695149000043],[-118.30850227899998,33.904316283000071],[-118.30811479499999,33.904941217000044],[-118.30773341299999,33.905569894000052],[-118.30735816799995,33.90620225300006],[-118.30698909699998,33.906838235000066],[-118.30662623399996,33.907477779000033],[-118.30626961199999,33.908120826000072],[-118.30591926799997,33.908767313000055],[-118.30557523299996,33.909417180000048],[-118.30523753999995,33.910070364000035],[-118.30490622199994,33.910726806000071],[-118.30458130899996,33.911386441000047],[-118.30426283199995,33.912049207000052],[-118.30395082199999,33.912715043000048],[-118.30364530699995,33.913383883000051],[-118.30334631799997,33.914055666000024],[-118.30305388099998,33.914730327000029],[-118.30276802699996,33.91540780400004],[-118.30248877999998,33.916088030000026],[-118.30221616799997,33.916770943000074],[-118.30195021599997,33.917456476000041],[-118.30169094899998,33.918144566000024],[-118.30143839399994,33.918835148000028],[-118.30119257199999,33.919528154000034],[-118.30095350799996,33.920223521000025],[-118.30072122299998,33.92092118100004],[-118.30049574099996,33.921621071000061],[-118.30027708199998,33.922323121000034],[-118.30006526599999,33.923027268000055],[-118.29986031599998,33.923733441000024],[-118.29966224999998,33.924441577000039],[-118.29947108399995,33.925151607000032],[-118.29928684099997,33.925863465000077],[-118.29910953499996,33.926577082000051],[-118.29893918399995,33.927292391000037],[-118.29877580299996,33.928009325000062],[-118.29861940899997,33.928727815000059],[-118.29847001599995,33.929447793000065],[-118.29832763999997,33.930169192000051],[-118.29819229099996,33.930891941000027],[-118.29806398399995,33.931615975000057],[-118.29794273099998,33.932341223000037],[-118.29782854399997,33.933067617000063],[-118.29772143199995,33.933795088000068],[-118.29762140699995,33.934523567000042],[-118.29752847799995,33.935252985000034],[-118.29744265299996,33.935983273000033],[-118.29736393999997,33.936714362000032],[-118.29729234899997,33.937446184000066],[-118.29722788399999,33.938178666000056],[-118.29717055199995,33.938911741000027],[-118.29712035899996,33.939645341000073],[-118.29707730999996,33.940379394000047],[-118.29704140699999,33.941113831000052],[-118.29701265399996,33.941848583000024],[-118.29699105599997,33.942583580000075],[-118.29697661299997,33.943318752000039],[-118.29696932699994,33.944054030000075],[-118.29696919799994,33.944789344000071],[-118.29697622799995,33.945524624000029],[-118.29699041399999,33.946259802000043],[-118.29701175499997,33.946994806000077],[-118.29704024999995,33.947729567000067],[-118.29707589599997,33.948464017000049],[-118.29711868999999,33.949198086000024],[-118.29716862699996,33.949931702000072],[-118.29722570299998,33.950664797000059],[-118.29728991099995,33.951397303000078],[-118.29736124699997,33.95212914800004],[-118.29743970399994,33.952860265000027],[-118.29752527399995,33.95359058300005],[-118.29761794799998,33.954320034000034],[-118.29771771799994,33.955048548000036],[-118.29782457499999,33.955776057000037],[-118.29793850899995,33.956502490000048],[-118.29805950899998,33.957227780000039],[-118.29818756199995,33.957951859000048],[-118.40778622999994,33.947048605000077]]]},"properties":{"OBJECTID":10,"bid":10,"zone_id":"D_HHR003","zone_name":"Class D - HHR","restrict":"Controlled Airspace","note":"Valid time: Jan 1, 2026-Dec 31, 2026, daily 6:00 AM-10:00 PM (GMT-8); You must have an airspace authorization from the FAA. Use LAANC. Prior to flight, the remote pilot in command must assess local airspace and any flight restrictions.","flight_cei":400,"height_met":121.92,"Area":95.563849501918568,"shape_":"面"}},{"type":"Feature","id":11,"geometry":{"type":"Polygon","coordinates":[[[-118.40504698799998,33.981847152000057],[-118.42239553899998,34.026283779000039],[-118.44228042299994,34.024051801000041],[-118.44239074999996,34.023498722000056],[-118.44250808499999,34.022947088000024],[-118.44263240899994,34.022396987000036],[-118.44276370299997,34.021848508000062],[-118.44290194499996,34.02130173900008],[-118.44304711399997,34.02075676700008],[-118.44319918499997,34.020213682000076],[-118.44335813499998,34.019672569000079],[-118.44352393699995,34.019133517000057],[-118.44369656599997,34.018596611000078],[-118.44387599199996,34.018061939000063],[-118.44406218899996,34.017529588000059],[-118.44425512499998,34.016999641000041],[-118.44445476799996,34.016472185000055],[-118.44466108999995,34.015947304000065],[-118.44487405299998,34.015425083000025],[-118.44509362499997,34.01490560700006],[-118.44531976999997,34.01438895800004],[-118.44555245199996,34.013875221000035],[-118.44579163399999,34.013364476000049],[-118.44603727699996,34.012856808000038],[-118.44628934099995,34.012352296000074],[-118.44654778699999,34.011851024000066],[-118.44681257099995,34.01135307100003],[-118.44708365199995,34.010858519000067],[-118.44736098599998,34.010367444000053],[-118.44764452899994,34.009879929000078],[-118.44793423399994,34.009396050000078],[-118.44823005499995,34.008915886000068],[-118.44853194499996,34.008439514000031],[-118.44883985399997,34.007967011000062],[-118.44915373399999,34.00749845200005],[-118.44947353299995,34.007033913000043],[-118.44979920199995,34.006573470000035],[-118.45013068599997,34.006117195000058],[-118.45046793099999,34.00566516300006],[-118.45081088599994,34.005217447000064],[-118.45115949199999,34.004774118000057],[-118.45151369699994,34.004335248000075],[-118.45187343999999,34.003900906000069],[-118.45223866599997,34.003471165000065],[-118.45260931599995,34.003046092000034],[-118.45298532799995,34.002625756000043],[-118.45336664299998,34.002210224000066],[-118.45375319999999,34.001799565000056],[-118.45414493599998,34.001393842000027],[-118.45454178799997,34.000993122000068],[-118.45494369299996,34.000597471000049],[-118.45535058499996,34.000206950000063],[-118.45576239899998,33.999821623000059],[-118.45617906999996,33.999441552000064],[-118.45660052799997,33.999066799000047],[-118.45702670799994,33.998697423000067],[-118.45745754099994,33.998333484000057],[-118.45789295599997,33.997975041000075],[-118.45833288299997,33.997622152000076],[-118.45877725399998,33.997274871000059],[-118.45922599299996,33.99693325800007],[-118.45967903199994,33.99659736600006],[-118.46013629599997,33.996267248000038],[-118.46059771099999,33.995942958000057],[-118.46106320499996,33.995624550000059],[-118.46153269899997,33.995312073000036],[-118.46200612199999,33.995005578000075],[-118.46248339499999,33.994705114000055],[-118.46296444199999,33.994410731000073],[-118.46344918499994,33.994122474000051],[-118.46393754599995,33.993840391000049],[-118.46442944799998,33.993564527000046],[-118.46492480899997,33.993294927000079],[-118.46542355199995,33.993031633000044],[-118.46592559499999,33.992774688000054],[-118.46643085799997,33.992524134000064],[-118.46693925799997,33.992280011000048],[-118.46745071599997,33.992042357000059],[-118.46796514799996,33.991811213000062],[-118.46848246999997,33.991586614000028],[-118.46900260199999,33.991368597000076],[-118.46952545599999,33.991157196000074],[-118.47005095199995,33.990952447000041],[-118.47057900199997,33.990754382000034],[-118.47110952399998,33.990563031000079],[-118.47164243099996,33.990378428000042],[-118.47217763699996,33.990200602000073],[-118.47271505599997,33.990029579000065],[-118.47325460199994,33.989865390000034],[-118.47379618699995,33.989708060000055],[-118.47433972499999,33.989557613000045],[-118.49036937599999,33.974339589000067],[-118.48722431799996,33.972209066000062],[-118.40504698799998,33.981847152000057]]]},"properties":{"OBJECTID":11,"bid":11,"zone_id":"D_LAX008","zone_name":"Class D - LAX","restrict":"Controlled Airspace","note":"You must have an airspace authorization from the FAA. Use LAANC. Prior to flight, the remote pilot in command must assess local airspace and any flight restrictions.","flight_cei":50,"height_met":15.24,"Area":23.111571310611541,"shape_":"面"}},{"type":"Feature","id":12,"geometry":{"type":"Polygon","coordinates":[[[-118.46436480899996,33.884232660000066],[-118.45943011199995,33.884817032000058],[-118.39722694999995,33.951825036000059],[-118.46581128699995,33.945070259000033],[-118.46436480899996,33.884232660000066]]]},"properties":{"OBJECTID":12,"bid":12,"zone_id":"D_LAX009","zone_name":"Class D - LAX","restrict":"Controlled Airspace","note":"Valid time: Jan 1, 2026-Dec 31, 2026, daily 6:00 AM-11:45 PM (GMT-8); You must have an airspace authorization from the FAA. Use LAANC. Prior to flight, the remote pilot in command must assess local airspace and any flight restrictions.","flight_cei":0,"height_met":0,"Area":22.943382218279549,"shape_":"面"}},{"type":"Feature","id":13,"geometry":{"type":"Polygon","coordinates":[[[-118.11428126599998,33.899568389000024],[-118.11355240599994,33.899726030000068],[-118.11282207199997,33.899876692000078],[-118.11209032999994,33.900020359000052],[-118.11135724599995,33.900157020000051],[-118.11062288999995,33.900286660000063],[-118.10988732599998,33.900409269000079],[-118.10915062299995,33.900524835000056],[-118.10841284699995,33.900633347000053],[-118.10767406899998,33.900734797000041],[-118.10693435299999,33.90082917400008],[-118.10619376699998,33.900916469000038],[-118.10545237999997,33.900996675000044],[-118.10471026099998,33.901069785000061],[-118.10396747499999,33.901135791000058],[-118.10322409199995,33.901194688000032],[-118.10248017999999,33.901246471000036],[-118.10173580699995,33.901291134000076],[-118.10099103999994,33.901328674000069],[-118.10024594699996,33.90135908600007],[-118.09950059799996,33.901382369000032],[-118.09875506099996,33.901398519000054],[-118.09800940299999,33.901407537000068],[-118.09726369299995,33.90140942000005],[-118.09651799999995,33.901404169000045],[-118.09577238999998,33.901391784000054],[-118.09502693299999,33.901372266000067],[-118.09428169699999,33.901345617000061],[-118.09353674999994,33.901311840000062],[-118.09279215999999,33.901270937000049],[-118.09204799599996,33.901222913000026],[-118.09130432499995,33.901167772000065],[-118.09056121499998,33.901105518000065],[-118.08981873599998,33.901036158000068],[-118.08907695299996,33.900959697000076],[-118.08833593699995,33.900876143000062],[-118.08759575399995,33.900785504000055],[-118.08685647199997,33.900687788000027],[-118.08611815699999,33.900583003000065],[-118.08538087999995,33.900471159000062],[-118.08464470699994,33.900352267000073],[-118.08390970399995,33.900226338000039],[-118.08317593999999,33.90009338200008],[-118.08244348099998,33.899953413000048],[-118.08171239499995,33.899806442000056],[-118.08098274899999,33.899652484000057],[-118.08025460899995,33.89949155100004],[-118.07952804199999,33.899323661000039],[-118.07880311399998,33.899148826000044],[-118.07807989299999,33.898967065000079],[-118.07735844299998,33.898778393000043],[-118.07663883099997,33.898582827000041],[-118.07592112399999,33.898380385000053],[-118.07520538599999,33.898171086000048],[-118.07449168299996,33.897954950000042],[-118.07378007999995,33.897731995000072],[-118.07307064399998,33.897502243000076],[-118.07236343699998,33.897265713000024],[-118.07165852599996,33.89702243000005],[-118.07095597399996,33.896772412000075],[-118.07025584699994,33.896515685000054],[-118.06955820799999,33.896252271000037],[-118.06886312099999,33.895982196000034],[-118.06817064899997,33.895705482000039],[-118.06748085699996,33.895422157000041],[-118.06679380699995,33.89513224500007],[-118.06610956199995,33.894835772000079],[-118.06542818399998,33.894532768000033],[-118.06474973699994,33.894223259000057],[-118.06407428199998,33.893907273000025],[-118.06340188099995,33.893584840000074],[-118.06273259499994,33.893255988000078],[-118.06206648599999,33.892920748000051],[-118.06140361499996,33.892579150000074],[-118.06074404099996,33.892231227000025],[-118.06008782799995,33.891877009000041],[-118.05943503199995,33.891516529000057],[-118.05878571599999,33.891149821000056],[-118.05813993699996,33.890776918000029],[-118.05749775699996,33.890397853000024],[-118.05685922999999,33.890012662000061],[-118.05622441999998,33.889621379000062],[-118.05559338099999,33.889224042000023],[-118.05496617299997,33.888820685000042],[-118.05434285299998,33.888411346000055],[-118.05372347599996,33.88799606200007],[-118.05310810099996,33.887574872000073],[-118.05249678499996,33.887147814000059],[-118.05188958199994,33.886714927000071],[-118.05128654899994,33.886276249000048],[-118.05068773899995,33.885831824000036],[-118.05009320899995,33.885381689000042],[-118.04950301299999,33.884925889000044],[-118.04891720399996,33.884464460000061],[-118.04833583599998,33.883997451000027],[-118.04775896299998,33.883524899000065],[-118.04718663799997,33.883046851000074],[-118.04661891199999,33.882563348000076],[-118.04605583799997,33.882074437000028],[-118.04549746699996,33.881580161000045],[-118.04494384999998,33.881080565000047],[-118.04439503799995,33.880575696000051],[-118.04385108299999,33.88006560000008],[-118.04331203099997,33.879550322000057],[-118.04277793299997,33.879029911000032],[-118.04224884099995,33.878504415000066],[-118.04172479899995,33.87797388000007],[-118.04120585599998,33.877438356000027],[-118.04069206099996,33.876897892000045],[-118.04018345999998,33.876352537000059],[-118.03968009899995,33.875802341000053],[-118.03918202599999,33.875247355000056],[-118.03868928499998,33.87468762900005],[-118.03820192099994,33.874123215000054],[-118.03771998099995,33.873554163000051],[-118.03724350499999,33.872980527000038],[-118.03677253999996,33.872402359000034],[-118.03630712699999,33.871819711000057],[-118.03584730999995,33.871232638000038],[-118.03539313099998,33.870641192000051],[-118.03494463099997,33.870045428000026],[-117.90849705599999,33.914684970000053],[-117.94096218299995,34.007989713000029],[-118.12925986399995,33.943773702000044],[-118.11428126599998,33.899568389000024]]]},"properties":{"OBJECTID":13,"bid":13,"zone_id":"D_FUL003","zone_name":"Class D - FUL","restrict":"Controlled Airspace","note":"Valid time: Jan 1, 2026-Dec 31, 2026, daily 7:00 AM-9:00 PM (GMT-8); You must have an airspace authorization from the FAA. Use LAANC. Prior to flight, the remote pilot in command must assess local airspace and any flight restrictions.","flight_cei":350,"height_met":106.68000000000001,"Area":178.47235052783009,"shape_":"面"}},{"type":"Feature","id":14,"geometry":{"type":"Polygon","coordinates":[[[-118.16034114299998,33.775135682000041],[-118.15987249199998,33.774535072000049],[-118.15939821299997,33.77393889700005],[-118.15891834699994,33.773347210000054],[-118.15843293699999,33.772760062000032],[-118.15794202599994,33.772177506000048],[-118.15744565899996,33.77159959200003],[-118.15694387599996,33.77102637400003],[-118.15643672499999,33.770457899000064],[-118.15592424799996,33.769894221000072],[-118.15540649299999,33.769335388000059],[-118.15488350499999,33.768781448000027],[-118.15435532899994,33.768232453000053],[-118.15382201299997,33.767688451000026],[-118.15328360399997,33.76714948700004],[-118.15274014799996,33.766615613000056],[-118.15219169699998,33.766086874000052],[-118.15163829599999,33.765563316000055],[-118.15107999399999,33.765044987000067],[-118.15051684199994,33.764531933000058],[-118.14994888899997,33.764024198000072],[-118.14937618599998,33.763521827000034],[-118.14879878299996,33.763024865000034],[-118.14821673199998,33.762533355000073],[-118.14763008299997,33.762047343000063],[-118.14703888799994,33.761566870000024],[-118.14644319999996,33.761091978000024],[-118.14584307299998,33.760622712000043],[-118.14523855699997,33.760159109000028],[-118.14462970799997,33.759701214000074],[-118.14401657999997,33.759249066000052],[-118.14339922499994,33.758802704000061],[-118.14277769899996,33.758362170000055],[-118.14215205699998,33.757927500000051],[-118.14152235399996,33.757498734000023],[-118.14088864699994,33.757075910000026],[-118.14025099099996,33.756659066000054],[-118.13960944199999,33.756248237000079],[-118.13896405699995,33.755843460000051],[-118.13831489299997,33.755444773000079],[-118.13766200899994,33.755052208000052],[-118.13700545999995,33.75466580300008],[-118.13634530699994,33.754285589000062],[-118.13568160599999,33.753911602000073],[-118.13501441699998,33.753543873000069],[-118.13434379899996,33.753182436000031],[-118.13366980999996,33.752827323000076],[-118.13299251199999,33.752478565000047],[-118.13231196299995,33.752136194000059],[-118.13162822399994,33.751800238000044],[-118.13094135599999,33.751470729000062],[-118.13025141799994,33.751147694000053],[-118.12955847199999,33.750831163000043],[-118.12886257899999,33.75052116300003],[-118.12816380199996,33.750217724000038],[-118.12746220299999,33.74992086900005],[-118.12675784099997,33.749630628000034],[-118.12605078099995,33.749347024000031],[-118.12534108399996,33.749070083000049],[-118.12462881499999,33.748799829000063],[-118.12391403399994,33.748536287000036],[-118.12319680699994,33.748279480000065],[-118.12247719499999,33.748029430000031],[-118.12175526399994,33.747786160000032],[-118.12103107599995,33.747549691000074],[-118.12030469699999,33.747320044000048],[-118.11957618899999,33.747097239000027],[-118.11884561899996,33.746881296000026],[-118.11811304899999,33.746672235000062],[-118.11737854399996,33.746470073000069],[-118.11664217199996,33.746274828000026],[-118.11590399599999,33.746086519000073],[-118.11516407999994,33.745905161000053],[-118.11442249099997,33.74573077000008],[-118.11367929599999,33.745563362000041],[-118.11293455899994,33.745402952000063],[-118.11218834499999,33.745249554000054],[-118.11144072199994,33.745103181000047],[-118.11069175499995,33.744963848000054],[-118.10994151099999,33.744831564000037],[-118.10919005499994,33.744706344000065],[-118.10843745599999,33.744588196000052],[-118.10768377799997,33.744477133000032],[-118.10692908899995,33.744373164000024],[-118.10617345499998,33.744276298000045],[-118.10541694399996,33.744186543000069],[-118.10465962199999,33.744103908000056],[-118.10390155599998,33.744028400000047],[-118.10314281299998,33.743960025000035],[-118.10238346099999,33.74389879000006],[-118.10162356599994,33.743844700000068],[-118.10086319699997,33.743797760000064],[-118.10010241999998,33.743757974000061],[-118.09934130199997,33.74372534500003],[-118.09857990999996,33.743699876000051],[-118.09781831299995,33.743681570000035],[-118.09705657799998,33.74367042800003],[-118.09629476999999,33.74366645200007],[-118.09553296099995,33.743669641000054],[-118.09477121299994,33.743679996000026],[-118.09400959799996,33.743697515000065],[-118.09324818099998,33.743722196000078],[-118.09248702999997,33.743754039000066],[-118.09172621099998,33.743793039000025],[-118.09096579399994,33.743839193000042],[-118.09020584399997,33.743892498000037],[-118.08944642899996,33.743952948000072],[-118.08868761599996,33.744020538000029],[-118.08792947299997,33.744095263000077],[-118.08717206599999,33.74417711600006],[-118.08641546099994,33.744266088000074],[-118.08565972799994,33.744362174000059],[-118.08490493199997,33.744465363000074],[-118.08415113999996,33.74457564800008],[-118.08339841799994,33.744693017000031],[-118.08264683499999,33.744817461000025],[-118.08189645399995,33.744948969000063],[-118.08114734299994,33.745087529000045],[-118.08039956899995,33.745233129000042],[-118.07965319799996,33.745385755000029],[-118.07890829499996,33.745545396000068],[-118.07816492699999,33.745712035000054],[-118.07742315799999,33.745885660000056],[-118.07668305599998,33.746066253000038],[-118.07594468499997,33.746253799000044],[-118.07520811099994,33.746448283000063],[-118.07447339799995,33.746649686000069],[-118.07374061399997,33.746857990000024],[-118.07300981999998,33.747073178000051],[-118.07228108199996,33.747295229000031],[-118.07155446599995,33.74752412600003],[-118.07083003399998,33.747759847000054],[-118.07010785199998,33.748002371000041],[-118.06938798199997,33.748251677000042],[-118.06867048999999,33.748507743000062],[-118.06795543799996,33.74877054600006],[-118.06724288799995,33.749040063000052],[-118.06653290599996,33.749316271000055],[-118.06582555299997,33.749599144000058],[-118.06512089299997,33.749888657000042],[-118.06441898599996,33.750184786000034],[-118.06371989499996,33.750487504000034],[-118.06302368299998,33.750796783000055],[-118.06233041099995,33.751112598000077],[-118.06164013999995,33.751434920000065],[-118.06095293099997,33.751763720000042],[-118.06026884499994,33.752098968000041],[-118.05958794199995,33.752440636000074],[-118.05891028399998,33.75278869400006],[-118.05823592999997,33.753143110000053],[-118.05756493799998,33.75350385400003],[-118.05689736899996,33.753870892000066],[-118.05623328199999,33.75424419400008],[-118.05557273599999,33.754623725000044],[-118.05491578899995,33.755009453000071],[-118.05426249899995,33.755401342000027],[-118.05361292399999,33.755799359000036],[-118.05296711999995,33.756203468000024],[-118.05232514799997,33.756613633000029],[-118.05168706099994,33.757029819000024],[-118.05105291699999,33.757451988000071],[-118.05042277099994,33.757880102000058],[-118.04979668099998,33.758314125000027],[-118.04917469999998,33.758754018000047],[-118.04855688399999,33.759199741000032],[-118.04794328899999,33.759651255000051],[-118.04733396699999,33.760108522000053],[-118.04672897199998,33.760571499000037],[-118.04612835999995,33.761040145000038],[-118.04553218199999,33.761514420000026],[-118.04494049199997,33.761994283000035],[-118.04435333999999,33.762479689000031],[-118.04377078099998,33.76297059500007],[-118.04319286499998,33.763466960000073],[-118.04261964199998,33.763968739000063],[-118.04205116499998,33.76447588700006],[-118.04148748399996,33.764988359000029],[-118.04092864699999,33.765506111000036],[-118.04037470599997,33.766029097000057],[-118.03982570599999,33.766557269000032],[-118.03928170099999,33.767090582000037],[-118.03874273399998,33.76762898800007],[-118.03820885699997,33.768172439000068],[-118.03768011399995,33.768720889000065],[-118.03715655299999,33.769274286000041],[-118.03663822099998,33.769832585000074],[-118.03612516199996,33.770395733000043],[-118.03561742299996,33.770963683000048],[-118.03511504899996,33.771536382000079],[-118.03461808399999,33.772113782000076],[-118.03412657199999,33.772695831000078],[-118.03364055499998,33.773282477000066],[-118.03316007799998,33.773873669000068],[-118.03268518299996,33.774469353000029],[-118.03221591199997,33.775069479000024],[-118.03175230599999,33.775673991000076],[-118.03129440699996,33.776282837000053],[-118.03084225499998,33.776895963000072],[-118.03039588999997,33.777513315000078],[-118.02995535099996,33.778134838000028],[-118.02952067799998,33.778760477000048],[-118.02909190799994,33.779390177000039],[-118.02866907999999,33.78002388200008],[-118.02825223199994,33.780661536000025],[-118.02784139899995,33.781303082000079],[-118.02743661899996,33.781948464000038],[-118.02703792799997,33.78259762600004],[-118.02664535799994,33.783250508000037],[-118.02625894899995,33.783907053000064],[-118.02587873099998,33.78456720500003],[-118.02550473999997,33.785230904000059],[-118.02513700699996,33.785898090000046],[-118.02477556599996,33.786568707000072],[-118.02442044899999,33.787242692000063],[-118.02407168599996,33.787919989000045],[-118.02372930999996,33.788600535000057],[-118.02339335099998,33.789284272000032],[-118.02306383699994,33.789971139000045],[-118.02274079799997,33.79066107500006],[-118.02242426299995,33.79135401800005],[-118.02211425899998,33.79204990900007],[-118.02181081499998,33.79274868400006],[-118.02151395599998,33.793450282000038],[-118.02122370999996,33.794154642000024],[-118.02094010199994,33.79486170000007],[-118.02066315699994,33.795571395000024],[-118.02039289899994,33.796283663000054],[-118.02012935199997,33.796998442000074],[-118.01987254099998,33.797715668000023],[-118.01962248699999,33.798435277000067],[-118.01937921099994,33.799157208000054],[-118.01914273799997,33.799881393000078],[-118.01891308699999,33.800607772000035],[-118.01869027699996,33.801336278000065],[-118.01847432899996,33.802066848000038],[-118.01826526399998,33.802799416000028],[-118.01806309699998,33.803533919000074],[-118.01786784799998,33.80427029100008],[-118.01767953399997,33.805008466000061],[-118.01749817099994,33.805748380000068],[-118.01732377599996,33.806489967000061],[-118.01715636399996,33.807233162000045],[-118.01699594899998,33.807977899000036],[-118.01684254599996,33.80872411100006],[-118.01669616999999,33.809471733000066],[-118.01655683099995,33.81022069900007],[-118.01642454299997,33.810970943000029],[-118.01629931699995,33.81172239700004],[-118.01618116599997,33.812474996000049],[-118.01607009799994,33.813228673000026],[-118.01596612399999,33.813983362000045],[-118.01586925299995,33.814738995000027],[-118.01577949299997,33.815495505000058],[-118.01569685399994,33.816252827000028],[-118.01562134099999,33.817010892000042],[-118.01555296099997,33.817769635000047],[-118.01549172099999,33.818528987000036],[-118.01543762699998,33.819288880000045],[-118.01539068199997,33.820049250000068],[-118.01535089099997,33.82081002700005],[-118.01531825799998,33.821571144000075],[-118.01529278499999,33.822332536000033],[-118.01527447399997,33.823094133000041],[-118.01526332799995,33.823855869000056],[-118.01525934599999,33.82461767500007],[-118.01526253099996,33.825379485000042],[-118.01527287999994,33.826141233000044],[-118.01529039499997,33.826902848000032],[-118.01531507099997,33.827664266000056],[-118.01534690799997,33.828425417000062],[-118.01538590399997,33.829186235000066],[-118.01543205399997,33.829946653000036],[-118.01548535399996,33.830706604000056],[-118.01554579999998,33.831466019000061],[-118.01561338499999,33.832224832000065],[-118.01568810599997,33.832982976000039],[-118.01576995299996,33.833740383000077],[-118.01585892099996,33.834496988000069],[-118.01595500199994,33.835252722000064],[-118.01605818699994,33.836007519000077],[-118.01616846699994,33.836761311000032],[-118.01628583199999,33.837514034000037],[-118.01641027099998,33.838265619000026],[-118.01654177399996,33.839016001000061],[-118.01668032899994,33.839765111000077],[-118.01682592499998,33.840512886000056],[-118.01697854599996,33.841259259000026],[-118.01713818199994,33.84200416300007],[-118.01730481699997,33.842747532000033],[-118.01747843699997,33.843489301000034],[-118.01765902499994,33.844229404000032],[-118.01784656799998,33.844967777000079],[-118.01804104599995,33.845704352000041],[-118.01824244399995,33.846439066000073],[-118.01845074499994,33.847171852000031],[-118.01866592799996,33.847902648000058],[-118.01888797499998,33.848631386000079],[-118.01911686699998,33.849358004000067],[-118.01935258299994,33.850082437000026],[-118.01959510199998,33.850804621000066],[-118.01984440499996,33.851524493000056],[-118.02010046599997,33.852241986000024],[-118.02036326399997,33.852957040000035],[-118.02063277799999,33.853669591000028],[-118.02090897999994,33.854379574000063],[-118.02119184899999,33.855086930000027],[-118.02148135799996,33.85579159200006],[-118.02177748199995,33.856493501000045],[-118.02208019599999,33.857192593000036],[-118.02238947199999,33.857888807000052],[-118.02270528299999,33.858582081000066],[-118.02302759899999,33.859272354000041],[-118.02335639499995,33.859959565000054],[-118.02369163899999,33.860643653000068],[-118.02403330299995,33.861324558000035],[-118.02438135699998,33.862002218000043],[-118.02473576999995,33.86267657500008],[-118.02509650799999,33.863347569000041],[-118.02546354299994,33.864015140000049],[-118.02583683999995,33.864679229000046],[-118.02621636799995,33.865339778000077],[-118.02660209099997,33.865996727000038],[-118.02699397599997,33.866650019000076],[-118.02739198899997,33.867299597000056],[-118.02779609399994,33.867945402000032],[-118.02820625499999,33.868587379000076],[-118.02862243599998,33.869225468000025],[-118.02904460199994,33.869859615000053],[-118.02947271299996,33.870489762000034],[-118.02990673199997,33.871115856000074],[-118.03034661999999,33.871737839000048],[-118.03079233899996,33.87235565800006],[-118.03124384999995,33.872969257000079],[-118.03170111199995,33.873578581000061],[-118.03216408499998,33.874183578000043],[-118.03263272899994,33.874784193000039],[-118.03310699999997,33.875380374000031],[-118.03358685899997,33.875972068000067],[-118.03407226099995,33.876559222000026],[-118.03456316499995,33.877141785000049],[-118.03505952499995,33.877719703000025],[-118.03556130099997,33.878292929000054],[-118.03606844599994,33.878861409000024],[-118.03658091499994,33.879425094000055],[-118.03709866299999,33.879983934000052],[-118.03762164499994,33.88053787900003],[-118.03814981399995,33.881086881000044],[-118.03868312299994,33.881630890000054],[-118.03922152499996,33.882169859000044],[-118.03976497399998,33.882703741000057],[-118.04031341899997,33.883232487000043],[-118.04086681399997,33.883756051000034],[-118.04142510899999,33.884274387000062],[-118.04198825499998,33.884787449000044],[-118.04255620099997,33.885295192000058],[-118.04312889799996,33.885797569000033],[-118.04370629499999,33.886294538000072],[-118.04428833999998,33.886786055000073],[-118.04487498399999,33.887272074000066],[-118.04546617199998,33.887752555000077],[-118.04606185299997,33.88822745300007],[-118.04666197599994,33.88869672800007],[-118.04726648599996,33.889160338000067],[-118.04787532899996,33.889618240000061],[-118.04848845199996,33.890070396000056],[-118.04910580099994,33.890516765000029],[-118.04972732099998,33.890957308000054],[-118.05035295799996,33.891391985000041],[-118.05098265499998,33.891820759000041],[-118.05161635799999,33.892243590000078],[-118.05225400899997,33.892660443000068],[-118.05289555299998,33.893071280000072],[-118.05354093199998,33.893476064000026],[-118.05419009199994,33.893874759000028],[-118.05484297099997,33.894267332000027],[-118.05549951499995,33.894653746000074],[-118.05615966399995,33.895033968000064],[-118.05682335899996,33.895407964000071],[-118.05749054399996,33.895775701000048],[-118.05816115799996,33.896137145000068],[-118.05883514199996,33.896492266000052],[-118.05951243599998,33.896841033000044],[-118.06019297999995,33.89718341400004],[-118.06087671499995,33.897519377000037],[-118.06156357999998,33.897848896000028],[-118.06225351299997,33.898171939000065],[-118.06294645499997,33.898488478000047],[-118.06364234299997,33.898798486000032],[-118.06434111599998,33.899101935000033],[-118.06504271299997,33.89939879800005],[-118.06574707099998,33.899689048000027],[-118.06645412799998,33.899972661000049],[-118.06716382099995,33.900249611000049],[-118.06787608799999,33.900519873000064],[-118.06859086499998,33.900783424000053],[-118.06930808899995,33.901040239000054],[-118.07002769699994,33.901290298000049],[-118.07074962599995,33.901533577000066],[-118.07147380999999,33.901770056000032],[-118.07220018699996,33.901999712000077],[-118.07292869199995,33.90222252500007],[-118.07365925999994,33.902438477000032],[-118.07439182799999,33.902647548000061],[-118.07512632899994,33.902849719000073],[-118.07586269899997,33.903044973000078],[-118.07660087299996,33.903233292000039],[-118.07734078599998,33.903414659000077],[-118.07808237199998,33.903589059000069],[-118.07882556599998,33.90375647500008],[-118.07957030199998,33.903916894000076],[-118.08031651299996,33.904070302000036],[-118.08106413499996,33.904216684000062],[-118.08181309999998,33.904356027000063],[-118.08256334199996,33.904488320000041],[-118.08331479699996,33.904613550000079],[-118.08406739399999,33.904731706000064],[-118.08482107099996,33.904842779000035],[-118.08557575899999,33.904946757000062],[-118.08633139199998,33.905043633000048],[-118.08708790099996,33.905133397000043],[-118.08784522299999,33.905216041000074],[-118.08860328699996,33.905291559000034],[-118.08936202899997,33.905359943000065],[-118.09012137999997,33.905421188000048],[-118.09088127499996,33.905475287000058],[-118.09164164299995,33.905522237000071],[-118.09240241999998,33.905562032000034],[-118.09316353799994,33.905594671000074],[-118.09392492899997,33.905620148000025],[-118.09468652499999,33.905638464000049],[-118.09544826199999,33.905649615000073],[-118.09621006699996,33.905653600000051],[-118.09697187799998,33.905650421000075],[-118.09773362499999,33.905640076000054],[-118.09849524099997,33.90562256700008],[-118.09925665799994,33.905597895000028],[-118.10001781099999,33.905566061000059],[-118.10077862799994,33.905527071000051],[-118.10153904699996,33.905480926000052],[-118.10229899799998,33.905427630000077],[-118.10305841299999,33.90536718900006],[-118.10381722699998,33.905299608000064],[-118.10457537099995,33.905224893000025],[-118.10533277899998,33.905143050000049],[-118.10608938399997,33.905054087000053],[-118.10684511899996,33.90495801000003],[-118.10759991699996,33.90485483100008],[-118.10835370999996,33.904744556000026],[-118.10910643299997,33.904627195000046],[-118.10985801899994,33.90450276100006],[-118.11060839999999,33.904371262000041],[-118.11135751399996,33.904232712000066],[-118.11210528899994,33.904087121000032],[-118.11285166199997,33.903934503000073],[-118.11359656699995,33.903774873000032],[-118.11433993799994,33.903608242000075],[-118.11508170799999,33.903434627000024],[-118.11582181299997,33.903254043000061],[-118.11656018499997,33.903066506000073],[-118.11729676199997,33.902872031000072],[-118.11803147599994,33.902670637000028],[-118.11876426499998,33.902462342000035],[-118.11949506099995,33.902247163000027],[-118.12022380199994,33.902025121000065],[-118.12095042099997,33.901796233000027],[-118.12167485499998,33.901560522000068],[-118.12239703999995,33.901318006000054],[-118.12311691299999,33.901068709000072],[-118.12383440899998,33.90081265200007],[-118.12454946499997,33.900549858000034],[-118.12526201699995,33.90028034900007],[-118.12597200299996,33.900004151000076],[-118.12667935899998,33.899721287000034],[-118.12738402299999,33.899431781000033],[-118.12808593299997,33.899135662000049],[-118.12878502799998,33.898832952000078],[-118.12948124399998,33.898523681000029],[-118.13017451999997,33.898207875000026],[-118.13086479499998,33.897885562000056],[-118.13155200799997,33.89755677100004],[-118.13223609799996,33.897221530000024],[-118.13291700499997,33.896879871000067],[-118.13243496899997,33.896307510000042],[-118.13195843499994,33.895730560000061],[-118.13148744799997,33.895149075000063],[-118.13102204799998,33.894563107000067],[-118.13056227999999,33.893972710000071],[-118.13010818399999,33.89337794000005],[-118.12965980399997,33.892778848000034],[-118.12921717999996,33.892175492000035],[-118.12878035299997,33.89156792600005],[-118.12834936199999,33.890956206000055],[-118.12792424699995,33.890340387000037],[-118.12750504699994,33.889720527000065],[-118.12709180099995,33.889096682000059],[-118.12668454699997,33.888468910000029],[-118.12628332099996,33.887837267000066],[-118.12588815999999,33.887201812000058],[-118.12549910099995,33.886562603000073],[-118.12511617999996,33.885919699000056],[-118.12473943099997,33.885273157000029],[-118.12436888899998,33.884623039000076],[-118.12400458799999,33.883969403000037],[-118.12364656099999,33.883312310000065],[-118.12329484299994,33.882651819000046],[-118.12294946199995,33.881987991000074],[-118.12261045299999,33.881320887000072],[-118.12227784699996,33.880650568000078],[-118.12195167299996,33.879977095000072],[-118.12163196099999,33.879300531000069],[-118.12131874199997,33.878620936000061],[-118.12101204199996,33.877938374000053],[-118.12071189199997,33.87725290800006],[-118.12041831799996,33.876564600000052],[-118.12013134599999,33.875873512000055],[-118.11985100399994,33.875179708000076],[-118.11957731799998,33.874483253000051],[-118.11931031099999,33.873784209000064],[-118.11905000899998,33.873082641000053],[-118.11879643499998,33.872378613000024],[-118.11854961399996,33.871672189000037],[-118.11830956599999,33.870963435000078],[-118.11807631399995,33.870252415000039],[-118.11784988199997,33.869539196000062],[-118.11763028599995,33.868823841000051],[-118.11741754999997,33.868106415000057],[-118.11721169199996,33.867386987000032],[-118.11701273099999,33.866665621000038],[-118.11682068499999,33.865942383000061],[-118.11663557099996,33.865217340000072],[-118.11645740899996,33.864490557000067],[-118.11628621099999,33.863762102000067],[-118.11612199599995,33.863032042000043],[-118.11596477699999,33.862300443000038],[-118.11581456999994,33.861567372000025],[-118.11567138699996,33.86083289700008],[-118.11553524399994,33.860097085000064],[-118.11540614999996,33.859360003000063],[-118.11528411899997,33.858621719000041],[-118.11516916199997,33.857882301000075],[-118.11506128799999,33.857141815000034],[-118.11496050899996,33.856400331000032],[-118.11486683399994,33.855657916000041],[-118.11478026999998,33.854914639000071],[-118.11470082599999,33.85417056700004],[-118.11462850899994,33.853425767000033],[-118.11456332599994,33.852680311000029],[-118.11450528299997,33.851934264000079],[-118.11445438399994,33.851187695000078],[-118.11441063499996,33.850440674000026],[-118.11437403999997,33.849693268000067],[-118.11434460199996,33.848945546000039],[-118.11432232399994,33.848197576000075],[-118.11430720799996,33.847449428000061],[-118.11429925399995,33.846701169000028],[-118.11429846599998,33.84595286800004],[-118.11430484099998,33.845204593000062],[-118.11431837899994,33.844456415000025],[-118.11433907999998,33.843708399000036],[-118.11436693999997,33.842960617000074],[-118.11440195799997,33.842213136000055],[-118.11444413099997,33.841466024000056],[-118.11449345499994,33.84071934900004],[-118.11454992399996,33.839973182000051],[-118.11461353499999,33.839227589000075],[-118.11468428099994,33.838482640000052],[-118.11476215499999,33.83773840200007],[-118.11484715099999,33.836994943000036],[-118.11493925999997,33.836252333000061],[-118.11503847499995,33.835510637000027],[-118.11514478699996,33.834769926000035],[-118.11525818399997,33.83403026700006],[-118.11537865799994,33.833291727000073],[-118.11550619599996,33.83255437400004],[-118.11564078799995,33.831818277000025],[-118.11578242099995,33.83108350100008],[-118.11593108099999,33.830350115000044],[-118.11608675699995,33.829618187000051],[-118.11624943199996,33.828887781000049],[-118.11641909199994,33.828158966000046],[-118.11659572199994,33.827431810000064],[-118.11677930599996,33.82670637700005],[-118.11696982599994,33.825982737000061],[-118.11716726499998,33.825260952000065],[-118.11737160499996,33.824541091000071],[-118.11758282799997,33.823823219000076],[-118.11780091399999,33.823107403000051],[-118.11802584099996,33.82239370700006],[-118.11825759199996,33.82168219700003],[-118.11849614499999,33.820972938000068],[-118.11874147599997,33.820265996000046],[-118.11899356399999,33.819561434000036],[-118.11925238599997,33.818859318000079],[-118.11951791699994,33.818159713000057],[-118.11979013399997,33.817462682000041],[-118.12006901299998,33.816768289000038],[-118.12035452499998,33.816076597000063],[-118.12064664799999,33.815387670000064],[-118.12094535099999,33.814701572000047],[-118.12125060899996,33.814018365000038],[-118.12156239599994,33.813338112000054],[-118.12188067899996,33.812660874000073],[-118.12220543199999,33.811986715000046],[-118.12253662399996,33.811315696000065],[-118.12287422499998,33.810647879000044],[-118.12321820399995,33.809983324000029],[-118.12356852999994,33.809322092000059],[-118.12392516999995,33.808664245000045],[-118.12428809099998,33.808009842000047],[-118.12465726099998,33.807358944000043],[-118.12503264499998,33.806711609000047],[-118.12541420999997,33.806067899000027],[-118.12580191999996,33.805427870000074],[-118.12619573799998,33.804791583000053],[-118.12659563199998,33.804159096000035],[-118.12700156099999,33.803530465000051],[-118.12741349099997,33.802905750000036],[-118.12783138199995,33.802285008000069],[-118.12825519599994,33.801668294000024],[-118.12868489699997,33.801055666000025],[-118.12912044099994,33.800447180000049],[-118.12956179099996,33.799842891000026],[-118.13000890699999,33.799242855000045],[-118.13046174599998,33.798647128000027],[-118.13092026999999,33.798055763000036],[-118.13138443099996,33.797468815000059],[-118.13185419199999,33.796886338000036],[-118.13232950799994,33.796308385000032],[-118.13281033399994,33.795735009000055],[-118.13329662799998,33.795166261000077],[-118.13378834499997,33.794602196000028],[-118.13428543999999,33.794042864000062],[-118.13478786599995,33.793488317000026],[-118.13529557799995,33.792938605000074],[-118.13580852999996,33.792393779000065],[-118.13632667499996,33.791853890000027],[-118.13684996399996,33.791318985000032],[-118.13737834999995,33.790789114000063],[-118.13791178599996,33.790264327000045],[-118.13845021999998,33.789744669000072],[-118.13899360399995,33.789230192000048],[-118.13954188999998,33.788720939000029],[-118.14009502599998,33.788216960000057],[-118.14065296099994,33.787718298000073],[-118.14121564499999,33.787225001000024],[-118.14178302499994,33.786737113000072],[-118.14235505099998,33.78625468000007],[-118.14293166899995,33.785777746000065],[-118.14351282599995,33.785306353000067],[-118.14409846999996,33.784840546000055],[-118.14468854699999,33.78438036700004],[-118.14528300099994,33.783925858000032],[-118.14588177999997,33.783477061000042],[-118.14648482899997,33.783034018000023],[-118.14709208999994,33.78259676700003],[-118.14770351099997,33.78216535100006],[-118.14831903299995,33.781739808000054],[-118.14893860099994,33.781320177000055],[-118.14956215899997,33.780906496000057],[-118.15018964899997,33.780498805000036],[-118.15082101099995,33.780097140000066],[-118.15145619099997,33.779701537000051],[-118.15209512999996,33.779312034000043],[-118.15273776699996,33.778928665000024],[-118.15338404699997,33.778551467000057],[-118.15403390699998,33.778180472000031],[-118.15468728799999,33.777815717000067],[-118.15534413299997,33.777457234000053],[-118.15600437899997,33.77710505500005],[-118.15666796699998,33.776759213000048],[-118.15733483399998,33.776419740000051],[-118.15800492199998,33.776086667000072],[-118.15867816799999,33.775760025000068],[-118.15935450899997,33.775439842000026],[-118.16034114299998,33.775135682000041]]]},"properties":{"OBJECTID":14,"bid":14,"zone_id":"D_SLI003","zone_name":"Class D - SLI","restrict":"Controlled Airspace","note":"Valid time: Jan 1, 2026-Dec 31, 2026, daily 7:00 AM-9:00 PM (GMT-8); You must have an airspace authorization from the FAA. Use LAANC. Prior to flight, the remote pilot in command must assess local airspace and any flight restrictions.","flight_cei":150,"height_met":45.719999999999999,"Area":157.40094722437343,"shape_":"面"}},{"type":"Feature","id":15,"geometry":{"type":"Polygon","coordinates":[[[-117.80592765899996,34.188291165000066],[-117.80630553799995,34.186749249000059],[-117.80653481099995,34.185961727000063],[-117.80675724199995,34.185172246000036],[-117.80697281599998,34.184380865000037],[-117.80718151799999,34.183587643000067],[-117.80738332999999,34.182792641000049],[-117.80757823899995,34.18199591900003],[-117.80776622799999,34.181197535000024],[-117.80794728399997,34.180397550000066],[-117.80812139399995,34.17959602600007],[-117.80828854399999,34.178793021000047],[-117.80844872199998,34.177988596000034],[-117.80860191499994,34.177182812000069],[-117.80874811299998,34.176375729000029],[-117.80888730399994,34.175567408000063],[-117.80901947699999,34.174757911000029],[-117.80914462399994,34.173947297000041],[-117.80926273199998,34.173135627000079],[-117.80937379599999,34.172322965000035],[-117.80947780699995,34.171509369000034],[-117.80957475499997,34.170694901000047],[-117.80966463399994,34.169879623000043],[-117.80974743699994,34.169063596000058],[-117.80982315799997,34.168246882000062],[-117.80989179199997,34.167429541000047],[-117.80995333199996,34.166611636000027],[-117.81000777499997,34.165793227000052],[-117.81005511599994,34.164974377000078],[-117.81009535199996,34.164155147000031],[-117.81012847899996,34.16333559900005],[-117.81015449699998,34.162515794000058],[-117.81017340099999,34.16169579600006],[-117.81018519099996,34.160875662000024],[-117.81018986599997,34.160055459000034],[-117.81018742699996,34.159235245000048],[-117.81017787099995,34.158415084000069],[-117.81016120099997,34.157595036000032],[-117.81013741799995,34.156775163000077],[-117.81010652299994,34.15595552800005],[-117.81006851999996,34.155136192000043],[-117.81002340999999,34.154317216000038],[-117.80997119799997,34.153498662000061],[-117.80991188699994,34.152680592000024],[-117.80984547999998,34.151863067000079],[-117.80977198499994,34.151046149000024],[-117.80969140599996,34.150229900000056],[-117.80960374799997,34.149414380000053],[-117.80950901899996,34.14859965100004],[-117.80940722799994,34.147785775000045],[-117.80929837799999,34.146972812000058],[-117.80918248199998,34.146160824000049],[-117.80905954399998,34.145349872000054],[-117.80892957799995,34.144540018000043],[-117.80879258999994,34.143731320000029],[-117.80864859099995,34.142923843000062],[-117.80849759499995,34.142117644000052],[-117.80833960899997,34.141312786000071],[-117.80817464799998,34.140509328000064],[-117.80800272299996,34.139707331000068],[-117.80782384699995,34.138906856000062],[-117.80763803299999,34.138107963000039],[-117.80744529699996,34.137310713000034],[-117.80724565199995,34.136515164000059],[-117.80703911199998,34.135721377000039],[-117.80682569599998,34.13492941100003],[-117.80660541599997,34.134139327000071],[-117.80637829099999,34.133351183000059],[-117.80614433699998,34.132565039000042],[-117.80590357199998,34.131780955000067],[-117.80565601499995,34.130998988000044],[-117.80540168399995,34.130219198000077],[-117.80514059699999,34.129441644000053],[-117.80487277499998,34.128666385000031],[-117.80459823799998,34.127893477000043],[-117.80431700599996,34.127122980000024],[-117.80402910099997,34.126354952000042],[-117.80373454399995,34.125589451000053],[-117.80343335799995,34.124826533000032],[-117.80312556399997,34.124066257000038],[-117.80281118699997,34.123308680000036],[-117.80249025099999,34.12255385800006],[-117.80216277699998,34.121801849000065],[-117.80182879299997,34.121052709000026],[-117.80148832199995,34.120306494000033],[-117.80114139099999,34.119563261000053],[-117.80078802599996,34.118823066000061],[-117.80042825299995,34.118085964000045],[-117.80006209799996,34.117352010000047],[-117.79968959099995,34.116621261000034],[-117.79931075899998,34.115893770000071],[-117.79892562999999,34.115169594000065],[-117.79853423399999,34.114448785000036],[-117.79813659799999,34.113731399000073],[-117.79773275499997,34.113017489000072],[-117.79732273399998,34.112307110000074],[-117.79690656599996,34.111600314000043],[-117.79648428199999,34.110897155000032],[-117.79605591499995,34.110197686000049],[-117.79562149499998,34.109501958000067],[-117.79518105599999,34.108810026000072],[-117.79473463199997,34.108121940000046],[-117.79428225499998,34.107437753000056],[-117.79382395999994,34.106757517000062],[-117.79335978099999,34.106081281000058],[-117.79288975399999,34.105409098000052],[-117.79241391299996,34.104741017000038],[-117.79193229399999,34.104077090000033],[-117.79144493399997,34.103417365000041],[-117.79095186999996,34.102761892000046],[-117.79045313799998,34.102110722000077],[-117.78994877499997,34.101463903000024],[-117.78943882099998,34.100821484000051],[-117.78892331299994,34.100183512000058],[-117.78840228999996,34.099550037000029],[-117.78787579099998,34.098921104000055],[-117.78734385599995,34.098296764000054],[-117.78680652399999,34.09767706100007],[-117.78626383799997,34.097062042000061],[-117.78571583699994,34.096451755000032],[-117.78516256199998,34.095846244000029],[-117.78460405499999,34.095245556000066],[-117.78404035799997,34.094649735000075],[-117.78347151299994,34.094058827000026],[-117.78289756499998,34.093472875000032],[-117.78231855499996,34.09289192500006],[-117.78173452599998,34.092316020000055],[-117.78114552399995,34.091745202000027],[-117.78055159199994,34.091179515000078],[-117.77995277499997,34.090619003000029],[-117.77934911799997,34.090063705000034],[-117.77874066699997,34.089513666000073],[-117.77812746699999,34.088968925000074],[-117.77750956499995,34.088429524000048],[-117.77688700699997,34.087895504000073],[-117.77625983999997,34.087366904000078],[-117.77562810899997,34.086843765000026],[-117.77499186599999,34.086326127000063],[-117.77435115599997,34.085814026000037],[-117.77370602699995,34.085307503000024],[-117.77305652899997,34.084806596000078],[-117.77240270899995,34.084311341000046],[-117.77174461899995,34.083821778000072],[-117.77108230499999,34.083337941000025],[-117.77041581999998,34.082859868000071],[-117.76974521299996,34.082387595000057],[-117.76951949899995,34.08283515100004],[-117.76928744599996,34.083279452000056],[-117.76904909999996,34.083720410000069],[-117.76880450799996,34.084157933000029],[-117.76855371999994,34.084591936000038],[-117.76829678699994,34.085022328000036],[-117.76803376099997,34.085449025000059],[-117.76776469499998,34.085871938000025],[-117.76748964399997,34.086290983000026],[-117.76720866199997,34.086706076000041],[-117.76692180699996,34.08711713100007],[-117.76662913599995,34.087524066000071],[-117.76633070999998,34.087926800000048],[-117.76602658899998,34.088325249000036],[-117.76571683199995,34.088719335000064],[-117.76540150499994,34.089108976000034],[-117.76508066899999,34.089494096000067],[-117.76475438999995,34.089874615000042],[-117.76442273399999,34.090250456000035],[-117.76408576799997,34.090621544000044],[-117.76374355999997,34.090987804000065],[-117.76339617999997,34.091349161000039],[-117.76304369599995,34.091705543000046],[-117.76268618199998,34.092056877000061],[-117.76232370799994,34.09240309300003],[-117.76195634999999,34.092744121000067],[-117.76158417899995,34.09307989000007],[-117.76120727199998,34.093410335000044],[-117.76082570499995,34.093735387000038],[-117.76043955499995,34.094054981000056],[-117.76004889999996,34.094369054000026],[-117.75965382099997,34.094677540000077],[-117.75925439399998,34.094980378000059],[-117.75885070199996,34.095277507000048],[-117.75844282699995,34.095568865000075],[-117.75803084999995,34.09585439600005],[-117.75761485599998,34.096134040000038],[-117.75719492799999,34.096407742000054],[-117.75677114999996,34.096675446000063],[-117.75634360999999,34.09693709700008],[-117.75591239199997,34.097192643000028],[-117.75547758599998,34.09744203300005],[-117.75503927599999,34.09768521500007],[-117.75459755399999,34.097922142000073],[-117.75415250899999,34.098152764000076],[-117.75370422799995,34.098377035000055],[-117.75325280599998,34.098594910000031],[-117.75279833099995,34.098806345000071],[-117.75234089599996,34.099011297000061],[-117.75188059199996,34.099209725000037],[-117.75141751499996,34.099401588000035],[-117.75095175599995,34.099586848000058],[-117.75048341099995,34.099765467000054],[-117.75001257199995,34.099937409000063],[-117.74953933799998,34.100102641000035],[-117.74906380199997,34.100261127000067],[-117.74858606099997,34.100412835000043],[-117.74810621099999,34.100557737000031],[-117.74762434899998,34.100695801000029],[-117.74714057299997,34.100827000000038],[-117.74665498099995,34.100951309000038],[-117.74616766999998,34.101068700000042],[-117.74567873999996,34.101179151000053],[-117.74518828899994,34.101282640000079],[-117.74469641599995,34.101379145000067],[-117.74420321999997,34.101468647000047],[-117.74370880299995,34.101551129000029],[-117.74321326199998,34.101626572000043],[-117.74271669899997,34.101694962000067],[-117.74221921299994,34.101756285000079],[-117.74172090499997,34.10181053000008],[-117.74122187799998,34.101857684000038],[-117.74072222999996,34.101897737000058],[-117.74022206299998,34.101930684000024],[-117.73972147899997,34.10195651500004],[-117.73922057699997,34.101975227000025],[-117.73871945999997,34.101986816000078],[-117.73821822899998,34.10199127900006],[-117.73771698599995,34.101988615000039],[-117.73721582999997,34.10197882500006],[-117.73671486499995,34.101961910000057],[-117.73621419099999,34.101937875000033],[-117.73571390799998,34.10190672300007],[-117.73521411999997,34.101868462000027],[-117.73471492599998,34.101823100000047],[-117.73421642799997,34.101770644000055],[-117.73371872599995,34.101711107000028],[-117.73322191999995,34.101644498000041],[-117.73272611199997,34.101570833000039],[-117.73223140099998,34.10149012800008],[-117.73173788699995,34.101402396000026],[-117.73124567199994,34.101307656000074],[-117.73075485199996,34.10120592800007],[-117.73026552899995,34.101097233000075],[-117.72977779899998,34.10098159000006],[-117.72929176399998,34.10085902600008],[-117.72880751999998,34.100729563000073],[-117.72832516599999,34.100593229000026],[-117.72784479999996,34.100450050000063],[-117.72736651699995,34.100300056000037],[-117.72689041499996,34.100143279000065],[-117.72641659099997,34.099979747000077],[-117.72594513899998,34.099809495000045],[-117.72547615599996,34.099632557000064],[-117.72500973599995,34.099448970000026],[-117.72454597299998,34.099258770000063],[-117.72408495999997,34.099061995000056],[-117.72362679199995,34.098858686000028],[-117.72317156199995,34.098648883000067],[-117.72271935999999,34.098432629000058],[-117.72227027799994,34.098209968000049],[-117.72182440699999,34.097980945000074],[-117.72138183799996,34.097745605000057],[-117.72094265999999,34.097503997000047],[-117.72050695999997,34.097256169000048],[-117.72007482899994,34.097002172000032],[-117.71964635199998,34.096742056000039],[-117.71922161599997,34.096475875000067],[-117.71880070899999,34.096203682000066],[-117.71838371299998,34.09592553300007],[-117.71797071499998,34.095641482000076],[-117.71756179699997,34.095351588000028],[-117.71715704099995,34.095055911000031],[-117.71675652999994,34.094754508000051],[-117.71636034599999,34.094447441000057],[-117.71596856599996,34.094134773000064],[-117.71558127199995,34.093816567000033],[-117.71519854199994,34.093492885000046],[-117.71482045199997,34.093163795000066],[-117.71444707899997,34.092829363000078],[-117.71407849799999,34.092489656000055],[-117.71371478499998,34.092144743000063],[-117.71335601099997,34.091794694000043],[-117.71300225199997,34.091439580000042],[-117.71265357699997,34.091079471000057],[-117.71231005699997,34.090714442000035],[-117.71197176199996,34.090344565000066],[-117.71163875899998,34.089969917000076],[-117.71131111699998,34.089590571000031],[-117.71098890099995,34.089206605000072],[-117.71067217699999,34.088818098000047],[-117.71036100899994,34.08842512700005],[-117.71005545899999,34.088027770000053],[-117.70975558899994,34.087626111000077],[-117.70946146099999,34.087220228000035],[-117.70917313299998,34.086810205000063],[-117.70889066399997,34.086396123000043],[-117.70861410999998,34.085978068000031],[-117.70834352699995,34.085556122000071],[-117.70807897199995,34.085130373000027],[-117.70782049699994,34.084700905000034],[-117.70756815299995,34.084267806000071],[-117.70732199299999,34.083831162000024],[-117.70708206499995,34.083391063000079],[-117.70684841899998,34.082947598000032],[-117.70662110199999,34.082500855000035],[-117.70640015799995,34.082050925000033],[-117.70618563499994,34.08159789900003],[-117.70597757399997,34.081141870000067],[-117.70577601799999,34.080682929000034],[-117.70558100699998,34.080221167000047],[-117.70539258099996,34.07975668000006],[-117.70521077799998,34.079289562000042],[-117.70503563499994,34.078819905000046],[-117.70486718599994,34.078347806000068],[-117.70470546699994,34.077873360000069],[-117.70455050999999,34.077396663000059],[-117.70440234599994,34.076917810000054],[-117.70426100499998,34.076436899000043],[-117.70412651599997,34.075954028000069],[-117.70399890499999,34.075469293000026],[-117.70387819899997,34.074982792000071],[-117.70376442199995,34.074494626000046],[-117.70365759799995,34.074004890000026],[-117.70355774599994,34.07351368500008],[-117.70346488899997,34.07302111100006],[-117.70337904499996,34.072527265000076],[-117.70330022999997,34.072032249000074],[-117.70322846199997,34.071536163000076],[-117.70316375299996,34.071039106000057],[-117.70310611799999,34.070541180000077],[-117.70305556799997,34.070042485000045],[-117.70301211399999,34.069543122000027],[-117.70297576499996,34.069043191000048],[-117.70294652599995,34.068542793000063],[-117.70292440499998,34.068042030000072],[-117.70290940599995,34.067541004000077],[-117.70290153099995,34.067039815000044],[-117.70290078299996,34.06653856500003],[-117.70290716199997,34.066037355000049],[-117.70209071799997,34.066147923000074],[-117.70127526699997,34.066265595000061],[-117.70046087199995,34.06639036100006],[-117.69964759399994,34.066522211000063],[-117.69883549499997,34.06666113700004],[-117.69802463499997,34.06680712800005],[-117.69721507799994,34.066960171000062],[-117.69640688299995,34.067120256000067],[-117.69560011199997,34.067287371000077],[-117.69479482799994,34.06746150400005],[-117.69399108799996,34.067642638000052],[-117.69318895699996,34.067830765000053],[-117.69238849399994,34.068025865000038],[-117.69158975999994,34.068227928000056],[-117.69079281399996,34.068436936000069],[-117.68999771799997,34.068652874000065],[-117.68920453399994,34.068875726000044],[-117.68841331799996,34.069105473000036],[-117.68762413199994,34.069342100000028],[-117.68683703699998,34.069585588000052],[-117.68605208999998,34.06983591900007],[-117.68526935399996,34.070093074000056],[-117.68448888499995,34.07035703300005],[-117.68371074299995,34.070627777000027],[-117.68293498799994,34.070905284000048],[-117.68216167799994,34.071189533000052],[-117.68139087199995,34.071480504000078],[-117.68062262899997,34.071778175000077],[-117.67985700599996,34.072082522000073],[-117.67909406099994,34.072393523000073],[-117.67833385299997,34.072711153000057],[-117.67757643799996,34.07303538900004],[-117.67682187499997,34.073366207000049],[-117.67607021999999,34.073703580000029],[-117.67532152999996,34.074047485000051],[-117.67457586399996,34.074397894000072],[-117.67383327599998,34.074754781000024],[-117.67309382199994,34.07511812000007],[-117.67235755899998,34.075487882000061],[-117.67162454299995,34.075864038000077],[-117.67089483099994,34.076246563000041],[-117.67016847499997,34.076635424000074],[-117.66944553199994,34.077030595000053],[-117.66872605699996,34.077432044000034],[-117.66801010399996,34.077839742000037],[-117.66729772699995,34.078253656000072],[-117.66658897999997,34.078673756000057],[-117.66588391799996,34.079100011000037],[-117.66518259299994,34.079532386000039],[-117.66448505899996,34.079970851000041],[-117.66379136699999,34.080415373000051],[-117.66310157199996,34.080865915000061],[-117.66241572499996,34.081322446000058],[-117.66173387899994,34.081784930000026],[-117.66105608399994,34.08225333200005],[-117.66038239299996,34.082727616000057],[-117.65971285599994,34.083207748000063],[-117.65904752499995,34.083693691000065],[-117.65838644799999,34.084185406000074],[-117.65772967699996,34.084682858000065],[-117.65707726299996,34.08518600900004],[-117.65642925199995,34.085694819000025],[-117.65578569599995,34.08620925200006],[-117.65514664299997,34.086729268000056],[-117.65451213999995,34.087254828000027],[-117.65388223699995,34.087785891000067],[-117.65325697999998,34.088322417000029],[-117.65263641899998,34.088864366000053],[-117.65202059799998,34.08941169700006],[-117.65140956599998,34.089964369000029],[-117.65080336799997,34.090522339000074],[-117.65020205099995,34.091085564000025],[-117.64960565899997,34.091654004000077],[-117.64901423799995,34.092227612000045],[-117.64842783299997,34.092806348000067],[-117.64784648899996,34.093390168000042],[-117.64727024899997,34.093979026000056],[-117.64669915799999,34.094572878000065],[-117.64613325699997,34.095171679000032],[-117.64557258999997,34.095775383000046],[-117.64501720199996,34.09638394600006],[-117.64446713099994,34.096997320000071],[-117.64392241999997,34.097615461000032],[-117.64338311299997,34.098238319000075],[-117.64284924699996,34.098865849000049],[-117.64232086399994,34.099498002000075],[-117.64179800499994,34.100134731000026],[-117.64128070799995,34.100775988000066],[-117.64076901499999,34.101421724000033],[-117.64026295999997,34.102071890000047],[-117.63976258599996,34.102726436000069],[-117.63926792799998,34.103385314000036],[-117.63877902499996,34.104048473000034],[-117.63829591399997,34.104715863000024],[-117.63781863099996,34.105387434000079],[-117.63734721299994,34.106063134000067],[-117.63688169399995,34.106742911000026],[-117.63642211099994,34.107426717000067],[-117.63596849799995,34.108114497000031],[-117.63552088899996,34.10880620000006],[-117.63507931899994,34.109501772000044],[-117.63464382099994,34.110201164000046],[-117.63421442799995,34.110904319000042],[-117.63379117299996,34.111611186000061],[-117.63337408799998,34.11232171100005],[-117.63296320299997,34.113035839000077],[-117.63255854999994,34.113753519000056],[-117.63216016099994,34.114474692000044],[-117.63176806499996,34.115199307000069],[-117.63138229199996,34.115927308000039],[-117.63100287199995,34.116658640000026],[-117.63062983199995,34.117393246000063],[-117.63026320099999,34.118131073000029],[-117.62990300799999,34.118872063000026],[-117.62954927699997,34.119616160000078],[-117.62920203899995,34.120363310000073],[-117.62886131799996,34.121113453000078],[-117.62852713999996,34.121866534000048],[-117.62819953099995,34.122622496000076],[-117.62787851499996,34.123381281000036],[-117.62756411699996,34.124142832000075],[-117.62725636099998,34.124907091000068],[-117.62695526899995,34.12567400000006],[-117.62666086399997,34.126443502000029],[-117.62637317099995,34.127215537000041],[-117.62609220899998,34.127990047000026],[-117.62581799899999,34.12876697300004],[-117.62555056299999,34.129546258000062],[-117.62528992299997,34.130327841000053],[-117.62503609499998,34.131111664000059],[-117.62478909999999,34.131897666000043],[-117.62454895799999,34.13268578900005],[-117.62431568599999,34.133475973000031],[-117.62408930099997,34.134268156000076],[-117.62386982099997,34.135062282000035],[-117.62365726199999,34.135858288000065],[-117.62345164199996,34.136656113000072],[-117.62325297499996,34.137455699000043],[-117.62306127599999,34.138256984000066],[-117.62287655899996,34.139059907000046],[-117.62269883899995,34.139864408000051],[-117.62252812999998,34.140670425000053],[-117.62236444299998,34.141477898000062],[-117.62220779299997,34.142286766000041],[-117.62205818999996,34.143096967000076],[-117.62191564599999,34.143908438000039],[-117.62178017099995,34.144721122000078],[-117.62165177599996,34.145534952000048],[-117.62153047099997,34.146349870000051],[-117.62141626399995,34.147165813000072],[-117.62130916499996,34.147982719000026],[-117.62120918099998,34.148800527000049],[-117.62111632099999,34.149619173000076],[-117.62103059099996,34.150438598000051],[-117.62095199699996,34.151258738000024],[-117.62088054699996,34.152079530000037],[-117.62081624399997,34.152900914000043],[-117.62075909399999,34.153722827000024],[-117.62070910099999,34.154545205000034],[-117.62066626999996,34.15536798800008],[-117.62063060299994,34.156191113000034],[-117.62060210199996,34.157014516000061],[-117.62058077099999,34.157838137000056],[-117.62056660999997,34.158661912000071],[-117.62055962099998,34.159485779000079],[-117.62055980599996,34.160309676000054],[-117.62056716199999,34.161133540000037],[-117.62058168999999,34.161957309000059],[-117.62060338899994,34.162780920000046],[-117.62063225599996,34.163604311000029],[-117.62066829099996,34.164427419000049],[-117.62071148999996,34.165250183000069],[-117.62076184899996,34.166072539000027],[-117.62081936599998,34.166894426000056],[-117.62088403599995,34.167715780000037],[-117.62095585199995,34.168536541000037],[-117.62103481199995,34.16935664600004],[-117.62112090799997,34.170176032000029],[-117.62121413299997,34.170994638000025],[-117.62131448099996,34.171812401000068],[-117.62142194599994,34.172629259000075],[-117.62153651599999,34.173445151000067],[-117.62165818399995,34.174260014000026],[-117.62178694299996,34.175073788000077],[-117.62192278099997,34.175886410000032],[-117.62206568599998,34.176697818000036],[-117.62221565199997,34.177507952000042],[-117.62237266299996,34.178316749000032],[-117.62253670899997,34.179124149000074],[-117.62270777799995,34.179930091000074],[-117.62288585699997,34.180734512000072],[-117.62307093199996,34.181537353000067],[-117.62326298899995,34.182338552000033],[-117.62346201299999,34.183138049000036],[-117.62366798999994,34.183935783000038],[-117.62388090299999,34.18473169400005],[-117.62410073699999,34.185525721000033],[-117.62432747599996,34.186317804000055],[-117.62456110099998,34.187107883000067],[-117.62480159399996,34.187895899000068],[-117.62504893999994,34.188681791000079],[-117.62530311599994,34.189465501000029],[-117.62556410599996,34.190246967000064],[-117.62583188999997,34.191026132000047],[-117.62610644599999,34.191802936000045],[-117.62638775299996,34.192577321000044],[-117.62667579199996,34.193349228000045],[-117.62697053999995,34.194118597000056],[-117.62727197299995,34.194885372000044],[-117.62758007099995,34.195649494000065],[-117.62789480899994,34.19641090500005],[-117.62821616299999,34.197169547000044],[-117.62854410999995,34.197925362000035],[-117.62887862399998,34.198678294000047],[-117.62921967899996,34.199428285000067],[-117.62956725099997,34.200175279000064],[-117.62992131299995,34.20091921900007],[-117.63028183699998,34.201660048000065],[-117.63064879799998,34.20239771100006],[-117.63102216399994,34.203132151000034],[-117.63140191199994,34.203863314000046],[-117.63178800899999,34.204591142000027],[-117.63218042899996,34.205315582000026],[-117.63257913999996,34.206036578000067],[-117.63298411199997,34.206754076000038],[-117.63339531499997,34.207468021000068],[-117.63381271799994,34.208178360000034],[-117.63423628999999,34.208885038000062],[-117.63466599599997,34.209588002000032],[-117.63510180599997,34.210287199000049],[-117.63554368599995,34.21098257500006],[-117.63599160299998,34.211674078000044],[-117.63644552299996,34.212361655000052],[-117.63690541099999,34.213045254000065],[-117.63737123299995,34.213724825000043],[-117.63784295299996,34.214400315000034],[-117.63832053599998,34.215071672000079],[-117.63880394499995,34.215738846000079],[-117.63929314399996,34.216401787000052],[-117.63978809499997,34.217060445000072],[-117.64028876099997,34.217714767000075],[-117.64079510599998,34.218364707000035],[-117.64130708899995,34.219010215000026],[-117.64182467099994,34.219651241000065],[-117.64234781499999,34.220287736000046],[-117.64287647899999,34.220919654000056],[-117.64341062399996,34.221546946000046],[-117.64395021099995,34.22216956300008],[-117.64449519599998,34.222787460000063],[-117.64504554099994,34.22340058900005],[-117.64560120099998,34.224008904000073],[-117.64616213699998,34.224612358000059],[-117.64672830399996,34.225210907000076],[-117.64729966099998,34.225804504000052],[-117.64787616399997,34.226393104000067],[-117.64845776899995,34.226976665000052],[-117.64904443199998,34.22755513900006],[-117.64963610799998,34.228128484000024],[-117.65023275399994,34.228696657000057],[-117.65083432199998,34.229259614000057],[-117.65144076899998,34.229817314000059],[-117.65205204799997,34.230369712000027],[-117.65266811299995,34.230916768000043],[-117.65328891599995,34.231458441000029],[-117.65391441199995,34.231994688000043],[-117.65454455099996,34.232525470000041],[-117.65517928799994,34.23305074600006],[-117.65581857499996,34.233570477000058],[-117.65646235999998,34.234084622000069],[-117.65711059699998,34.23459314400003],[-117.65776323599999,34.23509600400007],[-117.65842022999999,34.235593162000043],[-117.65908152499998,34.236084583000036],[-117.65974707299995,34.236570228000062],[-117.66041682399998,34.237050061000048],[-117.66109072699999,34.237524045000043],[-117.66176873099994,34.237992145000078],[-117.66245078399999,34.238454325000077],[-117.66313683399994,34.238910549000025],[-117.66382682999995,34.239360784000041],[-117.66452071899994,34.239804994000053],[-117.66521844899995,34.240243148000047],[-117.66591996699998,34.240675212000042],[-117.66662522099995,34.241101151000066],[-117.66733415399995,34.241520936000029],[-117.66804671499995,34.241934532000073],[-117.66876284999995,34.242341909000061],[-117.66948250399997,34.242743037000025],[-117.67020562399995,34.243137885000067],[-117.67093215299997,34.243526423000048],[-117.67166203699998,34.243908622000049],[-117.67239521999994,34.244284452000045],[-117.67313164699999,34.244653885000048],[-117.67387126299997,34.24501689300007],[-117.67461400999997,34.245373449000056],[-117.67535983399995,34.245723526000063],[-117.67610867599996,34.246067096000047],[-117.67686048199994,34.246404134000045],[-117.67761519199996,34.246734616000026],[-117.67837275099998,34.247058514000059],[-117.67913310199998,34.247375804000058],[-117.67989618499996,34.247686465000072],[-117.68066194499994,34.247990470000047],[-117.68143032099999,34.248287797000046],[-117.68220125599998,34.248578424000073],[-117.68297469199996,34.248862330000065],[-117.68375057199995,34.249139490000061],[-117.68452883399999,34.249409886000024],[-117.68530941999995,34.24967349700006],[-117.68609227199994,34.249930303000042],[-117.68687732999996,34.250180284000066],[-117.68766453399996,34.250423420000061],[-117.68845382499995,34.250659695000024],[-117.68924514299999,34.250889090000044],[-117.69003842699999,34.251111587000025],[-117.69083361899999,34.251327170000025],[-117.69163065799995,34.25153582300004],[-117.69242948299996,34.251737528000035],[-117.69323003299996,34.251932272000033],[-117.69403224799998,34.252120040000079],[-117.69483606699998,34.252300817000048],[-117.69564142999997,34.252474590000077],[-117.69644827499997,34.252641345000029],[-117.69725654099994,34.252801069000043],[-117.69806616699998,34.252953751000064],[-117.69887709099999,34.253099380000037],[-117.69968925299997,34.253237943000045],[-117.70050258999999,34.253369431000067],[-117.70131704099998,34.25349383300005],[-117.70213254299995,34.253611141000079],[-117.70294903699994,34.253721345000031],[-117.70376645899995,34.253824437000048],[-117.70458474599997,34.253920409000045],[-117.70540383899998,34.254009255000028],[-117.70622367399994,34.254090965000046],[-117.70704418899999,34.254165536000073],[-117.70786532199998,34.254232961000071],[-117.70868701199998,34.254293235000034],[-117.70950919399996,34.254346354000063],[-117.71033180799998,34.254392313000039],[-117.71115478999997,34.254431110000041],[-117.71197807999999,34.254462740000065],[-117.71280161399994,34.254487202000064],[-117.71362532899997,34.254504495000049],[-117.71444916399997,34.254514615000062],[-117.71527305499995,34.254517563000036],[-117.71609694099999,34.254513339000027],[-117.71692075999999,34.254501943000037],[-117.71774444699997,34.254483376000053],[-117.71856794199999,34.254457639000066],[-117.71939118099999,34.254424734000054],[-117.72021410299999,34.254384663000053],[-117.72103664499997,34.254337430000078],[-117.72185874499996,34.254283039000029],[-117.72268033899996,34.254221492000056],[-117.72350136699998,34.254152796000028],[-117.72432176599995,34.254076956000063],[-117.72514147299995,34.253993975000071],[-117.72596042699996,34.253903863000062],[-117.72677856599995,34.253806624000049],[-117.72759582699996,34.253702267000051],[-117.72841214799996,34.253590799000051],[-117.72922746899997,34.253472229000067],[-117.73004172599997,34.253346565000072],[-117.73085485799999,34.253213818000063],[-117.73166680399999,34.253073997000058],[-117.73247750199999,34.252927114000045],[-117.73328689099998,34.252773178000041],[-117.73409490799997,34.25261220200008],[-117.73490149399998,34.252444198000035],[-117.73570658699998,34.252269180000042],[-117.73651012599998,34.252087158000052],[-117.73731204899997,34.251898149000056],[-117.73811229699999,34.25170216600003],[-117.73891080799996,34.251499223000053],[-117.73970752299999,34.25128933700006],[-117.74050237999995,34.251072523000062],[-117.74129531899996,34.25084879800005],[-117.74208628099996,34.250618179000071],[-117.74287520499996,34.25038068200007],[-117.74366203199997,34.250136327000064],[-117.74444670199995,34.249885131000042],[-117.74522915499995,34.249627114000077],[-117.74600933299996,34.249362295000026],[-117.74678717599994,34.249090694000074],[-117.74756262399995,34.248812332000057],[-117.74833561999998,34.248527230000036],[-117.74910610499995,34.248235410000063],[-117.74987401999999,34.247936893000031],[-117.75063930799996,34.247631703000025],[-117.75140190899998,34.24731986200004],[-117.75216176699996,34.247001394000051],[-117.75291882499999,34.246676324000077],[-117.75367302199999,34.246344674000056],[-117.75442430499999,34.246006472000033],[-117.75517261399995,34.245661743000028],[-117.75591789499998,34.245310513000049],[-117.75666008999997,34.244952807000061],[-117.75739914299999,34.24458865400004],[-117.75813499699996,34.244218082000032],[-117.75886759699995,34.243841117000045],[-117.75959688899997,34.243457788000057],[-117.76032281499994,34.243068127000072],[-117.76104532199997,34.242672160000041],[-117.76176435399998,34.242269917000044],[-117.76247985799995,34.241861431000075],[-117.76319177799996,34.241446733000032],[-117.76390006199995,34.241025852000064],[-117.76460465399998,34.240598820000059],[-117.76530550199999,34.240165672000046],[-117.76600255299996,34.239726439000037],[-117.76669575399995,34.239281154000025],[-117.76738505199995,34.238829851000048],[-117.76807039599998,34.238372565000077],[-117.76875173199994,34.237909330000036],[-117.76942900999995,34.237440181000068],[-117.77010217699996,34.236965155000064],[-117.77077118499994,34.236484285000074],[-117.77143598199996,34.235997610000027],[-117.77209651499999,34.235505166000053],[-117.77275273699996,34.235006991000034],[-117.77340459799996,34.234503122000035],[-117.77405204699994,34.233993597000051],[-117.77469503599997,34.233478456000057],[-117.77533351499994,34.23295773500007],[-117.77596743899994,34.232431477000034],[-117.77659675599995,34.231899720000058],[-117.77722141999999,34.23136250500005],[-117.77784138499999,34.23081987300003],[-117.77845660199995,34.230271863000041],[-117.77906702499996,34.229718519000073],[-117.77967260799994,34.229159882000033],[-117.77942260299994,34.228808849000075],[-117.77917843399996,34.228453733000038],[-117.77894016699997,34.228094630000044],[-117.77870786599999,34.227731639000069],[-117.77848159599995,34.227364859000033],[-117.77826141799994,34.226994388000037],[-117.77804739299995,34.226620331000049],[-117.77783957799994,34.226242788000036],[-117.77763802999999,34.225861861000055],[-117.77744280499996,34.225477657000056],[-117.77725395599998,34.225090278000039],[-117.77707153499995,34.224699831000066],[-117.77689559099997,34.224306424000076],[-117.77672617199994,34.223910162000038],[-117.77656332399999,34.22351115500004],[-117.77640709299999,34.223109511000075],[-117.77625752099999,34.222705340000061],[-117.77611464799998,34.222298752000029],[-117.77597851299998,34.221889860000033],[-117.77584915499995,34.221478772000069],[-117.77572660699997,34.221065604000046],[-117.77561090499995,34.220650467000041],[-117.77550207799999,34.220233474000054],[-117.77540015599999,34.219814740000061],[-117.77530516999997,34.21939437900005],[-117.77521714299996,34.218972505000067],[-117.77513609899995,34.218549234000079],[-117.77506206099997,34.218124683000042],[-117.77499504999997,34.217698965000068],[-117.77493508099997,34.217272198000046],[-117.77488217599995,34.216844498000057],[-117.77483634399999,34.216415982000058],[-117.77479760099999,34.21598676900004],[-117.77476595499996,34.215556973000048],[-117.77474141699997,34.215126712000028],[-117.77472399199996,34.21469610500003],[-117.77471368599998,34.214265268000077],[-117.77471050099996,34.213834321000036],[-117.77471443799999,34.213403379000056],[-117.77472549599997,34.212972562000061],[-117.77474367199994,34.21254198500003],[-117.77476896099995,34.212111769000046],[-117.77480135599995,34.211682029000031],[-117.77484084899999,34.211252882000053],[-117.77488742799994,34.210824448000039],[-117.77494108099995,34.210396841000033],[-117.77500179299994,34.209970180000028],[-117.77506954799998,34.209544579000067],[-117.77514432599997,34.209120157000029],[-117.77522610699998,34.208697029000064],[-117.77531487099998,34.208275309000044],[-117.77541059199996,34.207855115000029],[-117.77551324199999,34.20743655900003],[-117.77562279699998,34.207019757000069],[-117.77573922399995,34.206604822000031],[-117.77586249199999,34.206191868000076],[-117.77599256799999,34.205781007000041],[-117.77612941599995,34.20537235200004],[-117.77627299799997,34.204966015000025],[-117.77642327599995,34.204562105000036],[-117.77658020699994,34.204160735000073],[-117.77674375099997,34.203762013000073],[-117.77691386199996,34.203366047000031],[-117.77709049099997,34.202972947000035],[-117.77727359399995,34.202582819000042],[-117.77746311899995,34.20219577000006],[-117.77765901399999,34.201811907000035],[-117.77786122599997,34.201431333000073],[-117.77806969899996,34.20105415300003],[-117.77828437699998,34.200680469000076],[-117.77850520199996,34.20031038500008],[-117.77873211099995,34.199943999000027],[-117.77896504499995,34.199581414000079],[-117.77920393799997,34.199222728000052],[-117.77944872599994,34.198868039000047],[-117.77969934299995,34.198517443000071],[-117.77995571899999,34.198171036000076],[-117.78021778499999,34.19782891400007],[-117.78048546799994,34.197491169000045],[-117.78075869799994,34.197157894000043],[-117.78103739599999,34.196829180000066],[-117.78132148899999,34.196505116000026],[-117.78161089799994,34.196185791000062],[-117.78190554599996,34.195871293000039],[-117.78220534999997,34.195561707000024],[-117.78251022799998,34.19525711700004],[-117.78282009899999,34.194957608000038],[-117.78313487799994,34.194663260000027],[-117.78345447699996,34.194374153000069],[-117.78377881099999,34.194090369000037],[-117.78410778999995,34.193811983000046],[-117.78444132499999,34.193539071000032],[-117.78477932299995,34.193271708000054],[-117.78512169499999,34.193009968000069],[-117.78546834499997,34.192753921000076],[-117.78581917899999,34.192503638000062],[-117.78617410099997,34.192259187000047],[-117.78653301499997,34.192020635000063],[-117.78689582099997,34.191788045000067],[-117.78726242099998,34.191561484000033],[-117.78763271599996,34.191341012000066],[-117.78800660299999,34.191126689000043],[-117.78838398199997,34.190918574000079],[-117.78876474699996,34.190716725000073],[-117.78914879699994,34.190521195000031],[-117.78953602499996,34.190332037000076],[-117.78992632699999,34.190149306000023],[-117.79031959499997,34.189973050000049],[-117.79071572199996,34.189803316000052],[-117.79111459999996,34.189640151000049],[-117.79151611899999,34.189483601000063],[-117.79192017099996,34.18933370700006],[-117.79232664499995,34.189190512000039],[-117.79273542999999,34.189054052000074],[-117.79314641399998,34.188924367000027],[-117.79355948499995,34.188801491000049],[-117.79397452999996,34.188685459000055],[-117.79439143599996,34.188576301000069],[-117.79481008999994,34.188474047000057],[-117.79523037499996,34.188378726000053],[-117.79565217799995,34.188290364000068],[-117.79607538399995,34.188208984000028],[-117.79649987799996,34.188134608000041],[-117.79692554199994,34.188067259000036],[-117.79735226099996,34.188006952000023],[-117.79777991799995,34.18795370600003],[-117.79820839799999,34.187907534000033],[-117.79863757999999,34.187868450000053],[-117.79906735199995,34.187836463000053],[-117.79949759299996,34.187811582000052],[-117.79992818599999,34.187793816000067],[-117.80035901399998,34.187783168000067],[-117.80078995799994,34.187779640000031],[-117.80122090299994,34.18778323500004],[-117.80165172999995,34.187793950000071],[-117.80208231999995,34.187811784000075],[-117.80251255699994,34.187836732000051],[-117.80294232199998,34.187868786000024],[-117.80337149999997,34.187907937000034],[-117.80379997199998,34.187954176000062],[-117.80422762099994,34.188007489000029],[-117.80465433099999,34.188067862000025],[-117.80507998399997,34.188135278000061],[-117.80550446599995,34.188209719000042],[-117.80592765899996,34.188291165000066]]]},"properties":{"OBJECTID":15,"bid":15,"zone_id":"D_ONT003","zone_name":"Class C - ONT","restrict":"Controlled Airspace","note":"Valid time: Jan 1, 2026-Dec 31, 2026, daily 7:00 AM-9:00 PM (GMT-8); You must have an airspace authorization from the FAA. Use LAANC. Prior to flight, the remote pilot in command must assess local airspace and any flight restrictions.","flight_cei":400,"height_met":121.92,"Area":263.57671381883995,"shape_":"面"}},{"type":"Feature","id":16,"geometry":{"type":"Polygon","coordinates":[[[-117.79428478699998,34.116877722000027],[-117.79477025199998,34.116324599000052],[-117.79525029599995,34.115766766000036],[-117.79572487299998,34.115204274000064],[-117.79619393799999,34.114637176000031],[-117.79665744499999,34.114065529000072],[-117.79711535299998,34.113489385000037],[-117.79756761599998,34.112908799000024],[-117.79801418999995,34.112323828000058],[-117.79845503499996,34.111734526000077],[-117.79889010799997,34.11114094900006],[-117.79931936699995,34.110543155000073],[-117.79974276999997,34.109941200000037],[-117.80016027999994,34.109335142000077],[-117.80057185499999,34.108725038000046],[-117.80097745599994,34.108110947000057],[-117.80137704499998,34.107492925000031],[-117.80177058299995,34.106871034000051],[-117.80215803299996,34.106245332000071],[-117.80253935799999,34.105615878000037],[-117.80291452199998,34.104982733000043],[-117.80328348999996,34.104345957000078],[-117.80364622499997,34.103705610000077],[-117.80400269399996,34.103061754000066],[-117.80435286099998,34.102414449000037],[-117.80469669599995,34.101763758000061],[-117.80503416299996,34.101109742000062],[-117.80536523099994,34.100452464000057],[-117.80568986899999,34.099791986000071],[-117.80600804599999,34.099128372000052],[-117.80631973199996,34.098461683000039],[-117.80662489599996,34.097791985000072],[-117.80692351099998,34.097119341000052],[-117.80721554599995,34.096443814000054],[-117.80750097299995,34.095765469000071],[-117.80777976799999,34.095084372000031],[-117.80805190199999,34.094400585000074],[-117.80831735099997,34.093714175000059],[-117.80857608699995,34.093025208000029],[-117.80882808699994,34.092333748000044],[-117.80907332699996,34.091639862000079],[-117.80931178399999,34.090943615000072],[-117.80954343499997,34.090245075000041],[-117.80976825699997,34.08954430600005],[-117.80998622899995,34.088841377000051],[-117.81019733099998,34.088136355000074],[-117.81040154199997,34.087429306000047],[-117.81059884399997,34.086720298000046],[-117.81078921599999,34.086009397000055],[-117.81097264199997,34.085296673000073],[-117.81114910299999,34.084582192000028],[-117.81131858199996,34.083866023000041],[-117.81148106499995,34.083148235000067],[-117.81163653399994,34.082428895000078],[-117.81178497599996,34.081708072000026],[-117.81192637499998,34.080985834000046],[-117.81206071999998,34.080262252000068],[-117.81218799699997,34.079537392000077],[-117.81230819399997,34.078811325000061],[-117.81242129899999,34.078084119000039],[-117.81252730099999,34.077355844000067],[-117.81262619099999,34.076626569000041],[-117.81271795899994,34.075896364000073],[-117.81280259699997,34.075165298000059],[-117.81288009499997,34.074433441000053],[-117.81295044699999,34.073700862000067],[-117.81301364799998,34.072967632000029],[-117.81306968799998,34.072233820000065],[-117.81311856399998,34.071499495000069],[-117.81316027299999,34.070764729000075],[-117.81319480799999,34.070029592000026],[-117.81322216699999,34.069294151000065],[-117.81324234699997,34.068558479000046],[-117.81325534699994,34.067822645000035],[-117.81326116499997,34.067086719000031],[-117.81325979899998,34.066350771000032],[-117.81325125199999,34.065614872000026],[-117.81323552399999,34.06487909100008],[-117.81321261599999,34.064143498000078],[-117.81318252999995,34.063408164000066],[-117.81314526799997,34.062673160000031],[-117.81310083599999,34.061938553000061],[-117.81304923599998,34.061204416000066],[-117.81299047499999,34.060470816000077],[-117.81292455599998,34.05973782500007],[-117.81285148799998,34.059005512000056],[-117.81277127499999,34.058273947000032],[-117.81268392799996,34.057543201000044],[-117.81258945199994,34.056813341000066],[-117.81248785899999,34.056084438000028],[-117.81237915599996,34.055356561000053],[-117.81226335499997,34.054629780000027],[-117.81214046699995,34.053904163000027],[-117.81201050299995,34.05317978100004],[-117.81187347599996,34.05245670100004],[-117.81172939799995,34.051734993000025],[-117.81157828299996,34.051014725000073],[-117.81142014799997,34.050295967000068],[-117.81125500399997,34.049578786000041],[-117.81108286999995,34.048863251000057],[-117.81090375999997,34.048149430000024],[-117.81071769299996,34.047437390000027],[-117.81052468599995,34.046727200000078],[-117.81032475599994,34.046018928000024],[-117.81011792399994,34.045312642000056],[-117.80990420899997,34.044608406000066],[-117.80968363199997,34.043906292000031],[-117.80945621199999,34.043206361000045],[-117.80922197299998,34.04250868500003],[-117.80898093599995,34.041813327000057],[-117.80873312399996,34.041120356000079],[-117.80847856199995,34.040429835000054],[-117.80821727199998,34.039741832000061],[-117.80794927999995,34.039056411000047],[-117.80767461099998,34.038373639000042],[-117.80739329299996,34.037693579000063],[-117.80710535099996,34.037016298000026],[-117.80681081199998,34.036341858000071],[-117.80650970599999,34.035670327000048],[-117.80620206099996,34.035001764000071],[-117.80588790499996,34.034336236000058],[-117.80556726899999,34.033673807000071],[-117.80524018399996,34.033014537000042],[-117.80490668099998,34.032358491000025],[-117.80456678999997,34.031705732000034],[-117.80422054399997,34.031056320000062],[-117.80386797799997,34.030410319000055],[-117.80350912499995,34.029767789000061],[-117.80314401699997,34.029128792000051],[-117.80277269099997,34.028493388000072],[-117.80239518199994,34.027861638000047],[-117.80201152499995,34.02723360300007],[-117.80162175699996,34.026609342000029],[-117.80122591499997,34.025988915000028],[-117.80082403699998,34.025372379000032],[-117.80041616099999,34.024759797000058],[-117.80000232599997,34.024151223000047],[-117.79958257199996,34.023546717000045],[-117.79915693799995,34.022946337000064],[-117.79872546599995,34.022350139000025],[-117.79828819499994,34.021758180000063],[-117.79784516799998,34.02117051700003],[-117.79739642599998,34.020587205000027],[-117.79694201399997,34.020008301000075],[-117.79648197399996,34.01943385900006],[-117.79601634899996,34.018863934000024],[-117.79554518399999,34.018298581000067],[-117.79506852399999,34.017737852000039],[-117.79458641499997,34.017181803000028],[-117.79409890199997,34.016630484000075],[-117.79360603099997,34.016083950000052],[-117.79310785099995,34.015542251000056],[-117.79260440699994,34.015005441000028],[-117.79209574899994,34.014473570000064],[-117.79158192399996,34.013946688000033],[-117.79106298099998,34.013424845000031],[-117.79053896999994,34.012908092000032],[-117.79000994199998,34.012396478000028],[-117.78947594499999,34.011890050000034],[-117.78893703199998,34.011388859000078],[-117.78839325199999,34.010892950000027],[-117.78784465899997,34.010402372000044],[-117.78729130399995,34.00991717200003],[-117.78673324099998,34.009437395000077],[-117.78617052199996,34.008963087000041],[-117.78560320099996,34.008494293000069],[-117.78503133099997,34.008031059000075],[-117.78445496799998,34.007573428000057],[-117.78387416699996,34.007121443000074],[-117.78328898099994,34.006675148000056],[-117.78269946899997,34.006234585000072],[-117.78210568399999,34.005799796000076],[-117.78150768499995,34.005370824000067],[-117.78090552699996,34.004947708000032],[-117.78029926999994,34.004530487000068],[-117.77968896799996,34.004119204000062],[-117.77907468299998,34.003713897000068],[-117.77845647099997,34.003314604000025],[-117.77783439199999,34.002921364000031],[-117.77720850399999,34.002534213000047],[-117.77657886899999,34.002153188000079],[-117.77594554399997,34.001778327000068],[-117.77530859099994,34.00140966400005],[-117.77466807199994,34.001047236000034],[-117.77402404399999,34.000691075000077],[-117.77337657199996,34.000341216000038],[-117.77272571699996,33.999997694000058],[-117.77207153999996,33.999660539000047],[-117.77141410399997,33.999329786000033],[-117.77075346999999,33.99900546300006],[-117.77008970399999,33.998687603000064],[-117.76942286599996,33.998376237000059],[-117.76875302199994,33.998071393000032],[-117.76808023499996,33.997773101000064],[-117.76740456899995,33.997481389000029],[-117.76672608799998,33.99719628500003],[-117.76604485599995,33.996917817000053],[-117.76536093899995,33.996646010000063],[-117.76467440299996,33.996380890000069],[-117.76398531199999,33.996122483000079],[-117.76329373099998,33.995870813000067],[-117.76259972899999,33.995625905000054],[-117.76190336799999,33.99538778200008],[-117.76120471599995,33.995156465000036],[-117.76050384099995,33.994931978000068],[-117.75980080699998,33.994714342000066],[-117.75909568399999,33.994503578000035],[-117.75838853699997,33.99429970500006],[-117.75767943399995,33.994102742000052],[-117.75696844399999,33.993912710000075],[-117.75625563099999,33.993729625000071],[-117.75554106699997,33.993553506000069],[-117.75482481699999,33.993384369000069],[-117.75410694999999,33.993222230000072],[-117.75338753699998,33.99306710500008],[-117.75266664199995,33.992919008000058],[-117.75194433799999,33.992777953000029],[-117.75122068999997,33.992643955000062],[-117.75049576999999,33.992517025000041],[-117.74976964599995,33.992397175000065],[-117.74904238499994,33.992284418000054],[-117.74831405999998,33.992178764000073],[-117.74758473799994,33.992080223000073],[-117.74685448899999,33.991988805000062],[-117.74612338199995,33.99190451700008],[-117.74539148799994,33.991827368000031],[-117.74465887699995,33.991757366000058],[-117.74392561599996,33.991694517000042],[-117.74319177699999,33.991638827000031],[-117.74245742999994,33.991590302000077],[-117.74172264399999,33.99154894600008],[-117.74098748899996,33.991514763000055],[-117.74025203599996,33.991487755000037],[-117.73951635399999,33.991467927000031],[-117.73878051299999,33.991455279000036],[-117.73804458399997,33.991449813000031],[-117.73730863799994,33.991451530000063],[-117.73657274299995,33.991460429000028],[-117.73583696999998,33.991476509000051],[-117.73510138899996,33.991499770000075],[-117.73436606899998,33.991530207000039],[-117.73363108199999,33.991567820000057],[-117.73289649599997,33.991612604000068],[-117.73216238399999,33.991664554000067],[-117.73142881299998,33.991723667000031],[-117.73069585299999,33.991789936000032],[-117.72996357499994,33.991863355000078],[-117.72923204999995,33.991943917000071],[-117.72850134399999,33.992031614000041],[-117.72777152999998,33.99212643900006],[-117.72704267499995,33.992228381000075],[-117.72631485099998,33.992337432000056],[-117.72558812499994,33.992453581000063],[-117.72486256699995,33.992576816000053],[-117.72413824599994,33.992707127000074],[-117.72341523299997,33.992844500000047],[-117.72269359399996,33.992988922000052],[-117.72197339799999,33.993140381000046],[-117.72125471499999,33.993298861000028],[-117.72053761399997,33.993464347000042],[-117.71982216099997,33.993636824000077],[-117.71910842599999,33.993816275000029],[-117.71839647499996,33.994002683000076],[-117.71768637799994,33.994196030000069],[-117.71697820199995,33.994396298000026],[-117.71627201399997,33.994603467000047],[-117.71556788199996,33.994817519000037],[-117.71486587099997,33.995038433000047],[-117.71416605099995,33.995266187000027],[-117.71346848599995,33.995500760000027],[-117.71277324399995,33.995742130000053],[-117.71208038999998,33.995990273000075],[-117.71138999199997,33.996245166000051],[-117.71070211399996,33.996506785000065],[-117.71001682199994,33.99677510500004],[-117.70933418099997,33.997050099000035],[-117.70865425599999,33.997331743000075],[-117.70797711199998,33.997620010000048],[-117.70730281299996,33.997914870000045],[-117.70663142599994,33.998216298000045],[-117.70596301099999,33.998524263000036],[-117.70529763399998,33.998838737000028],[-117.70463535599998,33.999159689000066],[-117.70397624299994,33.999487090000059],[-117.70332035799998,33.999820908000061],[-117.70266775999994,34.000161110000079],[-117.70201851499996,34.000507666000033],[-117.70137268099995,34.000860541000065],[-117.70073032399995,34.001219702000071],[-117.70009150099997,34.001585115000069],[-117.69945627499999,34.00195674500003],[-117.69882470599998,34.00233455700004],[-117.69819685499999,34.002718514000037],[-117.69757277999997,34.003108581000049],[-117.69695254299995,34.003504720000024],[-117.69633619999996,34.003906892000032],[-117.69572381199998,34.004315060000067],[-117.69511543599998,34.004729186000077],[-117.69451113099996,34.005149230000029],[-117.69391095399999,34.005575150000027],[-117.69331496299998,34.006006908000074],[-117.69272321299997,34.006444463000037],[-117.69213576299995,34.006887770000048],[-117.69155266499996,34.007336790000068],[-117.69097397899998,34.007791480000037],[-117.69039975699997,34.008251795000035],[-117.68983005499996,34.008717693000051],[-117.68926492599996,34.00918912800006],[-117.68870442599996,34.009666056000071],[-117.68814860699996,34.010148431000061],[-117.68759752199998,34.010636207000061],[-117.68705122399996,34.011129339000036],[-117.68650976399999,34.011627779000037],[-117.68597319399998,34.012131479000061],[-117.68544156599995,34.012640393000027],[-117.68491492999999,34.013154469000028],[-117.68439333499998,34.013673662000031],[-117.68387683299994,34.014197918000036],[-117.68336547199999,34.014727192000066],[-117.68285929999996,34.015261431000056],[-117.68235836699995,34.015800584000033],[-117.68186271799999,34.016344601000071],[-117.68137240299995,34.016893429000049],[-117.68088746699999,34.017447015000073],[-117.68040795699994,34.018005308000056],[-117.67993391799996,34.018568254000058],[-117.67946539599996,34.019135800000072],[-117.67900243499997,34.019707891000053],[-117.67854507899995,34.020284472000071],[-117.67809337299997,34.020865490000062],[-117.67764735799994,34.02145088900005],[-117.67720707599995,34.022040612000069],[-117.67677257199995,34.022634604000075],[-117.67634388499999,34.023232809000035],[-117.67592105699998,34.023835169000051],[-117.67550412699995,34.024441626000055],[-117.67509313699998,34.02505212300008],[-117.67468812299995,34.025666603000047],[-117.67428912599996,34.02628500600008],[-117.67389618299995,34.026907273000063],[-117.67350933099999,34.027533346000041],[-117.67312860799996,34.028163163000045],[-117.67275404999998,34.028796667000051],[-117.67238569199998,34.029433796000035],[-117.67202356899998,34.030074489000071],[-117.67166771699999,34.030718686000057],[-117.67131816799997,34.031366326000068],[-117.67097495699994,34.032017346000032],[-117.67063811499997,34.032671684000036],[-117.67030767599999,34.033329279000043],[-117.66998366999997,34.033990067000047],[-117.66966612699997,34.034653985000034],[-117.66935507999995,34.035320971000033],[-117.66905055699999,34.035990961000039],[-117.66875258699997,34.036663892000036],[-117.66846119799999,34.037339698000039],[-117.66817641899996,34.038018315000045],[-117.66789827599996,34.038699679000047],[-117.66762679599998,34.03938372600004],[-117.66736200399998,34.04007038900005],[-117.66710392699997,34.040759604000073],[-117.66685258799998,34.041451303000031],[-117.66660801199998,34.042145425000058],[-117.66637022199995,34.042841899000052],[-117.66613923899996,34.043540661000065],[-117.66591508799996,34.044241644000067],[-117.66569778799999,34.044944781000027],[-117.66548736099998,34.045650005000027],[-117.66528382599995,34.046357249000039],[-117.66508720299998,34.047066446000031],[-117.66489751099999,34.04777752800004],[-117.66471476699996,34.048490427000047],[-117.66453898999998,34.049205077000067],[-117.66437019499995,34.049921407000056],[-117.66420839899996,34.05063935000004],[-117.66405361799997,34.051358839000045],[-117.66390586499995,34.052079804000073],[-117.66376515699994,34.052802176000057],[-117.66363150399997,34.053525887000035],[-117.66350492099997,34.054250868000054],[-117.66338541999994,34.054977051000037],[-117.66327300999995,34.055704364000064],[-117.66316770499998,34.056432740000048],[-117.66306951199999,34.057162109000046],[-117.66297844199994,34.05789240200005],[-117.66289450499994,34.058623548000071],[-117.66281770599994,34.059355479000033],[-117.66274805399996,34.06008812500005],[-117.66268555699997,34.060821415000078],[-117.66263021799995,34.061555281000039],[-117.66258204399998,34.062289651000071],[-117.66254103899996,34.06302445700004],[-117.66250720699998,34.063759627000024],[-117.66248055199998,34.064495094000051],[-117.66246107499995,34.06523078500004],[-117.66244877899999,34.065966631000038],[-117.66244366599994,34.066702563000035],[-117.66244573499995,34.067438508000066],[-117.66245498499995,34.068174399000043],[-117.66247141799994,34.068910165000034],[-117.66249502999995,34.069645735000051],[-117.66252581899994,34.07038103900004],[-117.66256378299994,34.071116008000047],[-117.66260891799999,34.071850573000063],[-117.66266121999996,34.072584661000064],[-117.66272068399996,34.073318203000042],[-117.66278730299996,34.074051131000033],[-117.66286107299999,34.074783373000059],[-117.66294198499997,34.075514861000045],[-117.66303003199999,34.076245523000068],[-117.66312520599996,34.076975293000032],[-117.66322749699998,34.077704098000027],[-117.66333689499999,34.078431870000031],[-117.66345339199995,34.079158541000027],[-117.66357697299998,34.079884040000024],[-117.66370762999998,34.080608298000072],[-117.66384534999997,34.081331246000047],[-117.66399011699997,34.082052816000044],[-117.66414191999996,34.082772938000062],[-117.66430074399995,34.083491545000072],[-117.66446657299997,34.084208568000065],[-117.66463939199997,34.084923939000078],[-117.66537573999994,34.084473857000035],[-117.66611567899997,34.084029704000045],[-117.66685916099999,34.083591506000062],[-117.66760613699995,34.083159294000041],[-117.66835655899996,34.082733094000048],[-117.66911038199999,34.082312934000072],[-117.66986755299996,34.081898841000054],[-117.67062802599997,34.08149084300004],[-117.67139174999994,34.08108896400006],[-117.67215867799996,34.080693232000044],[-117.67292875799995,34.080303671000024],[-117.67370194199998,34.079920306000076],[-117.67447817999999,34.079543163000039],[-117.67525741999998,34.079172266000057],[-117.67603961499998,34.078807639000047],[-117.67682471299997,34.07844930400006],[-117.67761266199994,34.078097287000048],[-117.67840341299996,34.077751608000028],[-117.67919691499998,34.077412290000041],[-117.67999311599999,34.07707935600007],[-117.68079196499997,34.076752826000074],[-117.68159341099999,34.07643272200005],[-117.68239740199999,34.076119065000057],[-117.68320388499995,34.075811873000077],[-117.68401280899997,34.075511168000048],[-117.68482412199995,34.075216970000042],[-117.68563777099996,34.07492929600005],[-117.68645370499996,34.074648165000042],[-117.68727186899997,34.074373595000054],[-117.68809221199996,34.074105605000057],[-117.68891468099997,34.073844211000051],[-117.68973922199996,34.073589431000073],[-117.69056578199996,34.073341280000079],[-117.69139430899997,34.07309977500006],[-117.69222474899999,34.072864931000026],[-117.69305704799996,34.072636765000027],[-117.69389115199999,34.072415288000059],[-117.69472700799997,34.072200517000056],[-117.69556456199996,34.07199246600004],[-117.69640375899996,34.071791147000056],[-117.69724454599998,34.071596574000068],[-117.69808686799996,34.071408760000054],[-117.69893067299995,34.071227716000067],[-117.69899489199997,34.071755163000034],[-117.69906619199998,34.072281700000076],[-117.69914456099997,34.072807232000059],[-117.69922998399994,34.073331662000044],[-117.69932244599994,34.073854899000025],[-117.69942192899998,34.074376846000064],[-117.69952841699995,34.074897407000037],[-117.69964188899996,34.075416493000034],[-117.69976232599998,34.075934006000068],[-117.69988970599996,34.076449855000078],[-117.70002400499999,34.076963944000056],[-117.70016519899997,34.077476184000034],[-117.70031326399999,34.07798648000005],[-117.70046817099995,34.078494741000043],[-117.70062989299998,34.079000873000041],[-117.70079840099999,34.079504788000065],[-117.70097366699997,34.080006393000076],[-117.70115565499998,34.080505598000059],[-117.70134433299995,34.081002313000056],[-117.70153966799995,34.081496447000063],[-117.70174162699999,34.081987913000034],[-117.70195016899999,34.082476620000079],[-117.70216525999996,34.082962480000049],[-117.70238685999999,34.083445408000046],[-117.70261492699996,34.083925314000055],[-117.70284942299998,34.084402113000067],[-117.70309030399994,34.084875718000035],[-117.70333752699997,34.085346043000072],[-117.70359104699997,34.085813005000034],[-117.70385081699999,34.086276517000044],[-117.70411679299997,34.08673649800005],[-117.70438892499999,34.087192862000052],[-117.70466716399994,34.087645531000078],[-117.70495146099995,34.088094419000072],[-117.70524176199996,34.088539446000027],[-117.70553801799997,34.088980534000029],[-117.70584017299996,34.089417600000047],[-117.70614817399996,34.089850567000042],[-117.70646196399997,34.090279357000043],[-117.70678148699994,34.090703892000079],[-117.70710668499999,34.091124096000044],[-117.70743750099996,34.091539891000025],[-117.70777387299995,34.091951206000033],[-117.70811574099997,34.092357962000051],[-117.70846304399998,34.092760088000034],[-117.70881571799998,34.093157513000051],[-117.70917370199999,34.093550162000042],[-117.70953692699999,34.093937966000055],[-117.70990533099996,34.094320854000046],[-117.71027884599999,34.09469875800005],[-117.71065740599994,34.095071610000048],[-117.71104093999998,34.095439341000031],[-117.71142938099996,34.095801886000061],[-117.71182265799996,34.09615917800005],[-117.71222070099998,34.096511154000041],[-117.71262343599994,34.096857751000073],[-117.71303079199998,34.097198905000027],[-117.71344269599996,34.097534555000038],[-117.71385907199999,34.097864639000079],[-117.71427984599995,34.098189099000024],[-117.71470494099998,34.098507877000031],[-117.71513428099996,34.098820914000044],[-117.71556778899998,34.099128154000027],[-117.71600538499996,34.099429541000063],[-117.71644699099994,34.09972502200003],[-117.71689252799996,34.100014543000043],[-117.71734191399997,34.100298051000038],[-117.71779506999997,34.100575495000044],[-117.71825191199997,34.100846825000076],[-117.71871235899999,34.101111993000075],[-117.71917632699996,34.101370950000046],[-117.71964373299994,34.101623649000032],[-117.72011449099995,34.101870046000045],[-117.72058851799994,34.102110095000057],[-117.72106572699994,34.10234375400006],[-117.72154603299998,34.102570979000063],[-117.72202934799998,34.102791730000035],[-117.72251558699998,34.103005968000048],[-117.72300465999996,34.103213652000079],[-117.72349647899995,34.103414747000045],[-117.72399095499998,34.103609215000063],[-117.72448799999995,34.103797022000037],[-117.72498752399997,34.103978133000055],[-117.72548943599998,34.104152517000045],[-117.72599364499996,34.104320140000027],[-117.72650006099997,34.104480974000069],[-117.72700859299999,34.104634989000033],[-117.72751914799994,34.104782157000045],[-117.72803163399999,34.104922452000039],[-117.72854595899997,34.105055849000053],[-117.72906203099996,34.105182322000076],[-117.72957975499997,34.105301851000036],[-117.73009903799999,34.105414411000027],[-117.73061978699997,34.105519985000058],[-117.73114190699999,34.105618553000056],[-117.73166530399999,34.105710095000063],[-117.73218988499997,34.105794598000045],[-117.73271555299999,34.10587204400008],[-117.73324221499996,34.105942420000076],[-117.73376977399994,34.106005714000048],[-117.73429813599995,34.106061913000076],[-117.73482720599998,34.106111008000028],[-117.73535688699997,34.106152990000055],[-117.73588708499994,34.106187850000026],[-117.73641770399996,34.10621558400004],[-117.73694864699996,34.106236186000046],[-117.73747981799994,34.106249652000031],[-117.73801112399997,34.106255980000071],[-117.73854246599996,34.106255169000065],[-117.73907374899994,34.106247218000078],[-117.73960487799997,34.106232129000034],[-117.74013575599997,34.106209906000061],[-117.74066628599996,34.106180552000069],[-117.74119637599995,34.106144072000063],[-117.74172592699995,34.106100472000037],[-117.74225484399994,34.106049762000055],[-117.74278303199998,34.105991948000053],[-117.74331039599997,34.105927044000055],[-117.74383683899998,34.105855060000067],[-117.74436226799997,34.105776009000067],[-117.74488658799999,34.10568990400003],[-117.74540970399994,34.10559676400004],[-117.74593151999994,34.105496602000073],[-117.74645194499999,34.105389438000032],[-117.74697088099998,34.105275291000055],[-117.74748823699997,34.105154182000035],[-117.74800391999997,34.105026133000024],[-117.74851783499997,34.104891166000073],[-117.74902989199995,34.104749306000031],[-117.74953999499996,34.104600580000067],[-117.75004805299994,34.104445012000042],[-117.75055397599999,34.104282632000036],[-117.75105767099996,34.104113469000026],[-117.75155904799999,34.103937554000026],[-117.75205801599998,34.10375491700006],[-117.75255448499996,34.103565594000031],[-117.75304836499998,34.103369616000066],[-117.75353956799995,34.103167020000058],[-117.75402800399996,34.102957842000023],[-117.75451358499998,34.102742121000063],[-117.75499622499996,34.102519895000057],[-117.75547583399998,34.102291204000039],[-117.75595232699999,34.10205608900003],[-117.75642561899997,34.101814592000039],[-117.75689562299999,34.101566759000036],[-117.75736225399999,34.101312634000067],[-117.75782542899998,34.101052260000074],[-117.75828506499994,34.100785687000041],[-117.75874107499999,34.100512963000028],[-117.75919338099999,34.10023413600004],[-117.75964189999996,34.099949257000048],[-117.76008655099997,34.099658377000026],[-117.76052725199997,34.099361549000037],[-117.76096392599999,34.099058826000032],[-117.76139649299995,34.098750264000046],[-117.76182487399996,34.098435917000074],[-117.76224899399995,34.098115843000073],[-117.76266877499995,34.097790098000075],[-117.76308414099998,34.097458743000061],[-117.76349501699997,34.097121837000032],[-117.76390132999995,34.096779441000024],[-117.76430300499999,34.096431616000075],[-117.76469996999998,34.096078426000076],[-117.76509215399994,34.095719934000044],[-117.76547948599995,34.095356204000041],[-117.76586189599999,34.094987303000039],[-117.76623931399996,34.094613297000024],[-117.76661167399999,34.094234254000071],[-117.76697890599996,34.09385024200003],[-117.76734094599999,34.093461330000025],[-117.76769772799997,34.093067589000043],[-117.76804918699997,34.092669090000072],[-117.76839525999998,34.092265905000033],[-117.76873588399997,34.091858106000075],[-117.76907099799996,34.091445766000049],[-117.76940054199997,34.091028962000053],[-117.76972445499996,34.090607768000041],[-117.77004267999996,34.090182258000027],[-117.77035515999995,34.089752512000075],[-117.77066183599999,34.089318606000063],[-117.77096265499995,34.088880619000065],[-117.77163821899995,34.089479071000028],[-117.77230921599994,34.090082640000048],[-117.77297560699998,34.090691291000041],[-117.77363735199998,34.091304989000037],[-117.77429441399994,34.091923698000073],[-117.77494675599996,34.092547383000067],[-117.77559433799996,34.093176007000068],[-117.77623712499997,34.093809535000048],[-117.77687507899998,34.094447930000058],[-117.77750816199995,34.095091155000034],[-117.77813633799997,34.095739172000037],[-117.77875957199996,34.096391944000061],[-117.77937782599997,34.097049434000041],[-117.77999106599998,34.09771160400004],[-117.78059925699995,34.098378414000024],[-117.78120236299998,34.09904982900008],[-117.78180034699994,34.099725806000038],[-117.78239317699996,34.10040630900005],[-117.78298081999998,34.101091298000028],[-117.78356323799994,34.101780732000066],[-117.78414039999996,34.102474573000052],[-117.78471227399996,34.103172781000069],[-117.78527882399999,34.103875315000039],[-117.78584001899998,34.104582134000054],[-117.78639582499994,34.105293197000037],[-117.78694621199998,34.10600846300008],[-117.78749114699997,34.106727892000038],[-117.78803059899997,34.107451441000023],[-117.78856453699996,34.108179070000062],[-117.78909292899999,34.108910734000062],[-117.78961574599998,34.109646394000038],[-117.79013295599998,34.110386006000056],[-117.79064453199999,34.11112952700006],[-117.79115044099996,34.11187691400005],[-117.79165065499996,34.112628124000025],[-117.79214514799997,34.113383115000033],[-117.79263388699997,34.114141841000048],[-117.79311684599998,34.11490426000006],[-117.79359399699996,34.115670327000032],[-117.79406531299998,34.116439999000079],[-117.79428478699998,34.116877722000027]]]},"properties":{"OBJECTID":16,"bid":16,"zone_id":"D_CNO003","zone_name":"Class D - CNO","restrict":"Controlled Airspace","note":"Valid time: Jan 1, 2026-Dec 31, 2026, daily 7:00 AM-9:00 PM (GMT-8); You must have an airspace authorization from the FAA. Use LAANC. Prior to flight, the remote pilot in command must assess local airspace and any flight restrictions.","flight_cei":50,"height_met":15.24,"Area":134.09817100373797,"shape_":"面"}},{"type":"Feature","id":17,"geometry":{"type":"Polygon","coordinates":[[[-118.22250822899997,34.831787916000053],[-118.22327471999995,34.83178433300003],[-118.22404114499994,34.831773583000029],[-118.22480743499995,34.831755668000028],[-118.22557352399997,34.831730588000028],[-118.22633934599997,34.831698347000042],[-118.22710483199995,34.83165894800004],[-118.22786991599997,34.831612392000068],[-118.22863453199994,34.831558686000051],[-118.22939861299994,34.831497832000025],[-118.23016209099995,34.83142983700003],[-118.23092489899994,34.83135470700006],[-118.23168697299997,34.83127244800005],[-118.23244824299996,34.83118306800003],[-118.23320864499999,34.83108657300005],[-118.23396811099997,34.830982973000062],[-118.23472657499997,34.830872277000026],[-118.23548397199994,34.830754494000075],[-118.23624023399998,34.830629634000047],[-118.23699529399994,34.830497710000031],[-118.23774908999997,34.830358730000057],[-118.23850155199995,34.830212710000069],[-118.23925261699998,34.830059660000074],[-118.24000221799997,34.829899595000029],[-118.24075028899995,34.829732528000079],[-118.24149676499997,34.829558474000066],[-118.24224158099997,34.829377449000049],[-118.24298467199998,34.829189466000059],[-118.24372597399997,34.828994545000057],[-118.24446541999998,34.828792701000054],[-118.24520294699994,34.828583952000031],[-118.24593848999996,34.82836831700007],[-118.24667198399999,34.828145814000038],[-118.24740336599996,34.827916462000076],[-118.24813257199997,34.827680283000063],[-118.24885953799998,34.827437295000038],[-118.24958419999996,34.827187521000042],[-118.25030649399997,34.826930983000068],[-118.25102635899998,34.826667702000066],[-118.25174372999999,34.826397703000055],[-118.25245854599996,34.82612100700004],[-118.25317074399999,34.825837641000078],[-118.25388026099995,34.825547628000038],[-118.25458703499999,34.825250994000044],[-118.25529100499995,34.824947765000047],[-118.25599210999997,34.824637966000068],[-118.25669028699997,34.824321626000028],[-118.25738547499998,34.823998773000028],[-118.25807761399994,34.823669432000031],[-118.25876664499998,34.823333636000029],[-118.25945250499996,34.822991412000079],[-118.26013513499998,34.822642790000032],[-118.26081447699994,34.822287800000026],[-118.26149046899997,34.821926475000055],[-118.26216305299999,34.821558845000027],[-118.26283217099996,34.821184942000059],[-118.26349776299998,34.820804800000076],[-118.26415977299996,34.82041845100008],[-118.26481814099998,34.820025929000053],[-118.26547281099994,34.819627268000033],[-118.26612372299996,34.819222504000038],[-118.26677082399999,34.818811672000038],[-118.26741405399997,34.81839480800005],[-118.26805335899996,34.817971947000046],[-118.26868868299999,34.817543128000068],[-118.26931996899998,34.817108387000076],[-118.26994716299998,34.816667763000055],[-118.27057020999996,34.816221294000059],[-118.27118905499998,34.815769019000072],[-118.27180364499998,34.81531097800007],[-118.27241392399998,34.814847210000039],[-118.27301984099995,34.814377757000045],[-118.27362134199996,34.813902659000064],[-118.27421837499998,34.813421958000049],[-118.27481088699994,34.812935696000068],[-118.27539882699995,34.812443914000028],[-118.27598214299996,34.811946658000068],[-118.27656078499996,34.811443969000038],[-118.27713470099997,34.810935892000032],[-118.27770384099995,34.810422471000038],[-118.27826815699996,34.809903752000025],[-118.27882759699997,34.80937977800005],[-118.27938211399999,34.80885059700006],[-118.27993165899994,34.808316255000079],[-118.28047618399995,34.807776797000031],[-118.28101564199994,34.807232272000078],[-118.28154998399998,34.806682727000066],[-118.28207916499997,34.806128209000065],[-118.28260313799996,34.805568769000047],[-118.28312185799996,34.805004453000038],[-118.28363527899995,34.804435313000056],[-118.28414335599996,34.803861397000048],[-118.28464604499999,34.803282755000055],[-118.28514330099995,34.802699439000037],[-118.28563508199994,34.802111500000024],[-118.28612134399998,34.801518987000065],[-118.28660204499994,34.800921954000046],[-118.28707714299998,34.80032045300004],[-118.28754659599997,34.799714536000067],[-118.28801036399994,34.799104256000078],[-118.28846840499995,34.798489667000069],[-118.28892067999999,34.79787082100006],[-118.28936714899999,34.797247774000027],[-118.28980777299995,34.79662058100007],[-118.29024251299995,34.795989294000037],[-118.29067133199999,34.795353971000054],[-118.29109419299999,34.794714666000061],[-118.29151105699998,34.794071434000045],[-118.29192188899998,34.793424334000065],[-118.29232665299998,34.792773421000049],[-118.29272531299995,34.792118751000032],[-118.29311783499998,34.791460384000061],[-118.29350418299998,34.790798374000076],[-118.29388432599995,34.790132781000068],[-118.29425822899998,34.789463664000039],[-118.29462585799996,34.788791079000077],[-118.29498718399998,34.788115087000051],[-118.29534217399998,34.787435746000028],[-118.29569079499998,34.786753115000067],[-118.29603301999998,34.786067254000045],[-118.29636881599998,34.785378225000045],[-118.29669815499994,34.784686085000033],[-118.29702100899999,34.783990896000034],[-118.29733734899997,34.783292719000031],[-118.29764714699996,34.782591615000058],[-118.29795037699995,34.78188764500004],[-118.29824700999995,34.781180871000061],[-118.29853702399998,34.780471354000042],[-118.29882038999995,34.779759156000068],[-118.29909708499997,34.779044340000041],[-118.29936708399998,34.778326969000034],[-118.29963036499998,34.777607104000026],[-118.29988690399995,34.77688480900008],[-118.30013667599997,34.776160147000041],[-118.30037966399999,34.775433181000039],[-118.30061584399999,34.774703975000079],[-118.30084519499997,34.773972594000043],[-118.30106769799994,34.773239099000079],[-118.30128333399995,34.772503556000061],[-118.30149208299997,34.771766029000048],[-118.30169392599998,34.771026583000037],[-118.30188884799998,34.770285282000032],[-118.30207682899999,34.769542190000038],[-118.30225785499999,34.768797373000041],[-118.30243190799996,34.76805089800007],[-118.30259897499997,34.767302826000048],[-118.30275903999996,34.766553226000042],[-118.30291208899996,34.765802162000057],[-118.30305810999994,34.765049699000031],[-118.30319708799999,34.764295904000051],[-118.30332901299994,34.763540843000044],[-118.30345387299997,34.762784581000062],[-118.30357165599997,34.762027184000033],[-118.30368235199995,34.761268720000032],[-118.30378595199994,34.760509254000056],[-118.30388244599999,34.75974885200003],[-118.30397182699994,34.758987582000032],[-118.30405408499996,34.758225508000066],[-118.30412921599998,34.757462700000076],[-118.30419721099997,34.756699221000076],[-118.30425806399995,34.755935142000055],[-118.30431176999997,34.75517052500004],[-118.30435832599994,34.754405441000074],[-118.30439772499994,34.75363995500004],[-118.30442996599999,34.752874133000034],[-118.30445504399995,34.752108044000067],[-118.30447295999994,34.751341753000077],[-118.30448370899995,34.750575329000071],[-118.30448729299997,34.749808837000046],[-118.30448370999994,34.749042346000067],[-118.30447295999994,34.748275922000062],[-118.30445504399995,34.747509631000071],[-118.30442996499994,34.746743542000047],[-118.30439772499994,34.745977721000031],[-118.30435832399996,34.745212234000064],[-118.30431176899998,34.744447150000042],[-118.30425806199997,34.743682534000072],[-118.30419720899999,34.742918454000062],[-118.30412921499999,34.742154976000052],[-118.30405408399997,34.741392167000072],[-118.30397182499996,34.740630094000039],[-118.30388244499994,34.739868824000041],[-118.30378594999996,34.739108422000072],[-118.30368234999997,34.738348955000049],[-118.30357165299995,34.737590491000049],[-118.30345387099999,34.736833095000065],[-118.30332901099996,34.736076833000027],[-118.30319708599995,34.735321772000077],[-118.30305810699997,34.73456797700004],[-118.30291208699998,34.733815514000071],[-118.30275903699999,34.733064450000029],[-118.30259897199994,34.73231485000008],[-118.30243190499999,34.731566779000048],[-118.30225785199997,34.730820302000041],[-118.30207682599996,34.730075485000043],[-118.30188884399996,34.729332394000039],[-118.30169392199997,34.728591093000034],[-118.30149207799997,34.72785164700008],[-118.30128332999999,34.727114119000078],[-118.30106769399998,34.726378577000048],[-118.30084519099995,34.725645082000028],[-118.30061583899999,34.724913701000048],[-118.30037965999998,34.724184495000031],[-118.30013667299994,34.723457529000029],[-118.29988689799995,34.722732868000037],[-118.29963035999998,34.722010572000045],[-118.29936707899998,34.721290707000037],[-118.29909707899998,34.720573336000029],[-118.29882038399995,34.719858521000049],[-118.29853701799999,34.719146323000075],[-118.29824700599994,34.718436806000057],[-118.29795037099996,34.717730032000077],[-118.29764714199996,34.717026062000059],[-118.29733734299998,34.71632495700004],[-118.29702100299994,34.715626781000026],[-118.29669814999994,34.714931592000028],[-118.29636880899994,34.714239452000072],[-118.29603301299994,34.713550422000026],[-118.29569078899999,34.71286456200005],[-118.29534216599995,34.712181931000032],[-118.29498717799999,34.711502590000066],[-118.29462585199997,34.71082659800004],[-118.29425822199994,34.710154013000079],[-118.29388431799998,34.709484896000049],[-118.29350417699999,34.708819303000041],[-118.29311782799999,34.708157294000046],[-118.29272530499998,34.707498926000028],[-118.29232664499995,34.706844257000057],[-118.29192188199994,34.706193344000042],[-118.29151104899995,34.705546243000072],[-118.29109418499996,34.704903013000035],[-118.29067132499995,34.704263707000052],[-118.29024250499998,34.703628384000069],[-118.28980776399999,34.702997098000026],[-118.28936714099996,34.702369904000079],[-118.28892067199996,34.701746857000046],[-118.28846839599998,34.701128011000037],[-118.28801035499998,34.700513423000075],[-118.28754658699995,34.699903143000029],[-118.28707713399996,34.699297226000056],[-118.28660203599998,34.69869572500005],[-118.28612133499996,34.69809869200003],[-118.28563507299998,34.697506179000072],[-118.28514329199999,34.69691823900007],[-118.28464603499998,34.696334923000052],[-118.28414334699994,34.695756282000048],[-118.28363526899994,34.69518236600004],[-118.28312184799995,34.694613225000069],[-118.28260312799995,34.694048910000049],[-118.28207915499996,34.693489470000031],[-118.28154997399997,34.692934953000076],[-118.28101563099995,34.692385408000064],[-118.28047617399994,34.691840883000054],[-118.27993164899999,34.691301425000063],[-118.27938210399998,34.690767083000026],[-118.27882758699997,34.690237901000046],[-118.27826814599996,34.68971392900005],[-118.27770383099994,34.689195209000047],[-118.27713468999997,34.688681788000054],[-118.27656077399996,34.688173711000047],[-118.27598213299996,34.687671023000064],[-118.27539881599995,34.687173766000058],[-118.27481087599995,34.686681985000064],[-118.27421836399998,34.686195723000026],[-118.27362133099996,34.685715022000068],[-118.27301982999995,34.68523992400003],[-118.27241391299998,34.684770471000036],[-118.27180363299999,34.684306703000061],[-118.27118904299999,34.683848662000059],[-118.27057019799997,34.683396388000062],[-118.26994715199999,34.682949918000077],[-118.26931995699999,34.682509295000045],[-118.26868867099995,34.682074553000064],[-118.26805334799997,34.681645735000075],[-118.26741404199998,34.681222874000071],[-118.26677081199995,34.680806010000026],[-118.26612371199997,34.680395178000026],[-118.26547279799996,34.679990414000031],[-118.26481812899999,34.679591754000057],[-118.26415976099997,34.67919923200003],[-118.26349775199998,34.678812883000035],[-118.26283215899997,34.678432741000051],[-118.26216304099995,34.678058839000073],[-118.26149045599999,34.677691208000056],[-118.26081446399996,34.677329882000038],[-118.26013512299994,34.676974893000079],[-118.25945249199998,34.676626271000032],[-118.25876663199995,34.67628404800007],[-118.25807760099997,34.675948251000079],[-118.25738546199995,34.675618912000061],[-118.25669027399999,34.675296057000025],[-118.25599209599994,34.674979717000042],[-118.25529099199997,34.674669920000042],[-118.25458702199995,34.674366690000056],[-118.25388024799997,34.674070056000062],[-118.25317072999997,34.673780044000068],[-118.25245853399997,34.67349667700006],[-118.25174371799994,34.673219982000035],[-118.25102634599995,34.672949983000024],[-118.25030648099994,34.672686702000078],[-118.24958418599999,34.672430164000048],[-118.24885952399995,34.672180390000051],[-118.24813255799995,34.671937403000072],[-118.24740335199999,34.671701223000071],[-118.24667197099996,34.671471872000041],[-118.24593847599999,34.671249369000066],[-118.24520293299997,34.671033734000048],[-118.24446540599996,34.670824985000024],[-118.24372595999995,34.670623141000078],[-118.24298465899994,34.670428220000076],[-118.24224156699995,34.670240238000076],[-118.24149675099994,34.670059212000069],[-118.24075027399999,34.669885159000046],[-118.24000220299996,34.669718092000039],[-118.23925260299995,34.669558027000051],[-118.23850153899997,34.669404977000056],[-118.23774907599994,34.669258957000068],[-118.23699528099996,34.669119978000026],[-118.23624021999996,34.668988053000078],[-118.23548395799997,34.668863194000039],[-118.23472656199999,34.668745411000032],[-118.23396809699994,34.668634715000053],[-118.23320863099997,34.668531115000064],[-118.23244822899994,34.668434621000074],[-118.23168695799995,34.668345240000065],[-118.23092488599997,34.668262981000055],[-118.23016207699999,34.668187851000027],[-118.22939859899998,34.668119857000079],[-118.22863451899997,34.668059003000053],[-118.22786990299994,34.668005297000036],[-118.22710481799999,34.667958742000053],[-118.22633933099996,34.667919341000072],[-118.22557350999995,34.667887101000076],[-118.22480742099998,34.667862022000065],[-118.22404112999999,34.667844107000064],[-118.22327470699997,34.667833357000063],[-118.22250821499995,34.66782977400004],[-118.22174172299998,34.667833357000063],[-118.22097529899997,34.667844107000064],[-118.22020900899997,34.667862022000065],[-118.21944291899996,34.667887101000076],[-118.21867709899999,34.667919342000062],[-118.21791161099998,34.667958742000053],[-118.21714652699995,34.668005298000026],[-118.21638191099998,34.668059005000032],[-118.21561783099997,34.668119857000079],[-118.21485435299996,34.668187853000063],[-118.21409154399998,34.668262982000044],[-118.21332947099995,34.668345242000044],[-118.21256820099995,34.668434622000063],[-118.21180779899998,34.668531117000043],[-118.21104833299995,34.668634717000032],[-118.21028986799996,34.668745414000057],[-118.20953247199998,34.668863197000064],[-118.20877621099999,34.668988056000046],[-118.20802114899999,34.669119980000062],[-118.20726735399995,34.669258959000047],[-118.20651489199997,34.669404980000024],[-118.20576382699994,34.669558030000076],[-118.20501422699999,34.669718095000064],[-118.20426615599996,34.669885161000025],[-118.20351967899995,34.670059216000027],[-118.20277486199996,34.670240242000034],[-118.20203177199994,34.670428223000044],[-118.20129046999995,34.670623144000047],[-118.20055102399999,34.670824989000039],[-118.19981349699998,34.671033737000073],[-118.19907795399996,34.67124937300008],[-118.19834445899994,34.671471876000055],[-118.19761307799996,34.671701227000028],[-118.19688387199994,34.671937408000076],[-118.19615690599994,34.672180395000055],[-118.19543224399996,34.672430168000062],[-118.19470994899996,34.672686707000025],[-118.19399008499994,34.672949987000038],[-118.19327271299994,34.673219987000039],[-118.19255789699997,34.673496682000064],[-118.19184569999999,34.673780048000026],[-118.19113618299997,34.674070062000055],[-118.19042940799994,34.67436669600005],[-118.18972543899997,34.674669925000046],[-118.18902433399995,34.674979723000035],[-118.18832615699995,34.675296063000076],[-118.18763096899994,34.675618917000065],[-118.18693882999997,34.675948257000073],[-118.18624979999998,34.676284054000064],[-118.18556393899996,34.676626278000072],[-118.18488130899999,34.676974900000062],[-118.18420196699998,34.677329889000077],[-118.18352597499995,34.677691215000038],[-118.18285339099998,34.678058845000066],[-118.18218427299996,34.678432748000034],[-118.18151867999995,34.678812890000074],[-118.18085667099996,34.67919923900007],[-118.18019830299994,34.67959176200003],[-118.17954363299998,34.67999042100007],[-118.17889271999996,34.680395185000066],[-118.17824561999998,34.680806017000066],[-118.17760238899996,34.681222882000043],[-118.17696308399996,34.681645742000057],[-118.17632775999999,34.682074562000025],[-118.17569647499994,34.682509302000028],[-118.17506928099999,34.682949927000038],[-118.17444623399996,34.683396396000035],[-118.17382738899994,34.683848670000032],[-118.17321279999999,34.68430671200008],[-118.17260251999994,34.684770480000054],[-118.17199660299997,34.685239932000059],[-118.17139510199996,34.685715031000029],[-118.17079806799995,34.686195732000044],[-118.17020555599998,34.686681994000025],[-118.16961761699997,34.687173775000076],[-118.16903429999996,34.687671032000026],[-118.16845565899996,34.688173721000055],[-118.16788174299995,34.688681797000072],[-118.16731260199998,34.689195218000066],[-118.16674828699996,34.689713938000068],[-118.16618884699994,34.690237912000043],[-118.16563432999999,34.690767093000034],[-118.16508478499998,34.691301435000071],[-118.16454025899998,34.691840893000062],[-118.16400080299996,34.692385418000072],[-118.16346645999994,34.692934963000027],[-118.16293727899995,34.693489481000029],[-118.16241330599996,34.694048921000046],[-118.16189458599996,34.694613236000066],[-118.16138116599996,34.695182377000037],[-118.16087308799996,34.695756293000045],[-118.16037039999998,34.696334934000049],[-118.15987314199998,34.696918250000067],[-118.15938136199998,34.69750619000007],[-118.15889509999994,34.698098703000028],[-118.15841439899998,34.698695736000047],[-118.15793930099994,34.699297237000053],[-118.15746984799995,34.699903154000026],[-118.15700607999997,34.700513434000072],[-118.15654803899997,34.70112802400007],[-118.15609576399999,34.701746868000043],[-118.15564929599998,34.702369916000066],[-118.15520867099997,34.70299710900008],[-118.15477393099997,34.703628396000056],[-118.15434511199999,34.704263719000039],[-118.15392225099998,34.704903024000032],[-118.15350538699994,34.705546256000048],[-118.15309455399995,34.706193355000039],[-118.15268979099994,34.706844269000044],[-118.15229112999998,34.707498938000072],[-118.15189860899994,34.708157306000032],[-118.15151225999995,34.708819315000028],[-118.15113211699997,34.709484908000036],[-118.15075821499994,34.710154026000055],[-118.15039058499997,34.710826611000073],[-118.15002925999994,34.711502604000032],[-118.14967427099998,34.712181945000054],[-118.14932564899999,34.712864575000026],[-118.14898342399999,34.713550436000048],[-118.14864762699995,34.714239466000038],[-118.14831828799998,34.714931605000061],[-118.14799543399994,34.715626793000069],[-118.14767909399995,34.716324970000073],[-118.14736929599997,34.717026075000035],[-118.14706606699997,34.717730045000053],[-118.14676943299997,34.718436819000033],[-118.14647942099998,34.719146337000041],[-118.14619605399997,34.719858534000025],[-118.14591935899995,34.720573349000063],[-118.14564935899995,34.721290722000049],[-118.14538607999998,34.722010586000067],[-118.14512953999997,34.72273288100007],[-118.14487976699996,34.723457543000052],[-118.14463677999998,34.724184508000064],[-118.14440059999998,34.724913714000024],[-118.14417124899995,34.725645096000051],[-118.14394874599998,34.726378591000071],[-118.14373310999997,34.727114134000033],[-118.14352436099995,34.727851661000045],[-118.14332251799999,34.728591107000057],[-118.14312759599994,34.729332408000062],[-118.14293961499999,34.730075499000066],[-118.14275858899998,34.730820316000063],[-118.14258453599996,34.731566792000024],[-118.14241746899995,34.732314863000056],[-118.14225740399996,34.733064464000051],[-118.14210435399997,34.733815529000026],[-118.14195833399998,34.734567991000063],[-118.14181935499994,34.735321786000043],[-118.14168742999999,34.736076847000049],[-118.14156257099995,34.736833109000031],[-118.14144478799994,34.737590505000071],[-118.14133409199997,34.738348969000072],[-118.14123049199998,34.739108436000038],[-118.14113399699994,34.739868837000074],[-118.14104461799997,34.740630108000062],[-118.14096235899996,34.741392181000037],[-118.14088722799994,34.742154990000074],[-118.14081923299995,34.742918468000028],[-118.14075838099996,34.743682549000027],[-118.14070467299996,34.744447164000064],[-118.14065811799998,34.745212249000076],[-118.14061871899997,34.745977735000054],[-118.14058647799999,34.746743557000059],[-118.14056139899998,34.747509646000026],[-118.14054348299999,34.748275936000027],[-118.14053273399998,34.749042360000033],[-118.14052915099995,34.749808852000058],[-118.14053273499997,34.750575344000026],[-118.14054348399998,34.751341768000032],[-118.14056139899998,34.752108058000033],[-118.14058647899998,34.752874147000057],[-118.14061871899997,34.753639969000062],[-118.14065811999996,34.754405456000029],[-118.14070467399995,34.755170540000051],[-118.14075838099996,34.755935155000032],[-118.14081923399999,34.756699236000031],[-118.14088722899999,34.757462714000042],[-118.14096235999995,34.758225523000078],[-118.14104461899996,34.758987595000065],[-118.14113399999997,34.759748866000052],[-118.14123049399996,34.760509268000078],[-118.14133409399994,34.761268734000055],[-118.14144478999998,34.762027199000045],[-118.14156257299999,34.762784595000028],[-118.14168743199997,34.763540856000077],[-118.14181935699997,34.764295918000073],[-118.14195833699995,34.765049713000053],[-118.14210435699999,34.765802175000033],[-118.14225740599994,34.766553239000075],[-118.14241747199998,34.76730284000007],[-118.14258453899998,34.768050912000035],[-118.14275859199995,34.768797388000053],[-118.14293961899995,34.769542204000061],[-118.14312759999996,34.770285296000054],[-118.14332252199995,34.771026597000059],[-118.14352436599995,34.771766043000071],[-118.14373311399999,34.772503570000026],[-118.14394874899995,34.773239113000045],[-118.14417125299997,34.773972607000076],[-118.14440060499999,34.774703989000045],[-118.14463678399994,34.775433195000062],[-118.14487977199997,34.776160160000074],[-118.14512954599996,34.776884822000056],[-118.14538608299995,34.777607118000049],[-118.14564936399995,34.778326982000067],[-118.14591936399995,34.779044353000074],[-118.14619605899998,34.779759169000044],[-118.14647942599998,34.780471367000075],[-118.14676943899997,34.781180884000037],[-118.14706607299996,34.781887659000063],[-118.14736930299995,34.782591628000034],[-118.14767910099999,34.783292732000064],[-118.14799544099998,34.783990909000067],[-118.14831829399998,34.784686097000076],[-118.14864763399999,34.785378237000032],[-118.14898343099998,34.786067268000068],[-118.14932565499998,34.786753128000043],[-118.14967427699997,34.787435758000072],[-118.15002926699998,34.788115100000027],[-118.15039059199995,34.788791092000054],[-118.15075822299997,34.789463677000072],[-118.15113212499995,34.790132794000044],[-118.15151226699999,34.790798387000052],[-118.15189861599998,34.791460396000048],[-118.15229113799995,34.792118764000065],[-118.15268979899997,34.792773433000036],[-118.15309456299997,34.793424347000041],[-118.15350539399998,34.794071447000078],[-118.15392225899996,34.794714678000048],[-118.15434511899997,34.795353983000041],[-118.15477393899999,34.795989306000024],[-118.15520867899994,34.796620592000068],[-118.15564930399995,34.797247786000071],[-118.15609577199996,34.797870833000047],[-118.15654804799999,34.798489678000067],[-118.15700608899999,34.799104267000075],[-118.15746985699997,34.799714547000065],[-118.15793930899997,34.800320464000038],[-118.15841440699995,34.800921966000033],[-118.15889510899996,34.801518998000063],[-118.15938137099994,34.802111511000078],[-118.15987315199999,34.802699451000024],[-118.16037040899994,34.803282766000052],[-118.16087309799997,34.803861408000046],[-118.16138117499997,34.804435324000053],[-118.16189459499998,34.805004464000035],[-118.16241331599997,34.805568780000044],[-118.16293728899996,34.806128220000062],[-118.16346646999995,34.806682737000074],[-118.16400081199998,34.807232282000029],[-118.16454026899999,34.807776807000039],[-118.16508479499998,34.80831626500003],[-118.16563433999994,34.808850607000068],[-118.16618885699995,34.809379788000058],[-118.16674829799996,34.809903762000033],[-118.16731261399997,34.810422481000046],[-118.16788175299996,34.81093590200004],[-118.16845566899997,34.811443979000046],[-118.16903431099996,34.811946667000029],[-118.16961762799997,34.812443924000036],[-118.17020556699998,34.812935705000029],[-118.17079807999994,34.813421967000068],[-118.17139511299996,34.813902668000026],[-118.17199661399997,34.814377766000064],[-118.17260253099994,34.814847219000058],[-118.17321281099998,34.815310987000032],[-118.17382739999999,34.815769027000044],[-118.17444624499996,34.816221303000077],[-118.17506929299998,34.816667772000073],[-118.17569648699998,34.817108396000037],[-118.17632777299997,34.81754313600004],[-118.17696309599995,34.817971956000065],[-118.17760240099994,34.81839481600008],[-118.17824563199997,34.818811680000067],[-118.17889273199995,34.819222512000067],[-118.17954364499997,34.819627276000062],[-118.18019831499998,34.820025936000036],[-118.18085668299994,34.820418458000063],[-118.18151869299999,34.820804806000069],[-118.18218428499995,34.821184949000042],[-118.18285340299997,34.821558852000067],[-118.18352598699994,34.821926482000038],[-118.18420197999995,34.822287807000066],[-118.18488132199997,34.822642796000025],[-118.18556395199994,34.822991418000072],[-118.18624981199997,34.823333643000069],[-118.18693884199996,34.823669439000071],[-118.18763098199997,34.823998779000078],[-118.18832617099997,34.824321633000068],[-118.18902434799998,34.824637973000051],[-118.18972545099996,34.824947770000051],[-118.19042942199997,34.825251000000037],[-118.19113619599995,34.825547634000031],[-118.19184571299996,34.825837646000025],[-118.19255791099999,34.826121012000044],[-118.19327272699996,34.826397708000059],[-118.19399009799997,34.82666770700007],[-118.19470996299998,34.826930988000072],[-118.19543225799998,34.827187526000046],[-118.19615691999996,34.827437300000042],[-118.19688388599997,34.827680287000078],[-118.19761309099999,34.82791646700008],[-118.19834447299996,34.828145818000053],[-118.19907796799998,34.828368321000028],[-118.19981351099995,34.828583956000045],[-118.20055103799996,34.828792705000069],[-118.20129048399997,34.828994549000072],[-118.20203178499997,34.829189470000074],[-118.20277487699997,34.829377452000074],[-118.20351969299998,34.829558477000035],[-118.20426616999998,34.829732531000047],[-118.20501424099996,34.829899598000054],[-118.20576384199995,34.830059663000043],[-118.20651490599994,34.830212713000037],[-118.20726736799998,34.830358733000025],[-118.20802116299996,34.830497712000067],[-118.20877622499995,34.830629637000072],[-118.20953248599994,34.830754496000054],[-118.21028988199998,34.830872279000062],[-118.21104834599998,34.83098297500004],[-118.21180781299995,34.831086574000039],[-118.21256821499998,34.831183069000076],[-118.21332948499997,34.831272450000029],[-118.21409155799995,34.831354708000049],[-118.21485436699999,34.831429839000066],[-118.21561784499994,34.831497834000061],[-118.21638192499995,34.831558686000051],[-118.21714654099998,34.831612393000057],[-118.21791162599999,34.83165894900003],[-118.21867711199997,34.831698348000032],[-118.21944293299998,34.831730589000074],[-118.22020902299994,34.831755668000028],[-118.22097531399999,34.831773583000029],[-118.22174173699995,34.831784332000041],[-118.22250822899997,34.831787916000053]]]},"properties":{"OBJECTID":17,"bid":17,"zone_id":"D_PMD003","zone_name":"Class D - PMD","restrict":"Controlled Airspace","note":"Valid time: Jan 1, 2026-Dec 31, 2026, daily 5:30 AM-10:00 PM (GMT-8); Reference code: KZLA 05/023; You must have an airspace authorization from the FAA. Use LAANC. Prior to flight, the remote pilot in command must assess local airspace and any flight res","flight_cei":0,"height_met":0,"Area":214.35761500789974,"shape_":"面"}},{"type":"Feature","id":18,"geometry":{"type":"Polygon","coordinates":[[[-118.35695763099994,34.938302792000059],[-118.35769979399998,34.938299205000078],[-118.35844188699997,34.938288445000069],[-118.35918384199999,34.938270510000052],[-118.35992558899994,34.938245406000078],[-118.36066705899998,34.938213132000044],[-118.36140818199999,34.938173693000067],[-118.36214888799998,34.938127091000069],[-118.36288911099996,34.938073333000034],[-118.36362877799996,34.938012420000064],[-118.36436782299995,34.937944362000053],[-118.36510617499999,34.937869162000027],[-118.36584376499997,34.937786829000061],[-118.36658052599995,34.937697370000024],[-118.36731638699996,34.937600793000058],[-118.36805127999997,34.937497108000059],[-118.36878513699997,34.937386325000034],[-118.36951788899995,34.937268452000069],[-118.37024946699995,34.937143503000073],[-118.37097980199997,34.937011487000063],[-118.37170882799995,34.936872418000064],[-118.37243647599996,34.936726308000061],[-118.37316267699998,34.936573171000077],[-118.37388736399998,34.936413022000067],[-118.37461046899995,34.936245876000044],[-118.37533192399997,34.936071748000074],[-118.37605166199995,34.935890653000058],[-118.37676961699998,34.935702611000067],[-118.37748571999998,34.935507636000068],[-118.37819990499997,34.935305750000055],[-118.37891210599997,34.935096969000028],[-118.37962225499996,34.934881313000062],[-118.38033028599995,34.934658802000058],[-118.38103613299995,34.934429459000057],[-118.38173972999999,34.934193303000029],[-118.38244101199996,34.933950357000072],[-118.38313991199999,34.933700644000055],[-118.38383636599997,34.933444186000031],[-118.38453030899996,34.933181008000076],[-118.38522167499997,34.93291113500004],[-118.38591039999994,34.932634591000067],[-118.38659641999999,34.932351403000041],[-118.38727967099999,34.932061597000029],[-118.38796008699995,34.931765200000029],[-118.38863760799995,34.931462239000041],[-118.38931216799995,34.93115274400003],[-118.38998370599995,34.930836742000054],[-118.39065215599999,34.930514265000056],[-118.39131745799995,34.930185341000026],[-118.39197955099996,34.929850001000034],[-118.39263836999999,34.929508277000025],[-118.39329385599996,34.929160200000069],[-118.39394594699996,34.928805803000046],[-118.39459457999999,34.928445121000038],[-118.39523969799995,34.928078185000061],[-118.39588123899995,34.927705029000037],[-118.39651914199999,34.927325690000032],[-118.39715334899995,34.926940203000072],[-118.39778379999996,34.926548603000072],[-118.39841043599995,34.926150928000027],[-118.39903319899997,34.925747214000069],[-118.39965202999997,34.925337499000079],[-118.40026687199997,34.924921821000055],[-118.40087766699997,34.924500219000038],[-118.40148435899999,34.92407273300006],[-118.40208688899997,34.923639403000038],[-118.40268520299998,34.923200268000073],[-118.40327924499996,34.922755371000051],[-118.40386895799998,34.922304752000059],[-118.40445428799995,34.921848454000042],[-118.40503517899998,34.921386519000066],[-118.40561157899998,34.920918991000065],[-118.40618343099999,34.920445912000048],[-118.40675068399997,34.919967330000077],[-118.40731328599998,34.91948328400008],[-118.40787118099996,34.91899382400004],[-118.40842431999999,34.918498994000061],[-118.40897264899996,34.917998840000052],[-118.40951611799994,34.917493409000031],[-118.41005467499997,34.916982749000056],[-118.41058827199998,34.916466907000029],[-118.41111685699997,34.915945931000067],[-118.41164038199997,34.915419869000061],[-118.41215879799995,34.91488877200004],[-118.41267205599996,34.914352689000054],[-118.41318010699996,34.91381166900004],[-118.41368290499997,34.913265763000027],[-118.41418040299999,34.912715023000032],[-118.41467255199996,34.91215949900004],[-118.41515931099997,34.911599244000058],[-118.41564063099997,34.911034310000048],[-118.41611646699999,34.910464751000063],[-118.41658677499998,34.909890618000077],[-118.41705151199994,34.909311965000029],[-118.41751063399994,34.908728848000067],[-118.41796409699998,34.908141320000027],[-118.41841186099998,34.907549436000068],[-118.41885388099996,34.906953252000051],[-118.41929011899998,34.906352821000041],[-118.41972053199999,34.905748204000076],[-118.42014508099999,34.905139453000061],[-118.42056372599995,34.904526627000052],[-118.42097642699997,34.903909783000074],[-118.42138314599998,34.903288979000024],[-118.42178384599998,34.902664272000038],[-118.42217848699994,34.902035721000061],[-118.42256703599998,34.901403384000048],[-118.42294945299994,34.900767322000036],[-118.42332570399998,34.900127592000047],[-118.42369575399999,34.899484256000051],[-118.42405956699997,34.89883737200006],[-118.42441711199996,34.898187002000043],[-118.42476835099995,34.897533206000048],[-118.42511325599997,34.896876046000045],[-118.42545179199999,34.896215582000025],[-118.42578392799999,34.895551878000049],[-118.42610963299995,34.894884993000062],[-118.42642887499994,34.89421499000008],[-118.42674162799995,34.893541934000041],[-118.42704785899997,34.892865886000038],[-118.42734754099996,34.892186910000078],[-118.42764064699998,34.891505068000072],[-118.42792714699999,34.890820425000072],[-118.42820701499994,34.890133044000038],[-118.42848022799996,34.889442990000077],[-118.42874675599995,34.888750328000071],[-118.42900657599995,34.888055121000036],[-118.42925966399997,34.887357436000059],[-118.42950599699998,34.886657336000042],[-118.42974555099994,34.885954889000061],[-118.42997830399997,34.885250158000076],[-118.43020423299998,34.884543210000061],[-118.43042331799995,34.883834112000045],[-118.43063553899998,34.88312293000007],[-118.43084087399995,34.882409729000074],[-118.43103930699999,34.881694576000029],[-118.43123081799996,34.880977539000071],[-118.43141538899999,34.880258684000069],[-118.43159300199994,34.879538078000053],[-118.43176364199996,34.878815790000033],[-118.43192729099997,34.87809188500006],[-118.43208393599997,34.877366433000077],[-118.43223355999999,34.876639500000067],[-118.43237615099997,34.87591115500004],[-118.43251169399997,34.875181466000072],[-118.43264017899997,34.87445050000008],[-118.43276159099997,34.873718327000063],[-118.43287592099995,34.872985014000051],[-118.43298315599998,34.872250630000053],[-118.43308328799998,34.871515245000069],[-118.43317630599995,34.870778926000071],[-118.43326220399996,34.87004174100008],[-118.43334097099995,34.869303761000026],[-118.43341260099999,34.868565054000044],[-118.43347708699997,34.867825690000075],[-118.43353442199998,34.867085735000046],[-118.43358460299999,34.866345262000038],[-118.43362762399994,34.865604339000072],[-118.43366348099994,34.864863034000052],[-118.43369216999997,34.864121417000035],[-118.43371368999999,34.863379558000076],[-118.43372803699998,34.862637525000025],[-118.43373520999995,34.861895387000061],[-118.43373521099994,34.861153216000048],[-118.43372803699998,34.860411079000073],[-118.43371368899994,34.859669046000079],[-118.43369216999997,34.858927187000063],[-118.43366348099994,34.858185570000046],[-118.43362762399994,34.857444264000037],[-118.43358460199994,34.85670334100007],[-118.43353442099999,34.855962868000063],[-118.43347708499999,34.855222914000024],[-118.43341259899995,34.854483550000054],[-118.43334096999996,34.853744842000026],[-118.43326220299997,34.853006862000029],[-118.43317630499996,34.852269678000027],[-118.43308328699999,34.85153335900003],[-118.43298315499999,34.850797973000056],[-118.43287591799998,34.850063589000058],[-118.43276158899999,34.849330276000046],[-118.43264017699994,34.848598103000029],[-118.43251169199999,34.847867138000026],[-118.43237614899999,34.847137448000069],[-118.43223355699996,34.846409104000031],[-118.43208393199995,34.845682171000078],[-118.43192728799994,34.844956718000049],[-118.43176363799995,34.844232814000065],[-118.43159299899997,34.843510525000056],[-118.43141538599997,34.84278991900004],[-118.43123081399995,34.842071065000027],[-118.43103930399997,34.841354028000069],[-118.43084087199998,34.840638875000025],[-118.43063553499996,34.839925674000028],[-118.43042331399994,34.839214492000053],[-118.43020422899997,34.838505393000048],[-118.42997829899997,34.837798445000033],[-118.42974554699998,34.837093715000037],[-118.42950599199997,34.836391267000067],[-118.42925965999996,34.835691169000029],[-118.42900657199999,34.834993482000073],[-118.42874675099995,34.834298277000073],[-118.42848022199996,34.833605614000078],[-118.42820701099998,34.83291556100005],[-118.42792714099994,34.832228180000072],[-118.42764064099998,34.831543537000073],[-118.42734753599996,34.830861695000067],[-118.42704785399997,34.83018271800006],[-118.42674162299994,34.829506670000058],[-118.42642886999994,34.828833614000075],[-118.42610962699996,34.828163612000026],[-118.42578392199999,34.827496728000028],[-118.42545178599994,34.826833023000063],[-118.42511324899999,34.826172559000042],[-118.42476834499996,34.82551539800005],[-118.42441710499997,34.824861603000045],[-118.42405956099998,34.824211233000028],[-118.42369574699995,34.823564349000037],[-118.42332569699994,34.822921013000041],[-118.42294944599996,34.822281284000042],[-118.42256702799995,34.82164522100004],[-118.42217847999996,34.821012885000073],[-118.42178383799995,34.820384334000039],[-118.42138313899994,34.819759627000053],[-118.42097641999999,34.81913882300006],[-118.42056371799998,34.818521979000025],[-118.42014507399995,34.817909153000073],[-118.41972052499995,34.817300402000058],[-118.41929011199994,34.816695785000036],[-118.41885387399998,34.816095355000073],[-118.41841185299995,34.815499171000056],[-118.41796408899995,34.81490728600005],[-118.41751062599997,34.814319758000067],[-118.41705150299998,34.813736641000048],[-118.41658676699996,34.813157989000047],[-118.41611645799998,34.812583855000071],[-118.41564062099997,34.81201429500004],[-118.41515930199995,34.811449363000065],[-118.41467254399998,34.810889107000037],[-118.41418039299998,34.810333584000034],[-118.41368289499997,34.80978284400004],[-118.41318009699995,34.809236938000026],[-118.41267204599995,34.808695918000069],[-118.41215878799994,34.808159835000026],[-118.41164037299995,34.807628738000062],[-118.41111684799995,34.807102677000046],[-118.41058826299997,34.806581700000038],[-118.41005466599995,34.806065858000068],[-118.40951610799999,34.805555198000036],[-118.40897263899996,34.805049767000071],[-118.40842430999999,34.804549613000063],[-118.40787117099995,34.804054784000073],[-118.40731327499998,34.803565323000043],[-118.40675067399997,34.803081279000025],[-118.40618342099998,34.802602696000065],[-118.40561156799998,34.802129617000048],[-118.40503516899997,34.801662089000047],[-118.40445427699996,34.80120015500006],[-118.40386894699998,34.800743857000043],[-118.40327923399997,34.800293238000052],[-118.40268519299997,34.799848341000029],[-118.40208687799998,34.799409206000064],[-118.40148434799994,34.798975875000053],[-118.40087765599998,34.798548390000065],[-118.40026686099998,34.798126789000037],[-118.39965201899997,34.797711111000069],[-118.39903318799998,34.79730139600008],[-118.39841042399996,34.796897681000075],[-118.39778378799997,34.796500006000031],[-118.39715333699996,34.796108407000077],[-118.39651913099999,34.79572291900007],[-118.39588122599997,34.795343581000054],[-118.39523968599997,34.794970426000077],[-118.39459456899999,34.794603490000043],[-118.39394593499998,34.794242807000046],[-118.39329384499996,34.793888410000079],[-118.39263835799994,34.793540335000046],[-118.39197953799999,34.793198611000037],[-118.39131744599996,34.792863270000055],[-118.39065214399994,34.792534346000025],[-118.38998369299998,34.792211868000038],[-118.38931215599996,34.791895867000051],[-118.38863759599997,34.79158637200004],[-118.38796007499997,34.791283412000041],[-118.38727965899994,34.790987015000042],[-118.38659640799995,34.790697209000029],[-118.38591038799996,34.790414020000071],[-118.38522166199999,34.79013747700003],[-118.38453029599998,34.789867604000051],[-118.38383635299999,34.789604427000029],[-118.38313989999995,34.789347969000062],[-118.38244099899998,34.789098256000045],[-118.38173971799995,34.788855309000041],[-118.38103611999998,34.78861915300007],[-118.38033027299997,34.788389810000069],[-118.37962224199998,34.788167300000055],[-118.37891209299994,34.787951645000078],[-118.37819989199994,34.787742863000062],[-118.37748570699995,34.787540976000059],[-118.37676960399995,34.787346003000039],[-118.37605164999997,34.787157960000059],[-118.37533191099999,34.786976866000032],[-118.37461045599997,34.786802738000063],[-118.37388735099995,34.786635591000049],[-118.37316266299996,34.786475442000039],[-118.37243646199994,34.786322306000045],[-118.37170881499998,34.786176197000032],[-118.37097978999998,34.786037128000032],[-118.37024945299999,34.785905113000069],[-118.36951787499999,34.785780163000027],[-118.36878512399994,34.785662290000062],[-118.36805126699994,34.785551506000047],[-118.36731637399998,34.785447821000048],[-118.36658051199998,34.785351245000072],[-118.36584375299998,34.785261786000035],[-118.36510616099997,34.785179453000069],[-118.36436780899999,34.785104254000032],[-118.36362876499999,34.785036195000032],[-118.36288909699999,34.784975284000041],[-118.36214887499995,34.784921525000073],[-118.36140816799997,34.784874923000075],[-118.36066704599995,34.784835484000041],[-118.35992557499998,34.784803211000053],[-118.35918382799997,34.784778106000033],[-118.35844187299995,34.784760172000063],[-118.35769977999996,34.784749412000053],[-118.35695761699998,34.784745825000073],[-118.35621545399999,34.784749412000053],[-118.35547335999996,34.784760173000052],[-118.35473140499994,34.784778106000033],[-118.35398965899998,34.784803211000053],[-118.35324818899994,34.784835485000031],[-118.35250706599999,34.784874924000064],[-118.35176635899995,34.784921526000062],[-118.35102613699996,34.78497528500003],[-118.35028646899997,34.785036197000068],[-118.34954742499997,34.785104255000078],[-118.34880907199999,34.785179455000048],[-118.34807148199997,34.785261788000071],[-118.34733472099998,34.785351247000051],[-118.34659885999997,34.785447823000027],[-118.34586396699996,34.785551508000026],[-118.34513010999996,34.78566229200004],[-118.34439735799998,34.785780165000062],[-118.34366578099997,34.785905114000059],[-118.34293544399998,34.786037130000068],[-118.34220641899998,34.786176199000067],[-118.34147877199996,34.78632230900007],[-118.34075257099994,34.786475446000054],[-118.34002788399999,34.786635594000074],[-118.33930477899997,34.786802741000031],[-118.33858332299997,34.786976869000057],[-118.33786358499998,34.787157963000027],[-118.33714562999995,34.787346007000053],[-118.33642952699995,34.787540981000063],[-118.33571534099997,34.787742868000066],[-118.33500314099996,34.787951649000036],[-118.33429299299996,34.788167304000069],[-118.33358496199997,34.788389814000027],[-118.33287911499997,34.788619158000074],[-118.33217551799999,34.788855314000045],[-118.33147423599996,34.78909826000006],[-118.33077533499994,34.789347974000066],[-118.33007888099996,34.789604431000043],[-118.32938493799998,34.789867609000055],[-118.32869357199996,34.790137482000034],[-118.32800484699999,34.790414025000075],[-118.32731882799999,34.790697214000033],[-118.32663557699999,34.790987020000046],[-118.32595515999998,34.791283417000045],[-118.32527763899998,34.791586377000044],[-118.32460307999997,34.791895873000044],[-118.32393154299996,34.792211875000078],[-118.32326309199999,34.792534352000075],[-118.32259778899999,34.792863276000048],[-118.32193569699996,34.793198616000041],[-118.32127687699995,34.79354034000005],[-118.32062139199996,34.793888417000062],[-118.31996930099996,34.794242813000039],[-118.31932066699994,34.794603496000036],[-118.31867554899998,34.79497043300006],[-118.31803400899997,34.795343588000037],[-118.31739610499994,34.795722926000053],[-118.31676189899997,34.796108414000059],[-118.31613144799996,34.79650001400006],[-118.31550481099998,34.796897689000048],[-118.31488204899995,34.797301403000063],[-118.31426321699996,34.797711119000041],[-118.31364837499996,34.798126796000076],[-118.31303757999996,34.798548398000037],[-118.31243088799999,34.798975883000026],[-118.31182835699997,34.799409214000036],[-118.31123004399996,34.799848349000058],[-118.31063600299996,34.800293246000024],[-118.31004628999995,34.800743865000072],[-118.30946095999997,34.801200163000033],[-118.30888006799995,34.801662098000065],[-118.30830366899994,34.802129626000067],[-118.30773181599994,34.802602705000027],[-118.30716456299996,34.803081288000044],[-118.30660196199995,34.803565333000051],[-118.30604406599997,34.804054793000034],[-118.30549092799998,34.804549623000071],[-118.30494259899996,34.805049776000033],[-118.30439912899999,34.805555207000054],[-118.30386057199996,34.806065868000076],[-118.30332697599999,34.806581710000046],[-118.30279838999996,34.807102686000064],[-118.30227486599995,34.80762874800007],[-118.30175644899998,34.808159845000034],[-118.30124319299995,34.808695929000066],[-118.30073514099996,34.809236948000034],[-118.30023234299995,34.809782854000048],[-118.29973484499999,34.810333594000042],[-118.29924269399999,34.810889117000045],[-118.29875593599996,34.811449373000073],[-118.29827461799999,34.812014306000037],[-118.29779878099998,34.812583867000058],[-118.29732847199995,34.813157999000055],[-118.29686373599998,34.813736652000046],[-118.29640461399998,34.814319768000075],[-118.29595114999995,34.814907297000047],[-118.29550338699994,34.815499181000064],[-118.29506136499998,34.81609536600007],[-118.29462512799995,34.816695795000044],[-118.29419471599999,34.817300414000044],[-118.29377016599994,34.817909164000071],[-118.29335152199997,34.818521990000079],[-118.29293882099995,34.819138834000057],[-118.29253210199994,34.81975963900004],[-118.29213140199994,34.820384346000026],[-118.29173675999999,34.82101289600007],[-118.29134821199995,34.821645232000037],[-118.29096579399999,34.822281295000039],[-118.29058954299995,34.822921025000028],[-118.29021949299994,34.823564361000024],[-118.28985567999996,34.824211245000072],[-118.28949813699995,34.824861614000042],[-118.28914689599998,34.825515411000026],[-118.28880199099996,34.826172571000029],[-118.28846345499994,34.82683303400006],[-118.28813131999999,34.827496740000072],[-118.28780561499997,34.828163625000059],[-118.28748637199999,34.828833626000062],[-118.28717361899999,34.829506683000034],[-118.28686738899995,34.830182731000036],[-118.28656770699996,34.830861707000054],[-118.28627460099995,34.83154354900006],[-118.28598810099999,34.832228192000059],[-118.28570823199999,34.832915573000037],[-118.28543501999997,34.833605627000054],[-118.28516849199997,34.83429828900006],[-118.28490867199997,34.834993496000038],[-118.28465558299996,34.835691182000062],[-118.28440925099994,34.836391280000043],[-118.28416969699998,34.83709372800007],[-118.28393694399995,34.837798458000066],[-118.28371101499999,34.838505406000024],[-118.28349192999997,34.83921450400004],[-118.28327970899994,34.839925687000061],[-118.28307437299998,34.840638888000058],[-118.28287593899995,34.841354041000045],[-118.28268442899997,34.84207107800006],[-118.28249985899998,34.842789933000063],[-118.28232224599998,34.843510539000079],[-118.28215160699995,34.844232827000042],[-118.28198795699996,34.844956732000071],[-118.28183131299994,34.845682184000054],[-118.28168168799999,34.846409117000064],[-118.28153909599996,34.847137462000035],[-118.28140355299996,34.847867151000059],[-118.28127506799996,34.848598116000062],[-118.28115365599996,34.849330290000069],[-118.28103932699997,34.850063603000024],[-118.28093209099995,34.850797986000032],[-118.28083195899995,34.851533373000052],[-118.28073894099998,34.85226969200005],[-118.28065304399996,34.853006876000052],[-118.28057427599998,34.853744856000048],[-118.28050264699999,34.854483563000031],[-118.28043816099995,34.855222927000057],[-118.28038082499995,34.855962881000039],[-118.28033064399995,34.856703354000047],[-118.28028762399998,34.85744427800006],[-118.28025176699998,34.858185583000079],[-118.28022307799995,34.858927200000039],[-118.28020155799999,34.859669059000055],[-118.28018720999995,34.860411093000039],[-118.28018003599999,34.86115323000007],[-118.28018003699998,34.861895401000027],[-118.28018721099994,34.862637538000058],[-118.28020155799999,34.863379571000053],[-118.28022307799995,34.864121430000068],[-118.28025176799997,34.864863048000075],[-118.28028762399998,34.865604353000037],[-118.28033064499999,34.866345276000061],[-118.28038082599994,34.867085749000069],[-118.28043816199994,34.867825703000051],[-118.28050264899997,34.868565068000066],[-118.28057427799996,34.869303775000049],[-118.28065304599994,34.870041754000056],[-118.28073894299996,34.870778939000047],[-118.28083196099999,34.871515258000045],[-118.28093209299999,34.872250644000076],[-118.28103932799996,34.872985027000027],[-118.28115365899998,34.873718340000039],[-118.28127507099998,34.874450514000046],[-118.28140355499994,34.875181479000048],[-118.28153909999997,34.875911169000062],[-118.28168168999997,34.876639513000043],[-118.28183131499998,34.877366446000053],[-118.28198795999998,34.878091899000026],[-118.28215160899998,34.878815803000066],[-118.28232224799996,34.879538092000075],[-118.28249986199995,34.880258697000045],[-118.28268443299999,34.880977552000047],[-118.28287594299996,34.881694589000062],[-118.28307437599995,34.88240974200005],[-118.28327971299996,34.883122943000046],[-118.28349193299999,34.883834126000067],[-118.28371101899995,34.884543224000026],[-118.28393694899995,34.885250171000052],[-118.28416970199999,34.885954902000037],[-118.28440925499996,34.886657350000064],[-118.28465558699997,34.887357449000035],[-118.28490867599999,34.888055134000069],[-118.28516849699997,34.888750341000048],[-118.28543502499997,34.889443003000054],[-118.28570823699999,34.890133057000071],[-118.28598810599999,34.890820437000059],[-118.28627460699994,34.891505080000059],[-118.28656771099998,34.892186922000064],[-118.28686739399996,34.892865898000025],[-118.28717362599997,34.893541947000074],[-118.28748637799998,34.894215004000046],[-118.28780562099996,34.894885005000049],[-118.28813132499999,34.895551890000036],[-118.28846346199998,34.896215595000058],[-118.28880199799994,34.896876058000032],[-118.28914690199997,34.897533218000035],[-118.28949814199996,34.89818701400003],[-118.28985568699994,34.898837384000046],[-118.29021950099997,34.899484268000037],[-118.29058954999999,34.900127604000033],[-118.29096580199996,34.900767333000033],[-118.29134821899999,34.901403396000035],[-118.29173676699997,34.902035732000058],[-118.29213140999997,34.902664284000025],[-118.29253210899998,34.903288990000078],[-118.29293882899998,34.903909795000061],[-118.29335152999994,34.90452663800005],[-118.29377017399997,34.905139464000058],[-118.29419472299998,34.905748215000074],[-118.29462513599998,34.906352833000028],[-118.29506137399994,34.906953262000059],[-118.29550339499997,34.907549447000065],[-118.29595115899997,34.908141331000024],[-118.29640462199995,34.908728859000064],[-118.29686374399995,34.909311976000026],[-118.29732847999998,34.909890628000028],[-118.29779878999994,34.910464761000071],[-118.29827462599997,34.911034321000045],[-118.29875594599997,34.911599254000066],[-118.29924270299995,34.912159509000048],[-118.29973485399995,34.91271503300004],[-118.30023235199997,34.913265773000035],[-118.30073515099997,34.913811679000048],[-118.30124320099998,34.914352698000073],[-118.30175645899999,34.914888782000048],[-118.30227487499997,34.915419879000069],[-118.30279839999997,34.915945940000029],[-118.30332698599995,34.916466916000047],[-118.30386058099998,34.916982759000064],[-118.30439913999999,34.917493419000039],[-118.30494260899997,34.91799885000006],[-118.30549093799999,34.918499003000079],[-118.30604407599998,34.918993833000059],[-118.30660197199995,34.919483294000031],[-118.30716457399996,34.919967338000049],[-118.30773182599995,34.920445921000066],[-118.30830367899995,34.920918999000037],[-118.30888007799996,34.921386528000028],[-118.30946097099996,34.92184846300006],[-118.31004629999995,34.922304760000031],[-118.31063601299996,34.92275537900008],[-118.31123005399996,34.923200277000035],[-118.31182836799996,34.923639410000078],[-118.31243089999998,34.924072741000032],[-118.31303759099995,34.924500227000067],[-118.31364838599995,34.924921828000038],[-118.31426322899995,34.925337506000062],[-118.31488205999995,34.925747222000041],[-118.31550482299997,34.926150936000056],[-118.31613145899996,34.926548611000044],[-118.31676190999997,34.926940210000055],[-118.31739611699999,34.927325697000072],[-118.31803401999997,34.927705036000077],[-118.31867556099996,34.928078191000054],[-118.31932067899999,34.928445127000032],[-118.31996931299994,34.928805810000028],[-118.32062140399995,34.929160207000052],[-118.32127688999998,34.929508283000075],[-118.32193570899994,34.929850007000027],[-118.32259780099997,34.930185347000076],[-118.32326310399998,34.93051427100005],[-118.32393155499994,34.930836748000047],[-118.32460309199996,34.931152750000024],[-118.32527765199995,34.931462245000034],[-118.32595517199996,34.931765205000033],[-118.32663558899998,34.932061603000079],[-118.32731883999998,34.932351408000045],[-118.32800485999996,34.932634596000071],[-118.32869358499994,34.932911140000044],[-118.32938495099995,34.933181013000024],[-118.33007889399994,34.933444190000046],[-118.33077534799997,34.93370064800007],[-118.33147424799995,34.933950361000029],[-118.33217552999997,34.934193307000044],[-118.33287912799995,34.934429464000061],[-118.33358497399996,34.934658807000062],[-118.33429300599994,34.93488131600003],[-118.33500315499998,34.935096973000043],[-118.33571535399994,34.93530575300008],[-118.33642953999998,34.935507641000072],[-118.33714564399997,34.935702614000036],[-118.33786359799996,34.935890657000073],[-118.33858333599994,34.936071750000053],[-118.33930479299994,34.936245879000069],[-118.34002789699997,34.936413025000036],[-118.34075258399997,34.936573175000035],[-118.34147878499999,34.936726311000029],[-118.34220643299994,34.936872420000043],[-118.34293545799994,34.937011489000042],[-118.34366579399995,34.937143504000062],[-118.34439737199995,34.937268454000048],[-118.34513012299999,34.93738632700007],[-118.34586397999999,34.937497111000027],[-118.34659887299995,34.937600795000037],[-118.34733473499995,34.937697372000059],[-118.34807149599999,34.93778683000005],[-118.34880908599996,34.937869163000073],[-118.34954743799995,34.937944363000042],[-118.35028648199994,34.938012422000043],[-118.35102615099999,34.938073333000034],[-118.35176637199999,34.938127092000059],[-118.35250707999995,34.938173693000067],[-118.35324820299996,34.938213133000033],[-118.35398967199995,34.938245406000078],[-118.35473141999995,34.938270511000042],[-118.35547337399998,34.938288444000079],[-118.35621546799996,34.938299205000078],[-118.35695763099994,34.938302792000059]]]},"properties":{"OBJECTID":18,"bid":18,"zone_id":"D_WJF003","zone_name":"Class D - WJF","restrict":"Controlled Airspace","note":"Valid time: Jan 1, 2026-Dec 31, 2026, daily 8:00 AM-10:00 PM (GMT-8); You must have an airspace authorization from the FAA. Use LAANC. Prior to flight, the remote pilot in command must assess local airspace and any flight restrictions.","flight_cei":0,"height_met":0,"Area":187.78643213606685,"shape_":"面"}},{"type":"Feature","id":19,"geometry":{"type":"Polygon","coordinates":[[[-117.66672637499994,34.710667658000034],[-117.66639668399995,34.71178919700003],[-117.66625674199997,34.712203997000074],[-117.66611003499997,34.712616453000066],[-117.66595659999996,34.713026455000033],[-117.66579647999998,34.713433892000069],[-117.66562971699994,34.713838655000075],[-117.66545635399996,34.714240636000056],[-117.66527644099995,34.714639728000066],[-117.66509002399999,34.71503582400004],[-117.66489715299997,34.715428818000078],[-117.66469787899996,34.715818604000049],[-117.66449225599996,34.71620507800003],[-117.66428033999995,34.716588139000066],[-117.66406218599997,34.716967680000039],[-117.66383785399995,34.717343603000074],[-117.66360740199997,34.717715806000058],[-117.66337089199999,34.718084191000059],[-117.66312838999994,34.718448657000067],[-117.66287995799996,34.718809108000073],[-117.66262566399996,34.719165446000034],[-117.66236557399998,34.719517579000069],[-117.66209975999999,34.719865409000079],[-117.66182829299999,34.720208846000048],[-117.66155124399995,34.720547796000062],[-117.66126868799995,34.720882169000049],[-117.66098069999998,34.721211876000041],[-117.66068735799996,34.721536827000079],[-117.66038873999997,34.72185693800003],[-117.66008492599997,34.722172120000039],[-117.65977599699994,34.722482292000052],[-117.65946203699997,34.722787369000059],[-117.65914312799998,34.723087270000065],[-117.65881935599998,34.723381914000072],[-117.65849080899994,34.723671223000053],[-117.65815757299998,34.723955119000038],[-117.65781973799994,34.724233527000024],[-117.65747739399995,34.724506371000075],[-117.65713063399994,34.724773579000043],[-117.65677954899996,34.725035080000055],[-117.65642423299994,34.725290803000064],[-117.65606478199999,34.725540681000041],[-117.65570129299999,34.725784644000043],[-117.65533386099997,34.726022630000045],[-117.65496258599995,34.726254574000052],[-117.65458756599998,34.726480415000026],[-117.65420890299998,34.726700091000055],[-117.65382669799999,34.72691354300008],[-117.65344105199995,34.727120716000059],[-117.65305206799997,34.727321553000024],[-117.65265985299999,34.727516000000037],[-117.65226450899996,34.727704006000067],[-117.65186614199996,34.727885521000076],[-117.65146486099997,34.728060494000033],[-117.65106076899997,34.728228882000053],[-117.65065397899997,34.728390637000075],[-117.65024459699998,34.728545716000042],[-117.64983273299998,34.728694079000036],[-117.64941849699994,34.728835684000046],[-117.64900200199997,34.728970496000045],[-117.64858335599996,34.729098477000036],[-117.64816267299994,34.729219593000039],[-117.64774006399995,34.72933381100006],[-117.64731564499999,34.729441102000067],[-117.64688952799997,34.72954143700008],[-117.64646182499996,34.729634787000066],[-117.64603265499994,34.72972113000003],[-117.64560212799995,34.729800441000066],[-117.64517036199999,34.729872700000044],[-117.64473747099998,34.729937887000062],[-117.64430357199996,34.729995984000027],[-117.64386878199997,34.73004697600004],[-117.64343321599995,34.730090850000067],[-117.64299698899998,34.730127594000066],[-117.64256022099994,34.73015719700004],[-117.64212302599998,34.730179652000061],[-117.64168552299998,34.73019495300008],[-117.64124782799996,34.730203096000025],[-117.64081005799994,34.730204078000043],[-117.64037232999999,34.730197899000075],[-117.63993476399997,34.730184562000034],[-117.63949747299995,34.730164070000058],[-117.63906057599996,34.730136427000048],[-117.63862418899998,34.730101642000079],[-117.63818842899997,34.730059724000057],[-117.63775341499996,34.730010684000035],[-117.63731925899998,34.729954534000058],[-117.63688608099994,34.729891291000058],[-117.63645399499995,34.729820971000038],[-117.63602311599999,34.729743592000034],[-117.63559356199994,34.729659176000041],[-117.63516544499998,34.729567746000043],[-117.63473888199997,34.729469325000025],[-117.63431398399996,34.729363940000042],[-117.63389086899997,34.729251619000024],[-117.63346964599998,34.729132392000054],[-117.63305042999997,34.729006292000065],[-117.63263333399999,34.728873351000061],[-117.63221846599998,34.728733606000048],[-117.63180593999999,34.728587094000034],[-117.63139586699998,34.72843385300007],[-117.63098835399995,34.728273926000043],[-117.63058351199999,34.728107354000031],[-117.63018144799997,34.72793418200007],[-117.62978227199994,34.727754458000049],[-117.62938608699994,34.727568228000052],[-117.62899300299995,34.727375543000051],[-117.62860312299995,34.727176453000027],[-117.62821654999999,34.726971014000071],[-117.62783339099997,34.726759278000031],[-117.62745374599996,34.726541305000069],[-117.62707771699996,34.726317149000067],[-117.62670540399995,34.726086874000032],[-117.62633690799998,34.725850540000067],[-117.62597232799999,34.725608209000029],[-117.62561175899998,34.725359948000062],[-117.62525529999999,34.725105823000035],[-117.62490304399995,34.724845900000048],[-117.62455508799997,34.724580251000077],[-117.62421152299999,34.724308945000075],[-117.62387244199999,34.724032057000045],[-117.62353793499994,34.723749659000077],[-117.62320809199997,34.72346182800004],[-117.62288300199998,34.72316863900005],[-117.62256274999999,34.722870173000047],[-117.62224742299998,34.722566509000046],[-117.62193710499997,34.722257727000056],[-117.62163187999994,34.72194391000005],[-117.62133182799994,34.72162514300004],[-117.62103703099996,34.721301512000025],[-117.62074756699997,34.720973101000027],[-117.62046351299995,34.72063999900007],[-117.62018494499995,34.720302296000057],[-117.61991193799997,34.719960081000067],[-117.61964456599998,34.719613447000029],[-117.61938289899996,34.719262486000048],[-117.61912700799996,34.71890729200004],[-117.61887696099996,34.718547959000034],[-117.61863282499996,34.718184585000074],[-117.61839466499998,34.717817267000044],[-117.61816254599995,34.717446101000064],[-117.61793652799997,34.717071188000034],[-117.61771667299996,34.716692629000079],[-117.61750303899998,34.71631052500004],[-117.61729568399994,34.715924977000043],[-117.61709466299999,34.715536089000068],[-117.61690002999995,34.715143965000038],[-117.61671183599998,34.714748710000038],[-117.61653013399996,34.714350430000025],[-117.61635496999997,34.713949230000026],[-117.61618639199997,34.713545219000025],[-117.61602444299996,34.713138506000064],[-117.61586917099999,34.712729197000044],[-117.61572061399994,34.712317403000043],[-117.61557881099998,34.711903235000079],[-117.61544380299995,34.711486802000024],[-117.61531562399995,34.711068218000037],[-117.61519430899995,34.710647592000043],[-117.61507988999995,34.710225038000033],[-117.61497239899995,34.70980066900006],[-117.61487186299996,34.709374599000057],[-117.61477830899997,34.708946941000079],[-117.61469176299994,34.708517811000036],[-117.61461224799996,34.70808732200004],[-117.61453978499998,34.707655590000059],[-117.61447439399996,34.707222731000059],[-117.61441609099995,34.706788860000074],[-117.61436489199997,34.706354094000062],[-117.61432081299995,34.705918548000056],[-117.61428386299997,34.705482339000071],[-117.61425405299997,34.705045584000061],[-117.61423139099998,34.70460840100003],[-117.61421588299999,34.70417090400008],[-117.61420753299996,34.703733213000078],[-117.61420634399997,34.703295444000048],[-117.61421231499997,34.702857714000061],[-117.61422544499999,34.702420140000072],[-117.61424573099998,34.701982840000028],[-117.61427316599998,34.701545929000076],[-117.61430774499996,34.701109526000039],[-117.61434945699995,34.700673748000042],[-117.61439829099999,34.700238709000075],[-117.61445423499998,34.699804528000072],[-117.61451727299999,34.699371319000079],[-117.61458738999994,34.698939200000041],[-117.61466456299996,34.698508285000059],[-117.61474877599994,34.698078690000045],[-117.61484000299998,34.697650531000079],[-117.61493822299997,34.697223921000045],[-117.61504340599998,34.696798974000046],[-117.61515552699996,34.69637580400007],[-117.61527455399994,34.695954526000037],[-117.61540045599997,34.695535251000024],[-117.61553319999996,34.695118090000051],[-117.61567274899994,34.694703158000038],[-117.61581906699996,34.694290563000038],[-117.61597211199995,34.693880417000059],[-117.61613184699996,34.69347282800004],[-117.61629822699996,34.693067907000056],[-117.61647120799995,34.692665762000047],[-117.61665074399997,34.692266500000073],[-117.61683678599996,34.691870228000028],[-117.61702928499994,34.691477051000049],[-117.61722818999999,34.691087077000077],[-117.61743344699994,34.690700408000055],[-117.61764499999998,34.690317148000076],[-117.61786279499995,34.68993739900003],[-117.61808677199997,34.689561264000076],[-117.61831687099999,34.689188843000068],[-117.61855303099998,34.688820236000026],[-117.61879518799998,34.688455540000064],[-117.61904327899998,34.688094854000042],[-117.61929723599997,34.687738274000026],[-117.61955699199996,34.687385895000034],[-117.61982247599997,34.687037813000074],[-117.62009361799994,34.686694121000073],[-117.62037034699995,34.686354909000045],[-117.62065258599995,34.68602026800005],[-117.62094026199998,34.685690289000036],[-117.62123329599996,34.685365060000038],[-117.62153160999998,34.685044667000057],[-117.62183512599995,34.684729196000035],[-117.62214376099996,34.68441873200004],[-117.62245743199998,34.684113359000037],[-117.62277605799994,34.683813156000042],[-117.62309955099994,34.683518206000031],[-117.62342782399998,34.683228586000041],[-117.62376079099994,34.682944374000044],[-117.62409836199998,34.682665647000078],[-117.62444044699998,34.682392479000043],[-117.62478695599998,34.68212494200003],[-117.62513779199998,34.681863109000062],[-117.62549286499996,34.681607049000036],[-117.62585207899997,34.681356832000063],[-117.62621533799995,34.681112524000071],[-117.62658254499996,34.680874190000054],[-117.62695359899999,34.680641896000054],[-117.62732840499996,34.680415700000026],[-117.62770685999999,34.680195666000031],[-117.62808886299996,34.679981851000036],[-117.62847431299997,34.679774314000042],[-117.62886310499999,34.679573109000046],[-117.62925513799996,34.679378290000045],[-117.62965030299995,34.679189910000048],[-117.63004849699996,34.679008018000047],[-117.63044961499997,34.678832665000073],[-117.62965842299997,34.678398407000032],[-117.62886380299994,34.677970456000025],[-117.62806580299997,34.677548840000043],[-117.62726447499995,34.677133585000036],[-117.62645986999996,34.67672471700007],[-117.62565203699995,34.676322262000042],[-117.62484102899998,34.675926245000028],[-117.62402689599998,34.675536693000026],[-117.62320968999995,34.675153628000032],[-117.62238946399998,34.674777076000055],[-117.62156626699999,34.674407061000068],[-117.62074015399998,34.674043605000065],[-117.61991117599996,34.673686732000078],[-117.61907938499996,34.673336465000034],[-117.61824483399994,34.672992825000051],[-117.61740757699999,34.672655833000078],[-117.61656766399994,34.672325513000033],[-117.61572515099999,34.672001885000043],[-117.61488009099997,34.671684968000079],[-117.61403253699996,34.671374783000033],[-117.61318254199995,34.671071350000034],[-117.61233015999994,34.670774687000062],[-117.61147544599999,34.670484814000076],[-117.61061845199998,34.670201750000047],[-117.60975923399997,34.669925511000031],[-117.60889784599999,34.669656115000066],[-117.60803434199994,34.669393580000076],[-117.60716877699997,34.669137921000072],[-117.60630120699994,34.668889156000034],[-117.60543168499999,34.668647300000032],[-117.60456026499998,34.668412368000077],[-117.60368700599997,34.668184375000067],[-117.60281195999994,34.667963336000071],[-117.60193518399996,34.667749264000065],[-117.60105673199996,34.667542173000072],[-117.60017666199997,34.667342076000068],[-117.59929502699998,34.667148987000076],[-117.59841188499996,34.666962916000045],[-117.59752728999996,34.666783876000068],[-117.59664129799995,34.666611878000026],[-117.59575396799994,34.666446932000042],[-117.59486535199994,34.666289051000035],[-117.59397550999995,34.666138242000045],[-117.59308449499997,34.665994518000048],[-117.59219236599995,34.665857884000047],[-117.59129917799999,34.665728353000077],[-117.59040498799999,34.665605929000037],[-117.58950985199999,34.66549062200005],[-117.58861382799995,34.665382439000041],[-117.58771697099996,34.66528138700005],[-117.58681933899999,34.665187472000071],[-117.58592098799994,34.665100700000039],[-117.58502197499996,34.665021077000063],[-117.58412235799995,34.664948608000032],[-117.58322219299998,34.664883297000074],[-117.58232153599994,34.664825148000034],[-117.58142044499999,34.66477416500004],[-117.58051897799999,34.664730352000049],[-117.57961719099995,34.664693710000051],[-117.57871513999999,34.664664243000061],[-117.57781288399997,34.664641952000068],[-117.57691047899999,34.66462683900005],[-117.57600798199996,34.664618904000065],[-117.57510545099996,34.664618149000034],[-117.57420294199994,34.664624572000037],[-117.57330051199995,34.66463817500005],[-117.57239821999997,34.66465895500005],[-117.57149612099994,34.664686912000036],[-117.57059427399997,34.66472204400003],[-117.56969273499999,34.664764348000062],[-117.56879155999997,34.664813823000031],[-117.56789080699997,34.664870464000046],[-117.56699053399996,34.664934268000025],[-117.56609079599997,34.665005231000066],[-117.56519165199995,34.665083348000053],[-117.56429315699995,34.665168616000074],[-117.56339536899998,34.665261028000032],[-117.56249834399995,34.665360579000037],[-117.56160213999999,34.66546726100006],[-117.56070681299997,34.665581069000041],[-117.55981241899997,34.665701996000053],[-117.55891901499996,34.665830033000077],[-117.55802665799996,34.665965172000028],[-117.55713540499994,34.666107406000037],[-117.55624531099994,34.66625672400005],[-117.55535643199994,34.666413117000047],[-117.55446882699999,34.666576577000058],[-117.55358254899994,34.666747092000037],[-117.55269765499997,34.666924650000055],[-117.55181420299999,34.667109242000038],[-117.55093224599995,34.667300856000054],[-117.55005184199996,34.667499479000071],[-117.54917304399999,34.667705099000045],[-117.54829591099997,34.667917703000057],[-117.54742049599997,34.668137277000028],[-117.54654685599996,34.668363807000048],[-117.54567504499994,34.668597280000029],[-117.54480511899999,34.66883768100007],[-117.54393713299999,34.66908499300007],[-117.54307114199997,34.66933920200006],[-117.54220719999995,34.669600291000052],[-117.54134536199996,34.669868244000043],[-117.54048568299999,34.670143044000042],[-117.53962821599998,34.67042467400006],[-117.53877301799997,34.670713116000059],[-117.53792014099997,34.671008350000079],[-117.53706963899998,34.671310360000064],[-117.53622156699998,34.671619125000063],[-117.53537597599995,34.671934628000031],[-117.53453292299997,34.672256845000049],[-117.53369245999994,34.672585759000071],[-117.53285463899999,34.672921348000045],[-117.53201951399996,34.673263590000033],[-117.53118713799995,34.673612465000076],[-117.53035756399998,34.67396794900003],[-117.52953084299997,34.674330022000049],[-117.52870702799999,34.674698659000057],[-117.52788617199997,34.67507383800006],[-117.52706832699994,34.675455533000047],[-117.52625354299994,34.675843722000025],[-117.52544187299998,34.676238380000029],[-117.52463336699998,34.676639482000041],[-117.52382807799995,34.677047002000052],[-117.52302605599999,34.67746091600003],[-117.52222735299995,34.677881196000044],[-117.52143201599995,34.678307815000039],[-117.52064009899999,34.678740748000052],[-117.51985165099995,34.679179966000049],[-117.51906672099994,34.679625442000031],[-117.51828535999999,34.680077148000066],[-117.51750761599999,34.680535055000064],[-117.51673353999996,34.680999133000057],[-117.51596317899998,34.681469354000058],[-117.51519658399997,34.681945688000042],[-117.51443380099994,34.682428105000042],[-117.51367487999994,34.682916574000046],[-117.51291986799998,34.68341106500003],[-117.51216881399995,34.683911545000058],[-117.51142176499997,34.684417984000049],[-117.51067876699994,34.684930350000059],[-117.50993986899999,34.685448609000048],[-117.50920511599998,34.685972729000071],[-117.50847455599995,34.686502678000068],[-117.50774823499995,34.687038420000079],[-117.50702619799995,34.687579923000044],[-117.50630849099997,34.688127153000039],[-117.50559515899994,34.688680074000047],[-117.50488624799999,34.689238652000029],[-117.50418180299999,34.689802851000024],[-117.50348186799999,34.690372636000063],[-117.50278648799997,34.690947971000071],[-117.50209570699997,34.691528817000062],[-117.50140956599995,34.692115142000034],[-117.50072811199999,34.69270690500008],[-117.50005138699998,34.693304070000067],[-117.49937943299994,34.693906599000059],[-117.49871229399997,34.694514454000057],[-117.49805000999999,34.695127597000067],[-117.49739262399999,34.695745988000056],[-117.49674017799998,34.696369589000028],[-117.49609271499997,34.696998360000066],[-117.49545027099998,34.697632261000024],[-117.49481289199997,34.69827125200004],[-117.49418061399996,34.698915294000074],[-117.49355348099999,34.699564344000066],[-117.49293152899997,34.700218362000044],[-117.49231479999997,34.700877307000042],[-117.49170333099994,34.701541137000049],[-117.49109716299995,34.702209810000056],[-117.49049633199996,34.702883282000073],[-117.48990087799996,34.703561514000057],[-117.48931083699995,34.704244460000041],[-117.48872624899997,34.70493207800007],[-117.48814714599996,34.705624325000031],[-117.48757356999994,34.706321156000058],[-117.48700555499994,34.70702252600006],[-117.48644313599999,34.707728395000061],[-117.48588635099998,34.708438713000078],[-117.48533523299994,34.709153438000044],[-117.48478981699998,34.709872525000037],[-117.48425013899998,34.710595927000043],[-117.48371623099996,34.711323599000025],[-117.48318812899998,34.712055495000072],[-117.48266586599999,34.712791569000046],[-117.48214947499997,34.713531773000057],[-117.48163898699994,34.714276063000057],[-117.48113443599999,34.715024388000074],[-117.48063585399996,34.715776704000064],[-117.48014327199996,34.716532962000031],[-117.47965671999998,34.717293114000029],[-117.47917622999995,34.718057112000054],[-117.47870183399999,34.718824909000034],[-117.47823355899999,34.719596454000055],[-117.47777143699994,34.720371699000054],[-117.47731549599996,34.721150597000076],[-117.47686576499996,34.721933097000033],[-117.47642227299997,34.722719148000067],[-117.47598504599995,34.72350870300005],[-117.47555411499997,34.724301711000066],[-117.47512950499998,34.72509812100003],[-117.47471124299994,34.725897885000052],[-117.47429935599996,34.726700949000076],[-117.47389386999998,34.727507265000042],[-117.47349481099997,34.728316780000057],[-117.47310220399999,34.72912944400008],[-117.47271607399995,34.729945206000025],[-117.47233644499994,34.730764012000066],[-117.47196334099999,34.731585813000038],[-117.47159678499997,34.732410556000048],[-117.47123680199996,34.73323818800003],[-117.47088341199998,34.734068658000069],[-117.47053663999998,34.734901912000055],[-117.47019650799996,34.735737898000025],[-117.46986303599999,34.736576564000075],[-117.46953624599996,34.737417856000036],[-117.46921615799999,34.738261720000025],[-117.46890279299998,34.739108104000024],[-117.46859616899997,34.739956953000046],[-117.46829630799999,34.740808215000072],[-117.46800322699994,34.741661836000048],[-117.46771694599994,34.742517760000055],[-117.46743748299997,34.743375935000074],[-117.46716485399998,34.744236305000072],[-117.46689907799998,34.745098816000052],[-117.46664017099999,34.745963415000062],[-117.46638814999994,34.746830046000071],[-117.46614302999996,34.747698653000043],[-117.46590482699997,34.748569184000075],[-117.46567355599996,34.749441580000052],[-117.46544923299996,34.750315790000059],[-117.46523187099996,34.751191756000026],[-117.46502148099995,34.752069424000069],[-117.46481808199997,34.752948737000054],[-117.46462168199997,34.753829641000038],[-117.46443229699997,34.754712078000068],[-117.46424993599999,34.755595995000078],[-117.46407461199999,34.756481334000057],[-117.46390633499999,34.757368039000028],[-117.46374511799996,34.758256055000061],[-117.46359096999998,34.759145325000077],[-117.46344389899997,34.760035793000043],[-117.46330391699996,34.760927404000029],[-117.46317103199999,34.761820099000033],[-117.46304525099998,34.76271382300007],[-117.46292658399994,34.763608519000059],[-117.46281503699998,34.764504131000024],[-117.46271061699997,34.765400601000067],[-117.46261333199999,34.766297875000078],[-117.46252318799998,34.767195893000064],[-117.46244018899995,34.76809460100003],[-117.46236434199994,34.76899393900004],[-117.46229565099998,34.769893853000042],[-117.46223411999995,34.770794285000079],[-117.46217975399998,34.771695178000073],[-117.46213255499998,34.772596475000057],[-117.46209252799997,34.773498118000077],[-117.46205967399999,34.774400052000033],[-117.46203399399997,34.775302218000036],[-117.46201549199998,34.776204560000053],[-117.46200416899995,34.777107020000074],[-117.46200002499995,34.778009542000063],[-117.46200305899998,34.778912069000057],[-117.46201327299997,34.779814543000043],[-117.46203066399994,34.780716907000055],[-117.46205523299994,34.781619104000072],[-117.46208697799995,34.782521078000059],[-117.46212589599998,34.783422770000072],[-117.46217198599999,34.784324124000079],[-117.46222524399997,34.785225082000068],[-117.46228566699995,34.786125589000051],[-117.46235325099997,34.787025587000073],[-117.46242799099997,34.787925019000056],[-117.46250988499997,34.788823827000044],[-117.46259892499995,34.789721956000051],[-117.46269510499997,34.790619348000064],[-117.46279842199999,34.791515946000061],[-117.46290886699995,34.792411695000055],[-117.46302643399997,34.793306536000046],[-117.46315111499996,34.794200415000034],[-117.46328290199995,34.795093272000031],[-117.46342178699996,34.795985055000074],[-117.46356776299996,34.796875703000069],[-117.46372081799996,34.797765162000076],[-117.46388094199995,34.798653375000072],[-117.46404812699996,34.79954028700007],[-117.46422236199999,34.800425841000049],[-117.46440363499994,34.801309981000031],[-117.46459193599998,34.802192651000041],[-117.46478725099996,34.803073795000046],[-117.46498956899995,34.803953359000047],[-117.46519887699998,34.804831284000045],[-117.46541516299999,34.80570751700003],[-117.46563841099999,34.806582002000027],[-117.46586860799999,34.807454682000071],[-117.46610573999999,34.808325505000028],[-117.46634979099997,34.809194415000036],[-117.46660074699997,34.810061354000027],[-117.46685858899997,34.810926270000039],[-117.46712330499997,34.811789109000074],[-117.46739487499997,34.812649814000054],[-117.46767328099997,34.813508331000037],[-117.46795850999996,34.814364607000073],[-117.46825053999999,34.815218587000061],[-117.46854935399995,34.81607021700006],[-117.46885493199994,34.816919443000074],[-117.46916725599999,34.817766212000038],[-117.46948630599996,34.818610469000078],[-117.46981206099997,34.819452162000061],[-117.47014450099999,34.820291238000038],[-117.47048360599996,34.821127641000032],[-117.47082935199995,34.82196132200005],[-117.47118171899996,34.822792225000057],[-117.47154068399999,34.823620299000027],[-117.47190622399995,34.824445493000042],[-117.47227831699996,34.825267752000059],[-117.47265693899999,34.826087025000049],[-117.47304206599995,34.826903261000041],[-117.47343367299999,34.827716407000025],[-117.47383173599997,34.828526414000066],[-117.47423622999997,34.829333227000063],[-117.47464712799996,34.830136798000069],[-117.47506440499996,34.830937074000076],[-117.47548803599994,34.831734006000033],[-117.47591799199995,34.832527544000072],[-117.47635424499998,34.833317636000061],[-117.47679676999996,34.834104233000062],[-117.47724553899997,34.834887285000036],[-117.47770052199996,34.835666743000047],[-117.47816168999998,34.836442556000065],[-117.47862901499997,34.837214677000077],[-117.47910246699996,34.837983057000031],[-117.47958201699998,34.838747645000069],[-117.48006763199999,34.839508396000042],[-117.48055928399998,34.840265259000034],[-117.48105693999997,34.841018187000032],[-117.48156057099999,34.841767133000076],[-117.48207014199994,34.842512050000039],[-117.48258562299998,34.843252889000041],[-117.48310697999995,34.843989605000047],[-117.48363418099996,34.844722149000063],[-117.48416719299996,34.845450478000032],[-117.48470598099999,34.846174543000075],[-117.48525051099995,34.846894301000077],[-117.48580074899996,34.847609703000046],[-117.48635666199999,34.848320706000038],[-117.48691821099999,34.849027265000075],[-117.48748536299996,34.849729334000074],[-117.48805808299994,34.850426871000025],[-117.48863633199994,34.851119829000027],[-117.48922007499999,34.851808166000069],[-117.48980927399998,34.852491837000059],[-117.49040389499999,34.853170800000044],[-117.49100389499995,34.853845012000079],[-117.49160924199998,34.854514430000052],[-117.49221989199998,34.855179012000065],[-117.49283581099996,34.855838714000072],[-117.49345695699998,34.856493497000031],[-117.49408329299996,34.857143318000055],[-117.49471477699996,34.857788137000057],[-117.49535136999998,34.858427912000025],[-117.49599303199994,34.859062603000041],[-117.49663972299999,34.859692170000073],[-117.49729140099998,34.860316573000034],[-117.49794802599996,34.860935773000051],[-117.49860955399998,34.861549730000036],[-117.49927594499997,34.862158405000059],[-117.49994715799994,34.862761760000069],[-117.50062314799999,34.863359757000069],[-117.50130387399997,34.863952358000063],[-117.50198929199996,34.864539525000055],[-117.50267935799997,34.865121222000028],[-117.50337403099996,34.865697412000031],[-117.50407326499999,34.86626805700007],[-117.50477701399996,34.86683312200006],[-117.50548523699996,34.867392572000028],[-117.50619788799997,34.867946370000027],[-117.50691492199996,34.868494482000074],[-117.50763629199997,34.869036873000027],[-117.50836195399995,34.869573509000077],[-117.50909186199999,34.87010435600007],[-117.50982596899996,34.870629380000025],[-117.51056422899995,34.871148547000075],[-117.51130659499995,34.871661826000036],[-117.51205302199998,34.872169184000029],[-117.51280345899994,34.872670588000062],[-117.51355786199997,34.873166007000066],[-117.51431618099997,34.873655409000037],[-117.51507836999997,34.874138764000065],[-117.51584437999998,34.874616041000024],[-117.51661416099995,34.875087210000061],[-117.51738766699998,34.875552240000047],[-117.51816484599999,34.876011103000053],[-117.51894564999998,34.876463769000054],[-117.51973003099999,34.876910210000062],[-117.52051793899994,34.877350398000033],[-117.52130932299997,34.877784305000034],[-117.52210413399996,34.878211902000032],[-117.52290232099995,34.878633164000064],[-117.52370383299996,34.879048064000074],[-117.52450861899996,34.879456575000063],[-117.52531662999996,34.879858670000033],[-117.52612781399995,34.880254327000046],[-117.52694211999994,34.880643518000056],[-117.52775949599999,34.881026220000024],[-117.52857988999995,34.881402407000053],[-117.52940325099996,34.881772058000024],[-117.53022952499998,34.882135146000053],[-117.53105866199996,34.882491651000066],[-117.53189060799997,34.88284155000008],[-117.53272530999999,34.883184819000064],[-117.53356271799998,34.883521439000049],[-117.53440277699997,34.88385138600006],[-117.53524543299994,34.884174641000072],[-117.53609063299996,34.884491182000033],[-117.53693832599998,34.884800991000077],[-117.53778845599999,34.885104047000027],[-117.53864096899997,34.885400331000028],[-117.53949581299997,34.885689824000053],[-117.54035293099997,34.885972508000066],[-117.54121227199994,34.886248365000029],[-117.54207377999995,34.886517379000054],[-117.54293739899998,34.886779531000059],[-117.54380307799994,34.887034804000052],[-117.54467075899998,34.887283185000058],[-117.54554038799995,34.88752465500005],[-117.54641191199994,34.887759200000062],[-117.54728527199995,34.887986805000025],[-117.54816041599997,34.888207455000043],[-117.54903728699998,34.888421138000069],[-117.54991582999997,34.888627840000026],[-117.55079599099997,34.888827545000026],[-117.55167771099997,34.889020244000051],[-117.55256093599996,34.889205923000077],[-117.55344560999998,34.889384570000061],[-117.55433167699999,34.889556174000063],[-117.55521908099996,34.889720726000064],[-117.55610776599997,34.889878213000031],[-117.55699767699997,34.89002862600006],[-117.55788875499996,34.890171955000028],[-117.55878094399998,34.890308192000077],[-117.55967418999995,34.890437328000075],[-117.56056843399995,34.890559354000061],[-117.56146362099997,34.89067426400004],[-117.56235969399995,34.890782049000052],[-117.56325659399994,34.890882703000045],[-117.56415426799998,34.890976219000038],[-117.56505265699997,34.891062592000026],[-117.56595170499997,34.891141816000072],[-117.56685135499998,34.89121388600006],[-117.56775154899998,34.891278797000041],[-117.56865223099999,34.891336547000037],[-117.56955334499997,34.891387129000066],[-117.57045483099995,34.89143054300007],[-117.57135663499997,34.891466783000055],[-117.57225869899997,34.891495851000059],[-117.57316096399995,34.89151774000004],[-117.57406337599997,34.891532453000025],[-117.57496587599996,34.891539987000044],[-117.57586840799996,34.891540342000042],[-117.57677091399995,34.891533517000028],[-117.57767333699996,34.891519515000027],[-117.57857562099997,34.891498333000072],[-117.57947770599998,34.891469976000053],[-117.58037953799999,34.891434444000026],[-117.58128105899999,34.891391739000028],[-117.58218221199996,34.891341865000072],[-117.58308293799996,34.891284824000024],[-117.58398318399998,34.89122062000007],[-117.58488288999996,34.891149257000052],[-117.58578199899995,34.891070741000078],[-117.58668045699994,34.890985074000071],[-117.58757820299996,34.890892263000069],[-117.58847518399995,34.890792314000066],[-117.58937134099995,34.890685234000046],[-117.59026661699994,34.890571028000068],[-117.59116095699994,34.890449706000027],[-117.59205430399999,34.890321272000051],[-117.59294659999995,34.890185736000035],[-117.59383779099994,34.890043108000043],[-117.59472781799997,34.889893394000069],[-117.59561662699997,34.889736606000042],[-117.59650415999994,34.889572753000039],[-117.59739036299999,34.889401844000076],[-117.59827517699995,34.889223893000064],[-117.59915854799999,34.889038909000078],[-117.60004041899998,34.888846903000058],[-117.60092073599998,34.888647889000026],[-117.60179944099997,34.888441879000027],[-117.60267648099995,34.888228886000036],[-117.60355179799996,34.888008923000029],[-117.60442533599996,34.887782005000076],[-117.60529704299995,34.887548145000039],[-117.60616686299994,34.887307358000044],[-117.60703473899997,34.887059661000023],[-117.60790061799997,34.886805068000058],[-117.60876444399997,34.886543595000035],[-117.60962616199998,34.886275259000058],[-117.61048571899994,34.886000077000062],[-117.61134305999997,34.885718067000028],[-117.61219813099996,34.885429246000058],[-117.61305087799997,34.885133632000077],[-117.61390124499997,34.884831245000044],[-117.61474918099998,34.884522103000052],[-117.61559462999998,34.88420622600006],[-117.61643753999999,34.883883634000028],[-117.61727785799997,34.883554346000039],[-117.61811552999995,34.883218386000067],[-117.61895050199996,34.88287577300008],[-117.61978272299996,34.882526529000074],[-117.62061214099998,34.882170676000044],[-117.62143869899995,34.88180823700003],[-117.62226235099996,34.881439233000037],[-117.62308303999998,34.881063691000065],[-117.62390071699997,34.880681632000062],[-117.62471532699999,34.880293081000048],[-117.62552682199998,34.879898063000041],[-117.62633514999999,34.879496603000064],[-117.62714025699995,34.879088725000031],[-117.62794209499998,34.878674455000066],[-117.62874061299999,34.878253821000044],[-117.62953575999995,34.877826848000041],[-117.63032748399996,34.877393564000045],[-117.63111573699996,34.876953996000054],[-117.63190046899996,34.876508171000069],[-117.63268162999998,34.876056119000054],[-117.63345917099997,34.875597867000067],[-117.63423303999997,34.875133445000074],[-117.63500319199994,34.874662882000052],[-117.63576957699996,34.874186207000037],[-117.63653214499999,34.873703452000029],[-117.63729084899995,34.873214645000076],[-117.63804564099996,34.872719820000043],[-117.63879647299996,34.87221900600008],[-117.63954329799998,34.871712235000075],[-117.64028606699998,34.871199540000077],[-117.64102473499997,34.870680953000033],[-117.64175925599994,34.870156507000047],[-117.64248957999996,34.869626234000066],[-117.64321566399997,34.869090168000071],[-117.64393746099995,34.868548345000079],[-117.64465492399995,34.868000797000036],[-117.64536800999997,34.867447559000027],[-117.64607667299998,34.866888667000069],[-117.64678086699996,34.866324155000029],[-117.64748054899997,34.865754059000039],[-117.64817567399996,34.865178417000038],[-117.64886619799995,34.864597262000075],[-117.64955207799994,34.864010634000067],[-117.65023326799997,34.863418568000043],[-117.65090972899998,34.862821103000044],[-117.65158141499995,34.862218276000078],[-117.65224828499998,34.861610124000038],[-117.65291029699995,34.860996688000057],[-117.65356740699997,34.86037800400004],[-117.65421957599995,34.859754114000054],[-117.65486676099999,34.859125056000039],[-117.65550892299996,34.858490869000036],[-117.65614601799996,34.857851595000056],[-117.65677800999998,34.857207273000029],[-117.65740485499998,34.856557945000077],[-117.65802651599995,34.855903650000073],[-117.65864295299997,34.855244432000063],[-117.65925412699994,34.854580330000033],[-117.65985999799994,34.853911388000029],[-117.66046052899998,34.85323764900005],[-117.66105568299997,34.852559153000072],[-117.66164541999996,34.851875945000074],[-117.66222970399997,34.851188068000056],[-117.66280849799995,34.850495564000028],[-117.66338176599999,34.849798479000071],[-117.66394946899999,34.849096856000074],[-117.66451157399996,34.848390738000035],[-117.66506804499994,34.847680173000072],[-117.66561884599997,34.846965203000025],[-117.66616394199997,34.846245874000033],[-117.66670329899995,34.845522232000064],[-117.66723688299999,34.844794323000031],[-117.66776465999999,34.84406219300007],[-117.66828659599997,34.843325887000049],[-117.66880265899999,34.842585454000073],[-117.66931281699999,34.841840938000075],[-117.66981703399995,34.84109238800005],[-117.67031528399997,34.840339851000067],[-117.67080753099998,34.839583375000075],[-117.67129374399997,34.838823006000041],[-117.67177389399995,34.838058795000052],[-117.67224794999998,34.837290789000065],[-117.67271588099999,34.836519035000038],[-117.67317765999996,34.835743584000056],[-117.67363325499997,34.834964484000068],[-117.67408263899995,34.834181786000045],[-117.67452578199999,34.833395537000058],[-117.67496265799997,34.832605788000023],[-117.67539323699998,34.831812589000037],[-117.67581749399994,34.831015990000026],[-117.67623539999994,34.830216042000075],[-117.67664692999995,34.829412794000064],[-117.67705205799996,34.828606299000057],[-117.67745075799996,34.827796606000049],[-117.67784300399995,34.826983768000048],[-117.67822877299994,34.826167834000046],[-117.67860803799999,34.82534885900003],[-117.67898077799998,34.824526893000041],[-117.67934696699996,34.823701988000039],[-117.67970658299998,34.822874195000054],[-117.68005960299996,34.822043569000073],[-117.68040600499995,34.821210161000067],[-117.68074576599997,34.820374024000046],[-117.68107886599995,34.819535210000026],[-117.68140528199996,34.818693774000053],[-117.68172499599996,34.817849768000031],[-117.68203798599995,34.817003244000034],[-117.68234423199999,34.816154259000029],[-117.68264371499998,34.815302864000046],[-117.68293641699995,34.81444911400007],[-117.68322231699995,34.813593062000052],[-117.68350139999995,34.812734764000027],[-117.68377364699995,34.811874273000058],[-117.68403903999996,34.811011644000075],[-117.68429756299997,34.81014693000003],[-117.68454919899995,34.80928018700007],[-117.68479393299998,34.808411471000056],[-117.68503174899996,34.807540835000054],[-117.68526263199999,34.80666833500004],[-117.68548656899998,34.805794026000058],[-117.68570354299999,34.804917963000037],[-117.68591354099999,34.804040202000067],[-117.68611655099994,34.803160799000068],[-117.68631255899999,34.802279808000037],[-117.68650155299997,34.801397287000043],[-117.68668352199995,34.800513290000026],[-117.68685845199997,34.799627873000077],[-117.68702633499998,34.798741093000046],[-117.68718715799997,34.797853006000025],[-117.68734091199997,34.796963667000057],[-117.68748758699996,34.796073134000039],[-117.68762717299995,34.795181461000027],[-117.68775966299995,34.794288707000078],[-117.68788504599996,34.793394928000055],[-117.68800331599999,34.792500179000058],[-117.68811446599994,34.791604518000042],[-117.68821848699997,34.790708001000041],[-117.68831537299997,34.789810684000031],[-117.68840511899998,34.78891262500008],[-117.68848771899997,34.78801388200003],[-117.68856316699998,34.787114509000048],[-117.68863145899996,34.78621456500008],[-117.68869258999996,34.785314106000044],[-117.68874655599996,34.784413189000077],[-117.68879335399998,34.783511872000076],[-117.68883298199995,34.782610211000076],[-117.68886543599996,34.781708263000041],[-117.68889071399997,34.780806084000062],[-117.68890881499999,34.779903735000062],[-117.68891973799998,34.779001269000048],[-117.68892348299994,34.778098745000079],[-117.68892004699995,34.777196220000064],[-117.68890943299999,34.776293751000026],[-117.68889163999995,34.775391394000053],[-117.68886666999998,34.774489208000034],[-117.68883452499995,34.773587250000048],[-117.68879520699994,34.772685575000025],[-117.68874871699995,34.771784241000034],[-117.68869505899994,34.770883305000041],[-117.68863423699997,34.769982826000046],[-117.68856625299998,34.769082859000036],[-117.68849111299994,34.768183460000046],[-117.68840882099994,34.767284688000075],[-117.68831938199997,34.766386598000054],[-117.68822280199998,34.76548925000003],[-117.68811908799995,34.764592697000069],[-117.68800824499999,34.763696997000068],[-117.68789028099997,34.762802208000039],[-117.68776520299997,34.761908385000027],[-117.68763301899997,34.761015586000042],[-117.68749373899999,34.760123867000061],[-117.68734736899995,34.759233283000071],[-117.68719391899998,34.758343892000028],[-117.68703339899997,34.75745574900003],[-117.68686582099997,34.756568911000045],[-117.68669119299994,34.755683435000037],[-117.68650952699994,34.754799376000051],[-117.68632083499995,34.753916789000073],[-117.68612512899995,34.753035732000058],[-117.68592241999994,34.752156260000049],[-117.68571272099996,34.751278426000056],[-117.68549604699996,34.750402290000068],[-117.68527241099997,34.749527905000036],[-117.68504182499998,34.748655326000062],[-117.68480430799997,34.747784608000075],[-117.68455987099998,34.74691580800004],[-117.68430853099994,34.746048980000069],[-117.68405030399998,34.745184178000045],[-117.68378520599998,34.744321457000069],[-117.68351325399999,34.74346087300006],[-117.68323446599999,34.742602479000027],[-117.68294885699999,34.74174632900008],[-117.68265644799999,34.74089248000007],[-117.68235725599999,34.740040982000039],[-117.68205129999996,34.739191891000075],[-117.68173860099995,34.738345261000063],[-117.68141917599996,34.737501146000056],[-117.68109304699999,34.736659598000074],[-117.68076023499998,34.735820671000056],[-117.68042075899996,34.734984417000078],[-117.68007464299995,34.734150890000024],[-117.67972190699999,34.733320143000071],[-117.67936257399998,34.732492228000069],[-117.67899666799997,34.731667197000036],[-117.67862420899996,34.730845103000036],[-117.67824522399997,34.730025998000031],[-117.67785973399998,34.72920993300005],[-117.67746776699994,34.728396961000044],[-117.67706934399996,34.727587132000053],[-117.67666449199999,34.726780498000039],[-117.67625323699997,34.725977110000031],[-117.67583560399999,34.725177018000068],[-117.67541161999998,34.724380274000055],[-117.67498131199994,34.723586928000032],[-117.67454470799998,34.722797029000048],[-117.67410183399994,34.722010629000067],[-117.67365271699998,34.721227777000024],[-117.67319738899994,34.720448521000037],[-117.67273587599999,34.719672912000078],[-117.67226820799999,34.718900998000038],[-117.67179441499997,34.718132830000059],[-117.67131452599995,34.717368454000052],[-117.67082857399998,34.716607919000069],[-117.67033658499997,34.715851275000034],[-117.66983859499999,34.715098567000041],[-117.66933463199996,34.714349845000072],[-117.66882472999998,34.713605155000039],[-117.66830891999996,34.71286454400007],[-117.66778723599998,34.712128060000055],[-117.66725970999994,34.711395749000076],[-117.66672637499994,34.710667658000034]]]},"properties":{"OBJECTID":19,"bid":19,"zone_id":"D_VCV003","zone_name":"Class D - VCV","restrict":"Controlled Airspace","note":"Valid time: Jan 1, 2026-Dec 31, 2026, daily 6:00 AM-8:00 PM (GMT-8); You must have an airspace authorization from the FAA. Use LAANC. Prior to flight, the remote pilot in command must assess local airspace and any flight restrictions.","flight_cei":0,"height_met":0,"Area":392.01990856751155,"shape_":"面"}},{"type":"Feature","id":20,"geometry":{"type":"Polygon","coordinates":[[[-118.41131314599994,34.205861773000038],[-118.41212184099999,34.205858190000072],[-118.41293047299996,34.205847439000024],[-118.41373897799997,34.205829524000023],[-118.41454729199995,34.205804445000069],[-118.41535535299994,34.205772202000048],[-118.41616309499994,34.205732801000067],[-118.41697045699999,34.205686243000059],[-118.41777737399997,34.205632532000038],[-118.41858378499995,34.20557167100003],[-118.41938962299997,34.205503668000063],[-118.42019482799998,34.205428525000059],[-118.42099933499998,34.205346250000048],[-118.42180308199994,34.205256849000079],[-118.42260600399999,34.205160328000034],[-118.42340803999997,34.205056696000042],[-118.42420912599999,34.204945960000032],[-118.42500919899999,34.204828129000077],[-118.42580819699998,34.204703213000073],[-118.42660605599997,34.204571221000037],[-118.42740271299999,34.204432163000035],[-118.42819810799995,34.204286052000043],[-118.42899217599995,34.204132897000079],[-118.42978485599997,34.203972711000063],[-118.43057608499998,34.203805507000027],[-118.43136580099997,34.203631298000062],[-118.43215394299995,34.203450097000029],[-118.43294044799995,34.203261919000056],[-118.43372525499996,34.20306677800005],[-118.43450830099999,34.202864690000069],[-118.43528952499997,34.20265567000007],[-118.43606886599997,34.202439736000031],[-118.43684626399994,34.202216903000078],[-118.43762165599998,34.201987191000057],[-118.43839498199998,34.201750616000027],[-118.43916618199995,34.201507197000069],[-118.43993519299994,34.201256953000041],[-118.44070195599994,34.200999904000071],[-118.44146641199995,34.200736070000062],[-118.44222849999994,34.200465472000076],[-118.44298815899998,34.200188131000061],[-118.44374533099995,34.19990406900007],[-118.44449995699995,34.19961330700005],[-118.44525197499996,34.199315870000078],[-118.44600132899996,34.199011781000024],[-118.44674795799995,34.198701062000055],[-118.44749180399998,34.198383740000054],[-118.44823280899999,34.198059837000073],[-118.44897091399997,34.197729381000045],[-118.44970606199996,34.197392397000044],[-118.45043819499995,34.197048911000024],[-118.45116725499997,34.196698950000041],[-118.45189318499996,34.196342543000071],[-118.45261592899999,34.195979716000068],[-118.45333542699996,34.195610499000054],[-118.45405162599997,34.195234920000075],[-118.45476446999999,34.194853008000052],[-118.45547389899997,34.194464795000044],[-118.45617986099995,34.194070310000029],[-118.45688229999996,34.193669584000077],[-118.45758115999996,34.193262649000076],[-118.45827638599997,34.192849537000029],[-118.45896792399998,34.192430280000053],[-118.45965571899995,34.192004911000026],[-118.46033971699995,34.191573464000044],[-118.46101986499997,34.191135972000041],[-118.46169610999999,34.190692469000055],[-118.46236839799997,34.190242991000048],[-118.46303667599994,34.189787574000036],[-118.46370089199996,34.189326252000058],[-118.46436099299996,34.188859061000073],[-118.46501692899994,34.188386039000079],[-118.46566864699997,34.187907224000071],[-118.46631609599996,34.18742265000003],[-118.46695922499998,34.186932360000071],[-118.46759798499994,34.186436388000061],[-118.46823232299994,34.185934776000067],[-118.46886219199996,34.18542756100004],[-118.46948754099998,34.184914785000046],[-118.47010832099994,34.184396487000072],[-118.47072448399996,34.183872708000024],[-118.47133598099998,34.183343490000027],[-118.47194276399995,34.182808873000056],[-118.47254478499997,34.182268900000054],[-118.47314199799996,34.181723612000042],[-118.47373435499998,34.181173055000045],[-118.47432180899995,34.180617269000038],[-118.47490431599999,34.180056299000057],[-118.47548182799994,34.179490188000045],[-118.47605430099998,34.178918983000074],[-118.47662168899996,34.178342726000039],[-118.47718394699996,34.17776146500006],[-118.47774103299997,34.177175242000033],[-118.47829290199996,34.176584106000064],[-118.47883951099999,34.175988104000055],[-118.47938081599995,34.175387279000063],[-118.47991677699997,34.174781682000059],[-118.48044734899997,34.17417135900007],[-118.48097249199998,34.173556359000031],[-118.48149216299998,34.172936728000025],[-118.48200632399994,34.172312516000034],[-118.48251493199996,34.171683772000051],[-118.48301794799994,34.17105054700005],[-118.48351533399995,34.170412888000044],[-118.48400704799997,34.169770846000063],[-118.48449305399998,34.169124472000078],[-118.48497331199997,34.168473817000063],[-118.48544778599995,34.167818931000056],[-118.48591643799995,34.167159866000077],[-118.48637923099994,34.16649667400003],[-118.48683612799999,34.165829406000057],[-118.48728709299996,34.165158116000043],[-118.48773209299998,34.164482856000063],[-118.48817109099997,34.163803677000033],[-118.48860405199997,34.163120637000077],[-118.48903094399998,34.162433786000065],[-118.48945173199996,34.161743178000052],[-118.48986638299999,34.161048869000069],[-118.49027486599999,34.160350913000059],[-118.49067714699999,34.159649364000074],[-118.49107319399997,34.158944277000046],[-118.49146297799996,34.158235710000042],[-118.49184646799995,34.157523714000035],[-118.49222363299998,34.156808349000073],[-118.49259444399996,34.156089669000039],[-118.49295887099998,34.155367732000059],[-118.49331688499996,34.154642593000062],[-118.49366845999998,34.153914310000062],[-118.49401356699997,34.153182940000079],[-118.49435217899997,34.152448541000069],[-118.49468426999999,34.151711169000066],[-118.49500981299997,34.15097088300007],[-118.49532878199994,34.150227742000027],[-118.49564115499999,34.149481803000072],[-118.49594690399999,34.148733125000035],[-118.49624600599998,34.147981767000033],[-118.49653843699997,34.147227789000056],[-118.49682417699995,34.146471247000079],[-118.49710319999997,34.145712204000063],[-118.49737548499996,34.144950718000075],[-118.49764101199997,34.144186848000061],[-118.49789975899995,34.143420656000046],[-118.49815170599999,34.142652200000043],[-118.49839683299996,34.141881542000078],[-118.49863512099995,34.141108743000075],[-118.49886655099999,34.140333861000045],[-118.49909110499999,34.13955696000005],[-118.49930876499997,34.138778098000046],[-118.49951951499997,34.137997338000048],[-118.49972333699998,34.137214742000026],[-118.49992021599996,34.136430370000028],[-118.50011013699998,34.13564428400008],[-118.50029308299997,34.134856546000037],[-118.50046904099997,34.134067217000052],[-118.50063799699996,34.133276360000025],[-118.50079993899999,34.13248403700004],[-118.50095485199995,34.131690310000067],[-118.50110272599994,34.130895241000076],[-118.50124354799999,34.130098894000071],[-118.50137730699998,34.129301329000043],[-118.50150399399996,34.128502610000055],[-118.50162359499996,34.127702800000066],[-118.50173610599995,34.126901961000044],[-118.50184151499997,34.126100157000053],[-118.50193981399997,34.125297451000051],[-118.50203099599997,34.124493904000076],[-118.50211505299995,34.123689582000054],[-118.50219197899997,34.12288454600008],[-118.50226176799998,34.122078859000055],[-118.50232441399999,34.121272586000032],[-118.50237991399996,34.120465789000036],[-118.50242825999999,34.119658532000074],[-118.50246945099997,34.118850878000046],[-118.50250348299994,34.118042892000062],[-118.50253035299994,34.117234635000045],[-118.50255005899999,34.116426172000047],[-118.50256260099997,34.115617566000026],[-118.50256797599997,34.114808881000044],[-118.50256618499998,34.114000179000072],[-118.50255722599996,34.113191526000037],[-118.50254110099996,34.112382983000032],[-118.50251781299994,34.111574615000052],[-118.50248736099996,34.110766486000045],[-118.50244974899999,34.109958658000039],[-118.50240497999999,34.109151195000038],[-118.50235305599995,34.108344160000058],[-118.50229398299996,34.107537618000038],[-118.50222776499999,34.10673163000007],[-118.50215440699998,34.105926261000036],[-118.50207391399999,34.105121574000066],[-118.50198629299996,34.104317631000072],[-118.50189155199996,34.103514496000059],[-118.50178969699999,34.102712233000034],[-118.50168073599997,34.101910904000079],[-118.50156467799997,34.101110572000039],[-118.50144153199994,34.100311299000055],[-118.50131130899996,34.099513150000064],[-118.50117401699998,34.098716186000047],[-118.50102966699995,34.097920470000076],[-118.50087827199997,34.097126064000065],[-118.50071984299996,34.096333031000029],[-118.50055439199997,34.09554143400004],[-118.50038193299997,34.094751333000033],[-118.50020247899994,34.09396279200007],[-118.50001604299996,34.093175872000074],[-118.49982264199997,34.092390636000061],[-118.49962228899994,34.091607143000033],[-118.49941500099999,34.090825457000051],[-118.49920079399999,34.090045640000028],[-118.49897968499999,34.089267751000079],[-118.49875168999995,34.088491852000061],[-118.49851682799999,34.087718003000077],[-118.49827511899997,34.08694626700003],[-118.49802657999999,34.086176703000035],[-118.49777122899997,34.085409371000026],[-118.49750908999999,34.084644333000028],[-118.49724018099994,34.083881648000045],[-118.49696452299997,34.083121375000076],[-118.49668213999996,34.082363576000034],[-118.49639305199997,34.081608309000046],[-118.49609728099995,34.080855632000066],[-118.49579485299995,34.080105607000064],[-118.49548578899999,34.079358292000052],[-118.49517011399996,34.078613744000052],[-118.49484785499999,34.077872023000054],[-118.49451903499994,34.077133188000062],[-118.49418368099998,34.076397295000049],[-118.49384181699997,34.075664403000076],[-118.49349347299994,34.074934570000039],[-118.49313867499995,34.074207852000029],[-118.49277744899996,34.073484306000068],[-118.49240982699996,34.072763991000045],[-118.49203583599996,34.072046961000069],[-118.49165550499998,34.07133327400004],[-118.49126886399995,34.070622986000046],[-118.49087594399998,34.069916152000076],[-118.49047677499999,34.069212827000058],[-118.49007138999997,34.068513068000073],[-118.48965981899994,34.06781692800007],[-118.48924209499995,34.067124463000027],[-118.48881825099994,34.066435727000055],[-118.48838831999996,34.065750775000026],[-118.48795233599998,34.065069659000073],[-118.48751033299999,34.064392434000069],[-118.48706234599996,34.063719151000043],[-118.48660840999997,34.063049866000028],[-118.48614855999995,34.062384630000054],[-118.48568283399999,34.061723494000034],[-118.48521126699995,34.061066513000071],[-118.48473389499998,34.060413736000044],[-118.48425075799997,34.059765215000027],[-118.48376189399994,34.059121001000051],[-118.48326733799996,34.058481144000041],[-118.48276713199999,34.057845695000026],[-118.48226131499996,34.057214705000035],[-118.48174992499997,34.056588221000027],[-118.48123300399999,34.055966294000029],[-118.48071059099999,34.055348972000047],[-118.48018272899998,34.054736304000073],[-118.47964945799998,34.054128338000055],[-118.47911081999996,34.053525122000053],[-118.47856685699998,34.052926703000026],[-118.47801761299996,34.052333127000054],[-118.47746312899994,34.051744442000029],[-118.47690345099994,34.051160695000078],[-118.47633862199996,34.050581930000078],[-118.47576868599998,34.050008194000043],[-118.47519368899998,34.049439530000029],[-118.47461367399995,34.048875984000063],[-118.47402868699999,34.048317602000054],[-118.47343877599997,34.047764424000036],[-118.47284398499994,34.047216496000033],[-118.47224436099998,34.046673861000045],[-118.47163995299996,34.046136560000036],[-118.47103080699998,34.045604638000043],[-118.47041697099996,34.04507813400005],[-118.46979849399997,34.044557091000058],[-118.46917542199998,34.044041549000042],[-118.46854780799998,34.043531548000033],[-118.46791569699997,34.043027130000041],[-118.46727914199994,34.042528333000064],[-118.46663819199995,34.042035197000075],[-118.46599289499994,34.041547761000061],[-118.46534330599997,34.041066062000027],[-118.46468947199998,34.040590138000027],[-118.46403144699997,34.040120028000047],[-118.46336928299996,34.039655767000056],[-118.46270302899995,34.039197393000052],[-118.46203273899999,34.038744940000072],[-118.46135846599998,34.038298447000045],[-118.46068026299997,34.037857945000042],[-118.45999818299998,34.037423471000068],[-118.45931227999995,34.036995059000049],[-118.45862260699994,34.036572742000033],[-118.45792921699996,34.036156553000069],[-118.45723216699997,34.035746526000025],[-118.45653151099998,34.035342692000029],[-118.45582730499996,34.034945082000036],[-118.45511960099998,34.034553729000038],[-118.45440845799999,34.034168664000049],[-118.45369392999999,34.033789914000067],[-118.45297607399999,34.033417513000074],[-118.45225494499999,34.033051488000069],[-118.45153060099994,34.03269186700004],[-118.45080309899998,34.032338679000077],[-118.45007249499997,34.031991953000045],[-118.44933884699998,34.031651715000066],[-118.44860221399995,34.031317991000037],[-118.44786265199997,34.030990809000059],[-118.44712021799995,34.030670193000049],[-118.44637497299999,34.030356169000072],[-118.44562697499998,34.030048762000035],[-118.44487628199994,34.029747996000026],[-118.44412295199999,34.029453894000028],[-118.44336704599999,34.029166480000072],[-118.44260862299996,34.028885776000038],[-118.44184774099995,34.028611804000036],[-118.44108446299998,34.02834458600006],[-118.44031884499998,34.028084142000068],[-118.43955094999995,34.027830493000067],[-118.43878083699997,34.027583659000072],[-118.43800856699994,34.027343660000042],[-118.43723419999998,34.027110513000025],[-118.43645779699995,34.026884239000026],[-118.43567941999999,34.026664854000046],[-118.43489912899997,34.026452375000076],[-118.43411698599999,34.02624681900005],[-118.43333305199997,34.026048202000027],[-118.43254738899998,34.025856541000053],[-118.43176005899994,34.025671851000027],[-118.43097112199996,34.02549414300006],[-118.43018064099999,34.025323435000075],[-118.42938867899994,34.02515973900006],[-118.42859529599997,34.025003067000057],[-118.42780055799994,34.024853432000043],[-118.42700452399998,34.024710846000062],[-118.42620725699999,34.024575321000043],[-118.42540882199995,34.024446866000062],[-118.42460927799999,34.02432549100007],[-118.42380869099998,34.024211207000064],[-118.42300712199994,34.024104022000074],[-118.42220463499996,34.024003945000061],[-118.42140129299997,34.023910983000064],[-118.42059715799996,34.023825143000067],[-118.41979229399999,34.023746434000032],[-118.41898676399995,34.023674860000028],[-118.41818063199997,34.02361042800004],[-118.41737396099995,34.023553142000026],[-118.41656681299997,34.023503007000045],[-118.41575925299998,34.023460026000066],[-118.41495134299998,34.023424205000026],[-118.41414314799999,34.023395544000039],[-118.41333472999997,34.023374046000072],[-118.41252615499997,34.023359713000048],[-118.41171748299996,34.023352547000059],[-118.41090877999994,34.023352547000059],[-118.41010010799999,34.023359714000037],[-118.40929153199994,34.023374047000061],[-118.40848311499997,34.023395544000039],[-118.40767491999998,34.023424205000026],[-118.40686700999998,34.023460028000045],[-118.40605944899994,34.023503007000045],[-118.40525230199995,34.023553143000072],[-118.40444563099999,34.02361042900003],[-118.40363949799996,34.023674862000064],[-118.40283396899997,34.023746436000067],[-118.40202910399995,34.023825145000046],[-118.40122496999999,34.023910984000054],[-118.40042162699996,34.02400394600005],[-118.39961914099996,34.024104024000053],[-118.39881757099994,34.024211209000043],[-118.39801698499997,34.024325493000049],[-118.39721744199994,34.024446868000041],[-118.39641900499998,34.024575323000079],[-118.39562173899998,34.02471084900003],[-118.39482570499996,34.024853435000068],[-118.39403096499996,34.025003070000025],[-118.39323758399996,34.025159742000028],[-118.39244562099998,34.025323439000033],[-118.39165514099994,34.025494146000028],[-118.39086620399996,34.025671853000063],[-118.39007887399998,34.025856545000067],[-118.38929320999995,34.026048206000041],[-118.38850927599998,34.026246822000076],[-118.38772713399999,34.026452379000034],[-118.38694684299998,34.026664858000061],[-118.38616846599996,34.02688424300004],[-118.38539206299998,34.027110518000029],[-118.38461769699995,34.027343664000057],[-118.38384542699998,34.027583664000076],[-118.38307531399994,34.027830498000071],[-118.38230741899997,34.028084146000026],[-118.38154180099997,34.028344591000064],[-118.38077852199996,34.02861180900004],[-118.38001763999995,34.028885782000032],[-118.37925921699997,34.029166486000065],[-118.37850331099997,34.029453900000078],[-118.37774998199995,34.029748002000076],[-118.37699928799998,34.030048768000029],[-118.37625128999997,34.030356175000065],[-118.37550604499995,34.030670199000042],[-118.37476361199998,34.030990815000052],[-118.37402404999995,34.031317997000031],[-118.37328741599998,34.03165172100006],[-118.37255376899998,34.031991959000038],[-118.37182316399998,34.03233868600006],[-118.37109566299995,34.032691873000033],[-118.37037131899996,34.033051494000063],[-118.36965019099995,34.033417519000068],[-118.36893233399996,34.033789922000039],[-118.36821780599996,34.034168671000032],[-118.36750666299997,34.034553737000067],[-118.36679895999998,34.034945090000065],[-118.36609475299997,34.035342699000068],[-118.36539409699998,34.035746534000054],[-118.36469704699999,34.036156561000041],[-118.36400365799994,34.036572750000062],[-118.36331398599998,34.036995067000078],[-118.36262808199996,34.03742347900004],[-118.36194600099998,34.037857953000071],[-118.36126779899996,34.038298455000074],[-118.36059352499996,34.038744949000034],[-118.35992323599999,34.03919740200007],[-118.35925698299997,34.039655776000075],[-118.35859481699998,34.040120037000065],[-118.35793679299996,34.040590147000046],[-118.35728295999996,34.041066071000046],[-118.35663336999994,34.041547770000079],[-118.35598807499997,34.042035206000037],[-118.35534712299994,34.042528343000072],[-118.35471056899996,34.043027140000049],[-118.35407845799995,34.043531558000041],[-118.35345084299996,34.04404155800006],[-118.35282777199996,34.044557100000077],[-118.35220929499997,34.045078143000069],[-118.35159545899995,34.045604648000051],[-118.35098631399995,34.046136571000034],[-118.35038190499995,34.046673870000063],[-118.34978228199998,34.047216506000041],[-118.34918749099995,34.047764434000044],[-118.34859757899994,34.048317612000062],[-118.34801259399995,34.04887599500006],[-118.34743257899999,34.049439541000027],[-118.34685757999995,34.05000820500004],[-118.34628764499996,34.050581941000075],[-118.34572281599998,34.051160706000076],[-118.34516313699999,34.051744454000072],[-118.34460865399996,34.052333139000041],[-118.34405940999994,34.05292671400008],[-118.34351544799995,34.053525133000051],[-118.34297680999998,34.054128349000052],[-118.34244353899999,34.054736315000071],[-118.34191567599999,34.055348983000044],[-118.34139326399998,34.055966306000073],[-118.34087634299999,34.056588232000024],[-118.34036495399999,34.057214716000033],[-118.33985913599997,34.057845708000059],[-118.33935892999995,34.058481156000028],[-118.33886437499996,34.059121013000038],[-118.33837550999999,34.059765227000071],[-118.33789237299999,34.06041374800003],[-118.33741500299999,34.061066525000058],[-118.33694343499997,34.061723507000067],[-118.33647770899995,34.06238464200004],[-118.33601785899998,34.063049879000062],[-118.33556392399998,34.063719164000076],[-118.33511593599997,34.064392445000067],[-118.33467393299998,34.06506967100006],[-118.33423794999999,34.065750788000059],[-118.33380801899995,34.066435740000031],[-118.33338417499999,34.06712447600006],[-118.33296645099995,34.067816941000046],[-118.33255487999998,34.068513081000049],[-118.33214949399996,34.069212840000034],[-118.33175032599996,34.069916165000052],[-118.33135740599994,34.070622999000079],[-118.33097076599995,34.071333288000062],[-118.33059043399999,34.072046975000035],[-118.33021644399997,34.072764005000067],[-118.32984882099998,34.073484320000034],[-118.32948759599998,34.074207866000052],[-118.32913279799999,34.074934583000072],[-118.32878445399996,34.075664417000041],[-118.32844259099994,34.076397309000072],[-118.32810723599999,34.077133202000027],[-118.32777841699999,34.077872037000077],[-118.32745615599998,34.078613758000074],[-118.32714048299999,34.079358306000074],[-118.32683141899997,34.08010562100003],[-118.32652899099998,34.080855647000078],[-118.32623321999995,34.081608323000069],[-118.32594413199996,34.082363589000067],[-118.32566174799996,34.083121389000041],[-118.32538609099998,34.083881662000067],[-118.32511718299997,34.084644347000051],[-118.32485504299996,34.085409385000048],[-118.32459969399997,34.086176717000058],[-118.32435115399994,34.086946281000053],[-118.32410944399999,34.087718018000032],[-118.32387458399995,34.088491866000027],[-118.32364658899996,34.089267765000045],[-118.32342547999997,34.09004565400005],[-118.32321127199998,34.090825473000052],[-118.32300398399997,34.091607158000045],[-118.32280363199999,34.092390650000027],[-118.32261023099994,34.093175887000029],[-118.32242379499996,34.093962807000025],[-118.32224434099999,34.094751348000045],[-118.32207188199999,34.095541449000052],[-118.32190643099995,34.096333046000041],[-118.32174800299998,34.097126079000077],[-118.32159660799999,34.097920485000031],[-118.32145225799997,34.098716201000059],[-118.32131496699998,34.099513165000076],[-118.32118474299995,34.100311314000066],[-118.32106159699998,34.101110586000061],[-118.32094553899998,34.101910918000044],[-118.32083657899994,34.102712248000046],[-118.32073472399998,34.103514512000061],[-118.32063998199999,34.104317646000027],[-118.32055236099995,34.105121589000078],[-118.32047186899996,34.105926276000048],[-118.32039851199994,34.106731645000025],[-118.32033229299998,34.107537633000049],[-118.32027321999999,34.10834417600006],[-118.32022129599994,34.10915121000005],[-118.32017652699994,34.109958673000051],[-118.32013891599996,34.110766501000057],[-118.32010846399999,34.111574631000053],[-118.32008517499997,34.112382999000033],[-118.32006905199995,34.113191541000049],[-118.32006009299994,34.114000195000074],[-118.32005830199995,34.114808896000056],[-118.32006367699995,34.115617581000038],[-118.32007621799994,34.116426187000059],[-118.32009592499998,34.117234651000047],[-118.32012279599996,34.118042907000074],[-118.32015682699995,34.118850894000047],[-118.32019801899997,34.119658547000029],[-118.32024636499995,34.120465804000048],[-118.32030186399999,34.121272600000054],[-118.32036450999999,34.122078874000067],[-118.32043429999999,34.122884560000045],[-118.32051122599995,34.123689596000077],[-118.32059528299999,34.124493920000077],[-118.32068646499999,34.125297466000063],[-118.32078476499998,34.126100172000065],[-118.32089017399994,34.126901976000056],[-118.32100268399995,34.127702815000077],[-118.32112228699998,34.128502625000067],[-118.32124897299997,34.129301343000066],[-118.32138273199996,34.130098908000036],[-118.32152355399995,34.130895256000031],[-118.32167142799995,34.131690325000079],[-118.32182634099996,34.132484052000052],[-118.32198828299994,34.133276375000037],[-118.32215723899998,34.134067232000064],[-118.32233319799997,34.134856561000049],[-118.32251614499995,34.135644298000045],[-118.32270606499998,34.13643038500004],[-118.32290294399996,34.137214756000049],[-118.32310676699996,34.137997354000049],[-118.32331751599997,34.138778113000058],[-118.32353517599995,34.139556973000026],[-118.32375973099994,34.140333876000057],[-118.32399116099998,34.14110875700004],[-118.32422944899997,34.141881557000033],[-118.32447457599994,34.142652214000066],[-118.32472652299998,34.143420670000069],[-118.32498527099995,34.144186862000026],[-118.32525079699997,34.144950732000041],[-118.32552308299995,34.145712218000028],[-118.32580210699996,34.146471262000034],[-118.32608784499996,34.147227802000032],[-118.32638027699994,34.147981781000055],[-118.32667937999997,34.148733139000058],[-118.32698512899998,34.149481817000037],[-118.32729750099998,34.150227756000049],[-118.32761647099994,34.150970897000036],[-118.32794201399997,34.151711183000032],[-118.32827410499999,34.152448554000046],[-118.32861271699994,34.153182954000044],[-118.32895782399999,34.153914323000038],[-118.32930939899995,34.154642606000039],[-118.32966741399997,34.155367745000035],[-118.33003184099999,34.156089682000072],[-118.33040265199998,34.156808362000049],[-118.33077981699995,34.157523728000058],[-118.33116330599995,34.158235723000075],[-118.33155309099999,34.158944291000068],[-118.33194913799997,34.159649377000051],[-118.33235141999995,34.160350926000035],[-118.33275990199996,34.161048882000046],[-118.33317455399998,34.161743192000074],[-118.33359534199997,34.162433798000052],[-118.33402223399997,34.163120649000064],[-118.33445519499998,34.163803690000066],[-118.33489419299997,34.164482867000061],[-118.33533919299998,34.16515812800003],[-118.33579015799995,34.165829418000044],[-118.33624705599999,34.166496685000027],[-118.33670984899999,34.167159878000064],[-118.33717849899995,34.167818943000043],[-118.33765297399998,34.16847382900005],[-118.33813323299995,34.169124485000054],[-118.33861923799998,34.169770858000049],[-118.33911095299999,34.170412899000041],[-118.33960833899999,34.171050559000037],[-118.34011135499998,34.171683784000038],[-118.34061996399998,34.172312528000077],[-118.34113412399995,34.172936740000068],[-118.34165379599995,34.173556370000028],[-118.34217893899995,34.174171370000067],[-118.34270951099995,34.174781694000046],[-118.34324547099999,34.17538729100005],[-118.34378677699999,34.175988114000063],[-118.34433338499997,34.176584117000061],[-118.34488525399996,34.17717525300003],[-118.34544234099997,34.177761475000068],[-118.34600459999996,34.178342737000037],[-118.34657198799999,34.178918994000071],[-118.34714445999998,34.179490199000043],[-118.34772197199999,34.180056310000055],[-118.34830447899998,34.180617279000046],[-118.34889193299995,34.181173065000053],[-118.34948428999996,34.181723623000039],[-118.35008150299996,34.182268910000062],[-118.35068352499997,34.182808883000064],[-118.35129030799999,34.183343500000035],[-118.35190180499995,34.183872718000032],[-118.35251796799997,34.18439649700008],[-118.35313874799999,34.184914795000054],[-118.35376409699995,34.185427571000048],[-118.35439396699996,34.185934785000029],[-118.35502830499996,34.186436398000069],[-118.35566706499998,34.186932368000043],[-118.35631019399995,34.187422660000038],[-118.35695764399998,34.187907232000043],[-118.35760936099996,34.188386048000041],[-118.35826529599996,34.188859070000035],[-118.35892539899999,34.18932626000003],[-118.35958961399996,34.189787582000065],[-118.36025789199999,34.190243000000066],[-118.36093017999997,34.190692477000027],[-118.36160642499999,34.19113598000007],[-118.36228657299995,34.191573471000027],[-118.36297057099995,34.192004919000055],[-118.36365836699997,34.192430287000036],[-118.36434990499998,34.192849545000058],[-118.36504513099999,34.193262657000048],[-118.36574398999994,34.193669591000059],[-118.36644642899995,34.194070317000069],[-118.36715239099999,34.194464802000027],[-118.36786182199995,34.194853016000025],[-118.36857466399999,34.195234927000058],[-118.36929086299995,34.195610505000047],[-118.37001036299995,34.19597972300005],[-118.37073310599999,34.196342549000065],[-118.37145903599998,34.196698957000024],[-118.37218809699999,34.197048917000075],[-118.37292022899999,34.197392403000038],[-118.37365537699998,34.197729388000027],[-118.37439348299995,34.198059844000056],[-118.37513448699997,34.198383746000047],[-118.37587833399999,34.198701068000048],[-118.37662496299998,34.199011787000074],[-118.37737431599999,34.19931587700006],[-118.37812633499999,34.199613313000043],[-118.37888095999995,34.199904074000074],[-118.37963813199997,34.200188136000065],[-118.38039779099995,34.20046547700008],[-118.38115987899999,34.200736075000066],[-118.38192433499995,34.200999908000028],[-118.38269109899994,34.201256958000045],[-118.38346011099998,34.201507201000027],[-118.38423130999996,34.201750621000031],[-118.38500463499997,34.201987196000061],[-118.38578002899999,34.202216908000025],[-118.38655742499998,34.202439741000035],[-118.38733676699997,34.202655675000074],[-118.38811799199999,34.202864694000027],[-118.38890103799997,34.203066781000075],[-118.38968584399998,34.203261922000024],[-118.39047234899999,34.203450100000055],[-118.39126049099997,34.20363130100003],[-118.39205020699995,34.203805510000052],[-118.39284143599997,34.203972714000031],[-118.39363411699998,34.204132900000047],[-118.39442818499998,34.204286055000068],[-118.39522357899995,34.20443216700005],[-118.39602023699996,34.204571223000073],[-118.39681809599995,34.204703216000041],[-118.39761709399994,34.204828131000056],[-118.39841716599994,34.204945962000068],[-118.39921825299996,34.205056697000032],[-118.40002028899994,34.205160330000069],[-118.40082320999994,34.205256850000069],[-118.40162695699996,34.205346252000027],[-118.40243146399996,34.205428527000038],[-118.40323666799998,34.205503669000052],[-118.40404250799997,34.205571673000065],[-118.40484891799997,34.205632533000028],[-118.40565583599999,34.205686244000049],[-118.40646319699999,34.205732802000057],[-118.40727093999999,34.205772203000038],[-118.40807899999999,34.205804445000069],[-118.40888731499996,34.205829524000023],[-118.40969581999997,34.20584744000007],[-118.41050445099995,34.205858190000072],[-118.41131314599994,34.205861773000038]]]},"properties":{"OBJECTID":20,"bid":20,"zone_id":"VIP001","zone_name":"Vip","restrict":"Flight Restricted Airspace","note":"Valid time: Sat, Jun 27, 2026, daily 5:30 AM-7:45 AM; No person may operate a small unmanned aircraft in restricted airspace unless that person has permission from the appropriate authority. Individuals violating any of these restrictions may be subject","flight_cei":0,"height_met":0,"Area":267.6303550630978,"shape_":"面"}},{"type":"Feature","id":21,"geometry":{"type":"Polygon","coordinates":[[[-118.53043281099997,34.12996922800005],[-118.53124290199997,34.129965639000034],[-118.53205293099995,34.129954870000063],[-118.53286283299997,34.129936924000049],[-118.53367254199998,34.129911801000048],[-118.53448199899998,34.12987950400003],[-118.53529113599996,34.12984003400004],[-118.53609989299997,34.129793395000036],[-118.53690820399999,34.129739591000032],[-118.53771600699997,34.129678626000043],[-118.53852323799998,34.129610505000073],[-118.53932983199996,34.12953523300007],[-118.54013572899999,34.129452815000036],[-118.54094086399999,34.129363259000058],[-118.54174517299998,34.129266572000063],[-118.54254859399998,34.129162761000032],[-118.54335106299999,34.129051834000052],[-118.54415251799998,34.128933799000038],[-118.54495289599998,34.128808668000033],[-118.54575213299995,34.128676447000032],[-118.54655016699996,34.128537150000056],[-118.54734693499995,34.128390786000068],[-118.54814237499994,34.128237367000054],[-118.54893642399998,34.128076904000068],[-118.54972901999997,34.127909411000076],[-118.55052009999997,34.127734901000053],[-118.55130960299999,34.127553387000034],[-118.55209746599996,34.127364883000041],[-118.55288362799996,34.127169406000064],[-118.55366802599997,34.12696696900008],[-118.55445060099998,34.126757588000032],[-118.55523128799996,34.126541281000073],[-118.55601002799995,34.126318064000031],[-118.55678675899998,34.12608795400007],[-118.55756142099995,34.125850970000045],[-118.55833395099995,34.125607131000038],[-118.55910429199997,34.125356455000031],[-118.55987237999994,34.125098962000038],[-118.56063815599998,34.124834673000066],[-118.56140155899999,34.124563607000027],[-118.56216253199995,34.124285787000076],[-118.56292101099996,34.124001234000048],[-118.56367693999999,34.123709971000039],[-118.56443025699997,34.123412020000046],[-118.56518090499998,34.123107405000042],[-118.56592882299998,34.122796150000056],[-118.56667395399995,34.122478279000063],[-118.56741623999994,34.122153818000072],[-118.56815561899998,34.121822791000056],[-118.56889203699996,34.121485224000025],[-118.56962543499998,34.121141145000024],[-118.57035575399999,34.120790580000062],[-118.57108293799996,34.120433557000069],[-118.57180692899999,34.120070104000035],[-118.57252767099999,34.119700248000072],[-118.57324510699999,34.119324020000079],[-118.57395918099996,34.118941450000079],[-118.57466983699999,34.118552566000062],[-118.57537701799998,34.11815740000003],[-118.57608066899996,34.117755982000062],[-118.57678073599999,34.11734834400005],[-118.57747716299997,34.116934518000051],[-118.57816989599996,34.116514536000068],[-118.57885887799995,34.116088433000073],[-118.57954405799995,34.115656241000067],[-118.58022538099999,34.115217992000055],[-118.58090279399994,34.114773725000077],[-118.58157624199998,34.114323471000034],[-118.58224567399998,34.113867266000057],[-118.58291103799996,34.113405147000037],[-118.58357227899995,34.11293715000005],[-118.58422934699996,34.112463311000056],[-118.58488219099996,34.11198366900004],[-118.58553075799995,34.11149825900003],[-118.58617499899998,34.111007121000057],[-118.58681486099999,34.110510293000061],[-118.58745029499994,34.110007814000028],[-118.58808125199994,34.109499724000045],[-118.58870768199995,34.108986062000042],[-118.58932953399994,34.10846686800005],[-118.58994676099996,34.10794218500007],[-118.59055931399996,34.107412053000076],[-118.59116714499999,34.106876512000042],[-118.59177020599998,34.106335606000073],[-118.59236844999998,34.105789377000065],[-118.59296183099997,34.105237869000064],[-118.59355029999995,34.104681123000034],[-118.59413381199994,34.104119184000069],[-118.59471232099997,34.103552097000033],[-118.59528578299995,34.102979904000051],[-118.59585415099997,34.102402652000023],[-118.59641738099998,34.101820386000043],[-118.59697542899994,34.101233151000031],[-118.59752825099997,34.100640994000059],[-118.59807580499995,34.100043962000029],[-118.59861804499997,34.099442100000033],[-118.59915492999994,34.098835457000064],[-118.59968641899997,34.09822408000008],[-118.60021246899998,34.097608017000027],[-118.60073303699994,34.096987316000025],[-118.60124808599994,34.096362027000055],[-118.60175757299999,34.095732197000075],[-118.60226145899998,34.095097877000057],[-118.60275970199996,34.094459118000032],[-118.60325226599997,34.093815966000079],[-118.60373911199997,34.093168477000063],[-118.60422019999999,34.092516697000065],[-118.60469549199996,34.091860680000025],[-118.60516495399997,34.091200477000029],[-118.60562854599999,34.090536139000051],[-118.60608623099995,34.08986771900004],[-118.60653797599997,34.089195269000072],[-118.60698374399999,34.088518843000031],[-118.60742350099997,34.08783849200006],[-118.60785720999996,34.087154272000078],[-118.60828483799997,34.086466234000056],[-118.60870635399999,34.085774434000029],[-118.60912172099995,34.085078926000051],[-118.60953090899994,34.084379764000062],[-118.60993388499998,34.083677003000048],[-118.61033061699999,34.082970699000043],[-118.61072107499996,34.082260907000034],[-118.61110522599995,34.081547682000064],[-118.61148304199997,34.080831081000042],[-118.61185449299995,34.080111160000058],[-118.61221954999996,34.079387975000031],[-118.61257818299998,34.078661585000077],[-118.61293036499995,34.077932044000079],[-118.61327606699996,34.077199411000038],[-118.61361526399998,34.076463743000033],[-118.61394792899995,34.075725098000078],[-118.61427403499999,34.074983534000069],[-118.61459355499994,34.074239108000029],[-118.61490646599998,34.073491882000042],[-118.61521274399996,34.072741911000037],[-118.61551236299999,34.071989255000062],[-118.61580529899999,34.071233973000062],[-118.61609153199998,34.070476126000074],[-118.61637103699996,34.069715771000062],[-118.61664379299998,34.068952970000055],[-118.61690977899997,34.068187782000052],[-118.61716897199994,34.067420265000067],[-118.61742135399999,34.066650483000046],[-118.61766690399998,34.06587849400006],[-118.61790560399999,34.065104359000031],[-118.61813743399995,34.064328139000054],[-118.61836237599999,34.06354989600004],[-118.61858041199997,34.062769690000039],[-118.61879152599994,34.061987581000039],[-118.61899569999997,34.061203633000048],[-118.61919291899994,34.060417907000044],[-118.61938316599998,34.05963046200003],[-118.61956642899997,34.058841364000045],[-118.61974269199999,34.058050672000036],[-118.61991193999995,34.057258450000063],[-118.62007416099999,34.056464758000061],[-118.62022934199996,34.055669659000046],[-118.62037747099998,34.054873218000068],[-118.62051853599996,34.054075495000063],[-118.62065252699995,34.053276552000057],[-118.62077943099996,34.052476454000043],[-118.62089923999997,34.05167526200006],[-118.62101194499996,34.050873041000045],[-118.62111753599999,34.050069852000036],[-118.62121600399996,34.049265759000036],[-118.62130734499999,34.048460824000074],[-118.62139154699997,34.047655113000076],[-118.62146860499996,34.046848686000033],[-118.62153851499994,34.046041608000053],[-118.62160126899994,34.045233942000038],[-118.62165686399999,34.044425752000052],[-118.62170529399998,34.043617102000042],[-118.62174655699999,34.042808053000044],[-118.62178064699998,34.041998670000055],[-118.62180756299995,34.041189018000068],[-118.62182730499995,34.040379158000064],[-118.62183986799994,34.039569156000027],[-118.62184525099997,34.038759073000051],[-118.62184345699995,34.037948976000052],[-118.62183448299999,34.037138926000068],[-118.62181833099999,34.036328986000058],[-118.62179500199994,34.035519222000062],[-118.62176449799995,34.034709697000039],[-118.62172682099998,34.033900474000063],[-118.62168197399996,34.033091616000036],[-118.62162996099994,34.032283187000075],[-118.62157078599995,34.031475251000074],[-118.62150445299994,34.030667872000038],[-118.62143096799997,34.029861112000049],[-118.62135033599998,34.029055034000066],[-118.62126256399995,34.028249704000075],[-118.62116765999997,34.027445182000065],[-118.62106562799994,34.026641533000031],[-118.62095647899997,34.025838820000047],[-118.62084022099998,34.025037105000024],[-118.62071686299998,34.024236453000071],[-118.62058641399994,34.023436925000055],[-118.62044888499997,34.022638584000049],[-118.62030428599996,34.021841494000057],[-118.62015262999995,34.02104571600006],[-118.61999392699994,34.020251313000074],[-118.61982819099995,34.019458349000047],[-118.61965543299999,34.018666883000037],[-118.61947566899994,34.01787698000004],[-118.61928891199994,34.017088701000034],[-118.61909517499998,34.016302109000037],[-118.61889447699997,34.015517263000049],[-118.61868683099999,34.014734227000076],[-118.61847225399998,34.013953063000031],[-118.61825076199995,34.013173830000028],[-118.61802237399996,34.012396591000027],[-118.61778710799996,34.011621406000074],[-118.61754497999999,34.010848337000027],[-118.61729601099995,34.010077443000057],[-118.61704022099997,34.009308787000066],[-118.61677762899996,34.008542427000066],[-118.61650825499999,34.007778424000037],[-118.61623212199999,34.007016839000073],[-118.61594924999997,34.006257731000062],[-118.61565966199998,34.005501159000062],[-118.61536338099995,34.004747183000063],[-118.61506042899998,34.003995862000068],[-118.61475083199997,34.003247256000066],[-118.61443461399995,34.00250142200008],[-118.61411179699996,34.001758421000034],[-118.61378240899995,34.001018309000074],[-118.61344647499999,34.000281145000031],[-118.61310402199996,33.999546987000031],[-118.61275507599998,33.998815893000028],[-118.61239966399995,33.998087921000035],[-118.61203781599994,33.997363126000039],[-118.61166955799996,33.996641565000061],[-118.61129492099997,33.995923297000047],[-118.61091393299995,33.995208378000029],[-118.61052662399999,33.994496863000052],[-118.61013302599997,33.993788807000044],[-118.60973316799999,33.993084268000075],[-118.60932708199999,33.992383300000029],[-118.60891479999998,33.991685958000062],[-118.60849635499994,33.990992297000048],[-118.60807177899994,33.990302372000031],[-118.60764110499997,33.989616236000074],[-118.60720436799994,33.988933944000053],[-118.60676160199995,33.98825554900003],[-118.60631283999999,33.987581104000071],[-118.60585811999999,33.98691066300006],[-118.60539747699994,33.986244278000072],[-118.60493094599997,33.985582001000068],[-118.60445856399997,33.984923884000068],[-118.60398036899994,33.984269980000079],[-118.60349639799995,33.983620338000037],[-118.60300668799999,33.982975012000054],[-118.60251127899994,33.982334050000077],[-118.60201020799997,33.981697504000067],[-118.60150351799996,33.981065424000064],[-118.60099124499999,33.980437858000073],[-118.60047343099995,33.979814856000075],[-118.59995011599995,33.979196468000055],[-118.59942134199997,33.978582742000071],[-118.59888714999994,33.977973726000073],[-118.59834758099998,33.977369468000063],[-118.59780267899998,33.976770016000046],[-118.59725248599995,33.976175414000068],[-118.59669704599997,33.975585714000033],[-118.59613639999998,33.975000958000066],[-118.59557059599996,33.974421193000069],[-118.59499967499994,33.973846466000055],[-118.59442368499998,33.973276820000024],[-118.59384266699999,33.972712301000058],[-118.59325667099995,33.972152953000034],[-118.59266574099996,33.971598821000043],[-118.59206992199995,33.97104994700004],[-118.59146926399995,33.970506374000024],[-118.59086381199995,33.969968146000042],[-118.59025361299996,33.969435304000058],[-118.58963871699996,33.968907891000072],[-118.58901917099996,33.968385947000058],[-118.58839502499995,33.967869515000075],[-118.58776632499996,33.96735863400005],[-118.58713312299994,33.966853344000072],[-118.58649546799995,33.966353687000037],[-118.58585341099996,33.965859698000031],[-118.58520700099996,33.965371420000054],[-118.58455628899998,33.964888889000065],[-118.58390132599999,33.96441214400005],[-118.58324216499994,33.963941221000027],[-118.58257885599994,33.963476159000038],[-118.58191145199999,33.963016993000053],[-118.58124000499998,33.962563759000034],[-118.58056456699995,33.962116494000043],[-118.57988519199995,33.961675232000061],[-118.57920193399997,33.961240007000072],[-118.57851484599996,33.960810855000034],[-118.57782398099999,33.960387809000053],[-118.57712939499999,33.959970901000077],[-118.57643114099994,33.959560166000074],[-118.57572927599995,33.959155634000069],[-118.57502385199996,33.958757338000055],[-118.57431492599994,33.958365310000033],[-118.57360255399999,33.95797957800005],[-118.57288679299995,33.957600175000039],[-118.57216769699994,33.957227130000035],[-118.57144532199999,33.956860473000063],[-118.57071972799997,33.956500230000074],[-118.56999096799996,33.956146433000072],[-118.56925910299998,33.955799108000065],[-118.56852418899996,33.955458282000052],[-118.56778628199999,33.955123982000032],[-118.56704544299998,33.954796234000071],[-118.56630172699994,33.954475066000043],[-118.56555519499994,33.954160499000068],[-118.56480590499996,33.953852561000076],[-118.56405391399994,33.953551276000042],[-118.56329928399998,33.953256666000073],[-118.56254207299997,33.952968755000029],[-118.56178233999998,33.952687566000066],[-118.56102014399994,33.952413121000063],[-118.56025554599995,33.952145441000027],[-118.55948860699999,33.951884547000077],[-118.55871938499996,33.951630460000047],[-118.55794794199994,33.951383200000066],[-118.55717433799998,33.951142786000048],[-118.55639863399995,33.950909238000065],[-118.55562089099999,33.950682572000062],[-118.55484116999997,33.950462808000054],[-118.55405953099995,33.950249962000044],[-118.55327603699999,33.950044051000077],[-118.55249074899996,33.949845092000032],[-118.55170372799995,33.949653100000035],[-118.55091503799997,33.94946808900005],[-118.55012473799997,33.949290076000068],[-118.54933289299998,33.949119073000077],[-118.54853956199997,33.948955094000041],[-118.54774481099997,33.948798151000062],[-118.54694869799999,33.948648258000048],[-118.54615128999995,33.948505426000054],[-118.54535264699996,33.948369666000076],[-118.54455283099998,33.948240989000055],[-118.54375190699994,33.948119404000067],[-118.54294993699995,33.948004924000031],[-118.54214698299995,33.947897553000075],[-118.54134311099995,33.947797303000073],[-118.54053838099998,33.947704181000063],[-118.53973285799998,33.947618193000039],[-118.53892660399998,33.947539348000078],[-118.53811968199994,33.947467650000078],[-118.53731215799996,33.947403106000024],[-118.53650409299996,33.94734572200008],[-118.53569555199999,33.947295500000052],[-118.53488659599998,33.94725244600005],[-118.53407729099996,33.947216562000051],[-118.53326769999995,33.94718785200007],[-118.53245788599997,33.94716631700004],[-118.53164791399996,33.947151959000053],[-118.53083784599994,33.947144780000031],[-118.53002774599997,33.947144781000077],[-118.52921767699996,33.947151959000053],[-118.52840770499995,33.94716631700004],[-118.52759789099997,33.94718785200007],[-118.52678829999996,33.947216562000051],[-118.52597899499995,33.94725244600005],[-118.52517003999998,33.947295501000042],[-118.52436149799996,33.947345723000069],[-118.52355343299996,33.94740310800006],[-118.52274590899998,33.947467652000057],[-118.52193898799999,33.947539349000067],[-118.52113273399999,33.947618195000075],[-118.52032721099999,33.947704182000052],[-118.51952247999998,33.947797305000051],[-118.51871860799997,33.947897555000054],[-118.51791565399998,33.948004925000077],[-118.51711368399998,33.948119408000025],[-118.51631275999995,33.948240991000034],[-118.51551294499995,33.948369669000044],[-118.51471430299995,33.948505428000033],[-118.51391689299999,33.948648261000073],[-118.51312078099994,33.948798154000031],[-118.51232602899995,33.948955097000066],[-118.51153269899999,33.949119075000056],[-118.51074085299996,33.949290079000036],[-118.50995055399994,33.949468093000064],[-118.50916186299997,33.94965310300006],[-118.50837484299996,33.949845096000047],[-118.50758955499998,33.950044055000035],[-118.50680606099996,33.950249966000058],[-118.50602442299999,33.950462812000069],[-118.50524470199997,33.950682576000077],[-118.50446695799997,33.95090924200008],[-118.50369125399999,33.951142791000052],[-118.50291764999997,33.95138320500007],[-118.50214620599996,33.951630465000051],[-118.50137698499998,33.951884552000024],[-118.50061004499997,33.952145446000031],[-118.49984544799997,33.952413126000067],[-118.49908325299998,33.952687572000059],[-118.49832351999999,33.952968761000079],[-118.49756630799999,33.953256672000066],[-118.49681167699998,33.953551281000045],[-118.49605968799995,33.953852567000069],[-118.49531039699997,33.954160505000061],[-118.49456386499998,33.954475071000047],[-118.49382014999998,33.954796241000054],[-118.49307930999998,33.955123988000025],[-118.49234140399994,33.955458288000045],[-118.49160648999998,33.955799114000058],[-118.49087462399996,33.956146440000055],[-118.49014586599998,33.956500238000046],[-118.48942026999998,33.956860479000056],[-118.48869789699995,33.957227137000075],[-118.48797879999995,33.957600182000078],[-118.48726303799998,33.957979585000032],[-118.48655066699996,33.958365316000027],[-118.48584174099994,33.958757346000027],[-118.48513631799995,33.959155641000052],[-118.48443445099997,33.959560173000057],[-118.48373619899996,33.959970909000049],[-118.48304161199997,33.960387817000026],[-118.48235074799999,33.960810863000063],[-118.48166365899999,33.961240016000033],[-118.48098040099995,33.961675240000034],[-118.48030102599995,33.962116502000072],[-118.47962558899997,33.962563768000052],[-118.47895414299995,33.963017001000026],[-118.47828673799995,33.963476168000057],[-118.47762342899995,33.963941230000046],[-118.47696426799996,33.964412153000069],[-118.47630930599996,33.964888898000027],[-118.47565859399998,33.965371429000072],[-118.47501218399998,33.965859708000039],[-118.47437012699999,33.966353695000066],[-118.47373247099995,33.966853354000079],[-118.47309926999998,33.967358644000058],[-118.47247057099997,33.967869525000026],[-118.47184642299999,33.968385957000066],[-118.47122687799998,33.96890790100008],[-118.47061198099999,33.969435314000066],[-118.47000178299999,33.96996815600005],[-118.46939633099998,33.970506384000032],[-118.46879567299999,33.971049957000048],[-118.46819985499997,33.971598831000051],[-118.46760892399999,33.972152963000042],[-118.46702292799995,33.972712311000066],[-118.46644191099995,33.973276830000032],[-118.46586592099999,33.973846476000062],[-118.46529499999997,33.974421204000066],[-118.46472919499996,33.975000969000064],[-118.46416855099994,33.975585724000041],[-118.46361310999998,33.976175426000054],[-118.46306291699995,33.976770027000043],[-118.46251801499994,33.97736948000005],[-118.46197844699998,33.97797373700007],[-118.46144425499995,33.978582754000058],[-118.46091547999998,33.979196480000041],[-118.46039216499997,33.979814868000062],[-118.45987435199999,33.98043786900007],[-118.45936207899996,33.981065435000062],[-118.45885538799996,33.981697515000064],[-118.45835431899997,33.982334062000064],[-118.45785890899998,33.982975023000051],[-118.45736919999996,33.983620350000024],[-118.45688522799998,33.984269991000076],[-118.45640703399999,33.984923896000055],[-118.45593465199994,33.985582013000055],[-118.45546812099997,33.986244290000059],[-118.45500747699998,33.986910676000036],[-118.45455275699999,33.987581117000047],[-118.45410399599996,33.988255561000074],[-118.45366122999997,33.988933957000029],[-118.45322449299999,33.989616249000051],[-118.45279381999995,33.990302385000064],[-118.45236924399995,33.990992310000024],[-118.45195079899997,33.991685971000038],[-118.45153851599997,33.992383313000062],[-118.45113243099996,33.993084282000041],[-118.45073257399997,33.993788820000077],[-118.45033897499997,33.994496876000028],[-118.44995166599995,33.995208391000062],[-118.44957067899998,33.99592331100007],[-118.44919604099999,33.996641579000027],[-118.44882778399995,33.997363139000072],[-118.44846593599999,33.998087934000068],[-118.44811052399996,33.998815906000061],[-118.44776157799998,33.999547001000053],[-118.44741912499995,34.000281159000053],[-118.44708319099999,34.001018323000039],[-118.44675380299998,34.001758435000056],[-118.44643098699999,34.002501436000045],[-118.44611476799997,34.003247269000042],[-118.44580517099996,34.003995876000033],[-118.44550221999998,34.004747196000039],[-118.44520593899995,34.005501173000027],[-118.44491635199995,34.006257744000038],[-118.44463347999999,34.007016853000039],[-118.44435734599995,34.007778438000059],[-118.44408797299997,34.008542441000031],[-118.44382538099995,34.009308801000032],[-118.44356958999998,34.010077457000079],[-118.44332062199999,34.01084835100005],[-118.44307849399996,34.01162142000004],[-118.44284322799996,34.012396605000049],[-118.44261483899999,34.01317384500004],[-118.44239334899999,34.013953077000053],[-118.44217877099999,34.014734242000031],[-118.44197112599994,34.015517278000061],[-118.44177042699999,34.01630212300006],[-118.44157669099997,34.017088716000046],[-118.44138993399997,34.017876995000051],[-118.44121016999998,34.018666898000049],[-118.44103741299995,34.019458363000069],[-118.44087167599997,34.020251328000029],[-118.44071297399995,34.021045730000026],[-118.44056131699995,34.021841509000069],[-118.44041671899998,34.022638599000061],[-118.44027918999996,34.023436939000078],[-118.44014874099997,34.024236468000026],[-118.44002538299998,34.025037121000025],[-118.43990912499999,34.025838835000059],[-118.43979997599996,34.026641548000043],[-118.43969794499998,34.027445197000077],[-118.43960303999995,34.028249718000041],[-118.43951526899997,34.029055049000078],[-118.43943463699998,34.029861126000071],[-118.43936115199995,34.03066788700005],[-118.43929481899994,34.031475267000076],[-118.43923564399995,34.032283202000031],[-118.43918363099999,34.033091631000048],[-118.43913878499995,34.033900488000029],[-118.43910110799999,34.034709712000051],[-118.43907060399999,34.035519237000074],[-118.43904727499995,34.036329002000059],[-118.43903112299995,34.037138940000034],[-118.43902214899998,34.037948991000064],[-118.43902035499997,34.038759089000052],[-118.43902573899999,34.03956917000005],[-118.43903830199997,34.040379174000066],[-118.43905804299999,34.04118903300008],[-118.43908495999995,34.041998685000067],[-118.43911905099998,34.042808068000056],[-118.43916031299995,34.043617116000064],[-118.43920874399998,34.044425767000064],[-118.43926433799999,34.04523395700005],[-118.43932709299997,34.046041623000065],[-118.43939700199996,34.046848701000044],[-118.43947406099994,34.047655128000031],[-118.43955826399997,34.048460839000029],[-118.43964960299996,34.049265774000048],[-118.43974807199999,34.050069867000047],[-118.43985366299995,34.050873056000057],[-118.43996636799994,34.051675278000062],[-118.44008617699996,34.052476468000066],[-118.44021308299995,34.053276567000069],[-118.44034707299994,34.054075509000029],[-118.44048813799998,34.054873232000034],[-118.44063626699995,34.055669674000058],[-118.44079144899996,34.056464772000027],[-118.44095366899995,34.057258464000029],[-118.44112291799996,34.058050687000048],[-118.44129917999999,34.058841378000068],[-118.44148244299998,34.059630477000042],[-118.44167269099995,34.060417921000067],[-118.44186990999998,34.06120364800006],[-118.44207408399996,34.061987596000051],[-118.44228519799998,34.062769704000061],[-118.44250323499995,34.063549910000063],[-118.44272817699999,34.064328154000066],[-118.44296000699995,34.065104374000043],[-118.44319870599998,34.065878509000072],[-118.44344425699995,34.066650497000069],[-118.44369663899994,34.067420280000078],[-118.44395583299996,34.068187795000028],[-118.44422181899995,34.068952984000077],[-118.44449457499996,34.069715785000028],[-118.44477407899996,34.070476140000039],[-118.44506031199995,34.071233987000028],[-118.44535324899999,34.071989269000028],[-118.44565286899996,34.072741925000059],[-118.44595914499996,34.073491895000075],[-118.44627205699999,34.074239122000051],[-118.44659157799998,34.074983548000034],[-118.44691768299998,34.075725112000043],[-118.44725034699997,34.076463757000056],[-118.44758954499997,34.077199424000071],[-118.44793524799996,34.077932058000044],[-118.44828742999999,34.078661599000043],[-118.44864606299996,34.079387989000054],[-118.44901111999997,34.080111173000034],[-118.44938257099994,34.080831094000075],[-118.44976038699997,34.08154769600003],[-118.45014453899995,34.082260920000067],[-118.45053499699998,34.082970712000076],[-118.45093172899999,34.083677016000024],[-118.45133470499997,34.084379777000038],[-118.45174389199997,34.085078939000027],[-118.45215925999997,34.085774447000063],[-118.45258077499994,34.086466247000033],[-118.45300840399995,34.087154284000064],[-118.45344211399998,34.087838504000047],[-118.45388186999998,34.088518855000075],[-118.45432763799994,34.089195282000048],[-118.45477938299996,34.089867732000073],[-118.45523706899996,34.090536151000038],[-118.45570066099998,34.091200489000073],[-118.45617012199995,34.091860692000068],[-118.45664541599996,34.092516709000051],[-118.45712650399997,34.09316848800006],[-118.45761334899998,34.093815979000055],[-118.45810591299994,34.094459129000029],[-118.45860415699997,34.095097889000044],[-118.45910804299996,34.095732209000062],[-118.45961752999995,34.096362039000041],[-118.46013257899995,34.096987328000068],[-118.46065314799995,34.097608029000071],[-118.46117919699998,34.098224092000066],[-118.46171068599995,34.098835469000051],[-118.46224757099998,34.099442112000077],[-118.46278981199998,34.100043974000073],[-118.46333736499997,34.100641006000046],[-118.46389018799999,34.101233162000028],[-118.46444823499996,34.10182039700004],[-118.46501146499998,34.102402663000078],[-118.46557983399998,34.102979914000059],[-118.46615329499997,34.103552107000041],[-118.46673180499994,34.104119194000077],[-118.46731531699999,34.104681133000042],[-118.46790378699995,34.105237879000072],[-118.46849716699995,34.105789387000073],[-118.46909541099996,34.106335616000024],[-118.46969847299999,34.10687652200005],[-118.47030630299997,34.107412062000037],[-118.47091885699996,34.107942195000078],[-118.47153608399998,34.108466878000058],[-118.47215793699996,34.108986071000061],[-118.47278436599998,34.109499733000064],[-118.47341532299998,34.110007823000046],[-118.47405075699999,34.11051030200008],[-118.47469061899994,34.111007130000075],[-118.47533485899999,34.111498268000048],[-118.47598342699996,34.111983678000058],[-118.47663626999997,34.112463320000074],[-118.47729333999996,34.112937159000069],[-118.47795458099995,34.113405156000056],[-118.47861994399995,34.113867275000075],[-118.47928937599994,34.114323479000063],[-118.47996282599996,34.11477373300005],[-118.48064023799998,34.115218001000073],[-118.48132156099996,34.11565624800005],[-118.48200673999997,34.116088441000045],[-118.48269572399994,34.11651454500003],[-118.48338845599994,34.116934525000033],[-118.48408488299998,34.117348351000032],[-118.48478494999995,34.117755989000045],[-118.48548860099999,34.11815740600008],[-118.48619578299997,34.118552573000045],[-118.48690643899999,34.118941457000062],[-118.48762051299997,34.119324028000051],[-118.48833794899997,34.119700256000044],[-118.48905869099997,34.120070111000075],[-118.48978268299999,34.120433564000052],[-118.49050986599997,34.120790586000055],[-118.49124018499998,34.121141151000074],[-118.49197358299995,34.121485230000076],[-118.49271000099998,34.12182279700005],[-118.49344938099995,34.122153824000065],[-118.49419166499996,34.122478285000057],[-118.49493679599999,34.122796156000049],[-118.49568471499998,34.123107411000035],[-118.49643536199994,34.12341202600004],[-118.49718867999997,34.123709977000033],[-118.49794460899994,34.124001240000041],[-118.49870308899995,34.12428579200008],[-118.49946405999998,34.124563612000031],[-118.50022746399998,34.124834677000024],[-118.50099324099995,34.125098966000053],[-118.50176132799999,34.125356459000045],[-118.50253166799996,34.125607135000052],[-118.50330419999995,34.125850975000048],[-118.50407886099998,34.126087959000074],[-118.50485559199996,34.126318068000046],[-118.50563433299999,34.12654128500003],[-118.50641501999996,34.126757592000047],[-118.50719759499998,34.126966972000048],[-118.50798199299999,34.127169409000032],[-118.50876815499998,34.127364887000056],[-118.50955601799996,34.12755339000006],[-118.51034552099998,34.127734904000079],[-118.51113660099998,34.127909414000044],[-118.51192919799996,34.128076907000036],[-118.51272324599995,34.128237369000033],[-118.51351868599994,34.128390788000047],[-118.51431545399998,34.128537153000025],[-118.51511348799994,34.128676450000057],[-118.51591272499996,34.12880866900008],[-118.51671310199998,34.128933801000073],[-118.51751455799996,34.129051836000031],[-118.51831702699997,34.129162763000068],[-118.51912044799997,34.129266574000042],[-118.51992475699996,34.129363261000037],[-118.52072989199996,34.129452816000025],[-118.52153578799999,34.129535234000059],[-118.52234238399996,34.129610506000063],[-118.52314961399998,34.129678627000033],[-118.52395741699996,34.129739592000078],[-118.52476572899997,34.129793396000025],[-118.52557448499999,34.12984003400004],[-118.52638362299996,34.12987950400003],[-118.52719307799998,34.129911802000038],[-118.52800278899997,34.129936924000049],[-118.52881268999994,34.129954870000063],[-118.52962271899997,34.129965639000034],[-118.53043281099997,34.12996922800005]]]},"properties":{"OBJECTID":21,"bid":21,"zone_id":"VIP002","zone_name":"Vip","restrict":"Flight Restricted Airspace","note":"Valid time: Sat, Jun 27, 2026, daily 3:45 AM-6:15 AM; No person may operate a small unmanned aircraft in restricted airspace unless that person has permission from the appropriate authority. Individuals violating any of these restrictions may be subject","flight_cei":0,"height_met":0,"Area":268.81242452855037,"shape_":"面"}},{"type":"Feature","id":22,"geometry":{"type":"Polygon","coordinates":[[[-118.44044365799999,34.052730889000031],[-118.44125268799996,34.052727299000026],[-118.44206165499997,34.052716530000055],[-118.44287049399998,34.052698582000062],[-118.44367914299994,34.052673456000036],[-118.44448753599994,34.05264115500006],[-118.44529561099995,34.052601682000045],[-118.44610330399996,34.052555038000037],[-118.44691055099997,34.052501229000029],[-118.44771728899997,34.052440258000047],[-118.44852345399994,34.052372130000037],[-118.44932898199994,34.052296851000051],[-118.45013381199999,34.052214425000045],[-118.45093787699994,34.052124861000038],[-118.45174111599999,34.052028165000024],[-118.45254346499996,34.051924344000042],[-118.45334486199999,34.051813407000054],[-118.45414524199998,34.051695361000043],[-118.45494454399994,34.051570219000041],[-118.45574270299994,34.051437987000043],[-118.45653965699995,34.05129867800008],[-118.45733534399994,34.051152301000059],[-118.45812969999997,34.050998869000068],[-118.45892266299995,34.050838393000049],[-118.45971417199996,34.050670887000024],[-118.46050416199995,34.050496363000036],[-118.46129257199999,34.050314836000041],[-118.46207934099999,34.050126318000025],[-118.46286440499995,34.049930826000036],[-118.46364770399998,34.049728375000029],[-118.46442917599995,34.049518980000073],[-118.46520875799996,34.049302659000034],[-118.46598638899997,34.049079428000027],[-118.46676200899998,34.048849304000044],[-118.46753555699996,34.048612307000042],[-118.46830696999996,34.04836845300008],[-118.46907618899996,34.04811776400004],[-118.46984315299994,34.047860258000071],[-118.47060780299995,34.047595955000077],[-118.47137007599997,34.047324877000051],[-118.47212991299995,34.047047046000046],[-118.47288725499999,34.046762483000066],[-118.47364204099995,34.04647120900006],[-118.47439421399997,34.046173248000059],[-118.47514371199998,34.045868624000036],[-118.47589047699995,34.045557361000078],[-118.47663445099994,34.045239483000046],[-118.47737557499994,34.044915014000026],[-118.47811378899996,34.044583982000063],[-118.47884903699997,34.044246412000064],[-118.47958126099996,34.043902330000037],[-118.48031040099994,34.043551763000039],[-118.48103640199997,34.043194740000047],[-118.48175920599999,34.042831288000059],[-118.48247875599998,34.042461435000064],[-118.48319499599995,34.042085211000028],[-118.48390786899995,34.041702646000033],[-118.48461731799995,34.041313770000045],[-118.48532328899995,34.040918613000031],[-118.48602572499999,34.04051720700005],[-118.48672457099997,34.04010958300006],[-118.48741977199995,34.039695773000062],[-118.48811127399995,34.039275810000049],[-118.48879902099998,34.038849726000024],[-118.48948295899999,34.03841755600007],[-118.49016303699995,34.037979333000067],[-118.49083919699996,34.037535093000031],[-118.49151138799999,34.037084869000068],[-118.49217955899996,34.036628698000072],[-118.49284365399996,34.03616661500007],[-118.49350362299998,34.035698656000079],[-118.49415941199999,34.035224859000039],[-118.49481097099999,34.034745261000069],[-118.49545824899997,34.034259900000052],[-118.49610119299996,34.033768814000041],[-118.49673975499996,34.033272042000078],[-118.49737388099999,34.032769621000057],[-118.49800352599999,34.032261594000033],[-118.49862863499999,34.031747998000071],[-118.49924916299994,34.031228875000068],[-118.49986505999999,34.030704267000033],[-118.50047627699996,34.030174212000077],[-118.50108276599997,34.029638755000065],[-118.50168447899995,34.029097936000028],[-118.50228136899995,34.02855179900007],[-118.50287338799995,34.028000386000031],[-118.50346049099994,34.02744374100007],[-118.50404263099995,34.026881908000064],[-118.50461976199995,34.026314930000069],[-118.50519183799997,34.025742854000043],[-118.50575881499998,34.025165723000043],[-118.50632064799998,34.024583583000037],[-118.50687729399999,34.023996479000061],[-118.50742870699997,34.023404460000052],[-118.50797484399999,34.022807570000055],[-118.50851566199998,34.022205857000074],[-118.50905111999998,34.021599368000068],[-118.50958117299996,34.02098815100004],[-118.51010578199998,34.020372255000041],[-118.51062490499999,34.019751727000028],[-118.51113850099995,34.019126616000051],[-118.51164652799997,34.018496972000037],[-118.51214894899999,34.017862845000025],[-118.51264572099996,34.017224284000065],[-118.51313680699997,34.016581340000073],[-118.51362216799998,34.015934062000042],[-118.51410176599995,34.015282503000037],[-118.51457556299999,34.014626713000041],[-118.51504352099994,34.013966745000062],[-118.51550560399994,34.013302649000025],[-118.51596177499999,34.012634479000042],[-118.51641199799997,34.011962287000074],[-118.51685623899999,34.011286126000073],[-118.51729446099995,34.010606049000046],[-118.51772663099996,34.009922110000048],[-118.51815271499999,34.009234363000076],[-118.51857267799994,34.00854286200007],[-118.51898648799994,34.007847661000028],[-118.51939411199999,34.007148814000061],[-118.51979551799997,34.006446378000078],[-118.52019067599997,34.005740408000065],[-118.52057955199996,34.005030958000077],[-118.52096211599996,34.004318085000079],[-118.52133833999994,34.003601846000038],[-118.52170819199995,34.002882295000063],[-118.52207164399999,34.002159492000033],[-118.52242866799998,34.001433490000068],[-118.52277923399998,34.000704349000046],[-118.52312331599995,33.999972126000046],[-118.52346088699994,33.999236878000033],[-118.52379191799997,33.998498663000078],[-118.52411638599995,33.997757539000077],[-118.52443426399998,33.997013566000078],[-118.52474552699999,33.996266800000058],[-118.52505015099996,33.995517302000053],[-118.52534811099997,33.994765130000076],[-118.52563938599997,33.99401034300007],[-118.52592394899995,33.993253001000028],[-118.52620178099994,33.992493164000052],[-118.52647285799998,33.991730890000042],[-118.52673715999998,33.99096624200007],[-118.52699466599995,33.990199278000034],[-118.52724535499999,33.989430059000028],[-118.52748920799996,33.988658645000044],[-118.52772620599995,33.98788509700006],[-118.52795632999994,33.987109478000036],[-118.52817956099994,33.986331846000041],[-118.52839588199998,33.985552263000045],[-118.52860527699994,33.984770792000063],[-118.52880772799995,33.983987493000029],[-118.52900321999999,33.983202429000073],[-118.52919173599997,33.982415661000061],[-118.52937326399996,33.981627250000031],[-118.52954778799995,33.980837260000044],[-118.52971529399997,33.980045751000034],[-118.52987576899994,33.979252788000053],[-118.53002920199998,33.978458432000025],[-118.53017557799996,33.977662745000032],[-118.53031488799996,33.976865790000033],[-118.53044711899997,33.976067631000035],[-118.53057226199996,33.975268330000063],[-118.53069030599994,33.974467949000029],[-118.53080124399997,33.973666553000044],[-118.53090506499996,33.972864204000075],[-118.53100175999998,33.972060964000036],[-118.53109132399999,33.971256899000025],[-118.53117374999999,33.970452070000078],[-118.53124902899998,33.969646541000031],[-118.53131715699999,33.968840377000049],[-118.53137812799997,33.968033639000055],[-118.53143193699998,33.967226391000054],[-118.53147857999994,33.96641869900003],[-118.53151805299996,33.965610624000078],[-118.53155035399999,33.964802230000032],[-118.53157547999996,33.963993582000057],[-118.53159342799995,33.963184743000056],[-118.53160419799997,33.962375775000055],[-118.53160778599994,33.961566745000027],[-118.53160419699998,33.960757714000067],[-118.53159342699996,33.959948747000055],[-118.53157547899997,33.959139908000054],[-118.53155035399999,33.95833126000008],[-118.53151805299996,33.957522866000033],[-118.53147857899995,33.956714791000024],[-118.53143193599999,33.955907098000068],[-118.53137812599999,33.955099851000057],[-118.53131715499995,33.954293114000052],[-118.53124902799999,33.95348694900008],[-118.53117374899995,33.952681420000033],[-118.53109132399999,33.95187659100003],[-118.53100175899999,33.951072525000029],[-118.53090506199999,33.950269286000037],[-118.53080124199994,33.949466937000068],[-118.53069030399996,33.948665541000025],[-118.53057225999999,33.947865160000049],[-118.53044711599995,33.947065859000077],[-118.53031488499994,33.946267699000032],[-118.53017557499999,33.94547074500008],[-118.53002919899996,33.944675059000076],[-118.52987576599998,33.943880702000058],[-118.52971529099995,33.943087738000031],[-118.52954778499998,33.942296230000068],[-118.52937326099999,33.94150624100007],[-118.52919173299995,33.94071783000004],[-118.52900321599998,33.939931061000038],[-118.52880772399999,33.939145997000026],[-118.52860527299998,33.938362698000049],[-118.52839587799997,33.937581227000067],[-118.52817955699999,33.93680164400007],[-118.52795632499999,33.936024013000065],[-118.52772620099995,33.935248393000052],[-118.52748920399995,33.934474845000068],[-118.52724535099998,33.933703432000073],[-118.52699466099995,33.932934213000067],[-118.52673715599997,33.932167249000031],[-118.52647285299997,33.931402600000069],[-118.52620177499995,33.930640327000049],[-118.52592394299995,33.929880490000073],[-118.52563937999997,33.929123148000031],[-118.52534810599997,33.928368361000025],[-118.52505014499997,33.927616189000048],[-118.52474552099994,33.926866690000054],[-118.52443425899997,33.92611992500008],[-118.52411637999995,33.925375951000035],[-118.52379191199998,33.924634828000023],[-118.52346087999996,33.923896613000068],[-118.52312330899997,33.923161365000055],[-118.52277922799999,33.922429142000055],[-118.52242866099999,33.921700001000033],[-118.52207163699995,33.920974000000058],[-118.52170818599996,33.920251196000038],[-118.52133833299996,33.919531646000053],[-118.52096210899998,33.918815406000078],[-118.52057954399999,33.91810253400007],[-118.52019066799994,33.917393084000025],[-118.51979551099998,33.91668711300008],[-118.51939410499995,33.91598467700004],[-118.51898647999997,33.915285831000062],[-118.51857267099996,33.914590630000077],[-118.51815270699996,33.913899129000072],[-118.51772662299999,33.913211382000043],[-118.51729445299998,33.912527443000045],[-118.51685623099996,33.911847366000075],[-118.51641198999999,33.911171205000073],[-118.51596176599998,33.910499013000049],[-118.51550559499998,33.909830844000055],[-118.51504351199998,33.909166748000075],[-118.51457555399998,33.908506779000049],[-118.51410175699999,33.907850990000043],[-118.51362215899996,33.907199431000038],[-118.51313679799995,33.906552153000064],[-118.51264571199999,33.905909209000072],[-118.51214893899999,33.905270648000055],[-118.51164651899995,33.904636520000054],[-118.51113849099994,33.904006876000039],[-118.51062489599997,33.903381767000042],[-118.51010577299996,33.902761239000029],[-118.50958116399994,33.90214534200004],[-118.50905110899998,33.901534125000069],[-118.50851565199997,33.900927636000063],[-118.50797483299999,33.900325924000072],[-118.50742869599998,33.899729034000075],[-118.50687728399998,33.899137014000075],[-118.50632063899997,33.898549911000032],[-118.50575880599996,33.897967772000072],[-118.50519182799997,33.897390640000026],[-118.50461975099995,33.896818564000057],[-118.50404261999995,33.896251587000052],[-118.50346047999994,33.895689753000056],[-118.50287337799995,33.895133109000028],[-118.50228135799995,33.894581696000046],[-118.50168446799995,33.894035559000031],[-118.50108275399998,33.893494740000051],[-118.50047626599996,33.892959283000039],[-118.49986504899999,33.892429228000026],[-118.49924915299999,33.891904619000059],[-118.49862862499998,33.891385497000044],[-118.49800351399995,33.890871901000025],[-118.49737387099998,33.890363874000059],[-118.49673974199999,33.889861454000027],[-118.49610118199996,33.889364682000064],[-118.49545823699998,33.888873595000064],[-118.49481095899995,33.888388234000047],[-118.49415939999994,33.887908636000077],[-118.49350360999995,33.887434840000026],[-118.49284364199997,33.886966882000024],[-118.49217954699998,33.886504799000079],[-118.49151137699999,33.886048627000037],[-118.49083918399998,33.885598404000064],[-118.49016302399997,33.885154163000038],[-118.48948294699994,33.884715941000024],[-118.48879900799994,33.884283771000071],[-118.48811126099997,33.883857688000035],[-118.48741975899998,33.883437724000032],[-118.48672455799999,33.883023914000034],[-118.48602571199996,33.882616290000044],[-118.48532327599997,33.882214884000064],[-118.48461730499997,33.88181972700005],[-118.48390785599997,33.881430851000061],[-118.48319498299998,33.881048286000066],[-118.48247874299994,33.880672063000077],[-118.48175919299996,33.880302211000071],[-118.48103638899994,33.879938758000037],[-118.48031038799996,33.879581735000045],[-118.47958124699994,33.879231168000047],[-118.47884902399994,33.878887086000077],[-118.47811377499994,33.878549516000078],[-118.47737556099997,33.878218484000058],[-118.47663443699997,33.877894016000027],[-118.47589046399997,33.877576138000052],[-118.47514369799995,33.877264875000037],[-118.47439419999995,33.876960251000071],[-118.47364202699998,33.876662291000059],[-118.47288724099997,33.876371017000054],[-118.47212989899998,33.876086453000028],[-118.47137006199995,33.875808621000033],[-118.47060778799994,33.875537545000043],[-118.46984313899998,33.875273242000048],[-118.46907617599999,33.87501573600008],[-118.46830695599999,33.874765047000039],[-118.46753554199995,33.874521194000067],[-118.46676199499996,33.874284196000076],[-118.46598637499994,33.874054073000025],[-118.46520874299995,33.873830841000029],[-118.46442916099994,33.873614520000046],[-118.46364768999996,33.87340512600008],[-118.46286439099998,33.873202675000073],[-118.46207932699997,33.873007183000027],[-118.46129255899996,33.872818665000068],[-118.46050414699999,33.872637138000073],[-118.45971415699995,33.872462614000028],[-118.45892264899999,33.87229510800006],[-118.45812968499996,33.87213463300003],[-118.45733532999998,33.87198120100004],[-118.45653964199994,33.871834824000075],[-118.45574268799999,33.871695515000056],[-118.45494452899999,33.871563283000057],[-118.45414522699997,33.871438140000066],[-118.45334484799997,33.871320096000034],[-118.45254345099994,33.871209159000045],[-118.45174110099998,33.871105338000064],[-118.45093786199999,33.871008642000049],[-118.45013379699998,33.870919078000043],[-118.44932896699999,33.870836653000026],[-118.44852343999997,33.87076137400004],[-118.44771727399996,33.870693245000041],[-118.44691053599996,33.870632274000059],[-118.44610328899995,33.870578465000051],[-118.44529559599999,33.870531822000032],[-118.44448752099999,33.870492349000074],[-118.44367912799999,33.870460048000041],[-118.44287047899996,33.870434922000072],[-118.44206163999996,33.870416974000079],[-118.44125267299995,33.870406205000052],[-118.44044364299998,33.870402616000035],[-118.43963461199996,33.870406205000052],[-118.43882564499995,33.870416974000079],[-118.43801680499996,33.870434923000062],[-118.43720815799998,33.870460048000041],[-118.43639976399999,33.870492350000063],[-118.43559168899998,33.870531823000078],[-118.43478399599996,33.87057846600004],[-118.43397674899995,33.870632275000048],[-118.43317001099996,33.870693247000077],[-118.43236384599999,33.87076137400004],[-118.43155831799999,33.870836654000072],[-118.43075348899998,33.870919079000032],[-118.42994942299998,33.871008644000028],[-118.42914618399999,33.871105340000042],[-118.42834383499996,33.871209161000024],[-118.42754243799999,33.871320098000069],[-118.42674205799995,33.871438143000034],[-118.42594275699997,33.871563285000036],[-118.42514459699998,33.871695518000024],[-118.42434764199999,33.871834827000043],[-118.42355195599998,33.871981204000065],[-118.42275759899997,33.872134636000055],[-118.42196463599998,33.872295111000028],[-118.42117312799996,33.872462617000053],[-118.42038313699999,33.872637142000031],[-118.41959472799999,33.872818669000026],[-118.41880795899999,33.873007186000052],[-118.41802289399999,33.873202678000041],[-118.41723959599994,33.873405129000048],[-118.41645812499996,33.873614524000061],[-118.41567854299996,33.873830845000043],[-118.41490091099996,33.874054077000039],[-118.41412529099995,33.87428420100008],[-118.41335174399995,33.874521199000071],[-118.41258032999997,33.874765052000043],[-118.41181111099996,33.875015741000027],[-118.41104414699998,33.875273247000052],[-118.41027949699998,33.875537549000057],[-118.40951722399996,33.875808627000026],[-118.40875738699998,33.876086458000032],[-118.40800004499999,33.876371022000058],[-118.40724525899998,33.876662296000063],[-118.40649308599995,33.876960257000064],[-118.40574358799995,33.877264881000031],[-118.40499682299998,33.877576144000045],[-118.40425284899999,33.877894022000078],[-118.40351172499999,33.878218490000052],[-118.40277351099996,33.878549522000071],[-118.40203826299995,33.87888709200007],[-118.40130603999995,33.87923117400004],[-118.40057689899999,33.879581741000038],[-118.39985089799995,33.87993876400003],[-118.39912809399999,33.880302217000065],[-118.39840854399995,33.88067207000006],[-118.39769230399997,33.881048293000049],[-118.39697943099998,33.881430858000044],[-118.39626998199998,33.881819734000032],[-118.39556401099998,33.882214892000036],[-118.39486157499999,33.882616298000073],[-118.39416272899996,33.883023922000064],[-118.39346752799997,33.883437732000061],[-118.39277602699997,33.883857695000074],[-118.39208827899995,33.884283779000043],[-118.39140434099994,33.884715949000054],[-118.39072426299998,33.885154171000067],[-118.39004810299997,33.885598412000036],[-118.38937591099995,33.886048636000055],[-118.38870774099996,33.886504807000051],[-118.38804364599997,33.886966890000053],[-118.38738367699995,33.887434848000055],[-118.38672788699995,33.887908645000039],[-118.38607632799994,33.888388243000065],[-118.38542905099996,33.888873604000025],[-118.38478610699997,33.889364690000036],[-118.38414754499996,33.889861463000045],[-118.38351341799995,33.890363883000077],[-118.38288377499998,33.890871911000033],[-118.38225866399995,33.891385506000063],[-118.38163813599999,33.891904629000067],[-118.38102223899995,33.892429238000034],[-118.38041102299997,33.892959292000057],[-118.37980453399996,33.893494750000059],[-118.37920282099998,33.894035569000039],[-118.37860593099998,33.894581706000054],[-118.37801391099998,33.895133118000047],[-118.37742680899999,33.895689764000053],[-118.37684466899998,33.89625159700006],[-118.37626753799998,33.896818575000054],[-118.37569546099996,33.897390651000023],[-118.37512848399996,33.897967782000023],[-118.37456665099995,33.898549922000029],[-118.37401000699998,33.899137025000073],[-118.37345859299995,33.899729044000026],[-118.37291245699998,33.90032593400008],[-118.37237163799995,33.90092764700006],[-118.37183617999995,33.901534136000066],[-118.37130612599998,33.902145353000037],[-118.37078151699995,33.902761250000026],[-118.37026239499994,33.903381778000039],[-118.36974879899998,33.904006889000073],[-118.36924077099997,33.90463653200004],[-118.36873835199998,33.905270659000053],[-118.36824157999996,33.905909220000069],[-118.36775049299996,33.906552165000051],[-118.36726513199994,33.907199443000025],[-118.36678553399997,33.907851002000029],[-118.36631173799998,33.908506792000026],[-118.36584377999998,33.909166760000062],[-118.36538169599999,33.909830856000042],[-118.36492552499999,33.910499026000025],[-118.36447530099997,33.91117121800005],[-118.36403106099999,33.911847379000051],[-118.36359283899998,33.912527456000078],[-118.36316066899997,33.913211394000029],[-118.36273458499994,33.913899142000048],[-118.36231462199999,33.914590643000054],[-118.36190081199999,33.915285844000039],[-118.36149318799994,33.915984690000073],[-118.36109178099997,33.916687127000046],[-118.36069662399996,33.917393097000058],[-118.36030774899996,33.918102547000046],[-118.35992518399996,33.918815420000044],[-118.35954895999998,33.919531659000029],[-118.35917910799998,33.920251209000071],[-118.35881565599999,33.920974014000024],[-118.35845863199995,33.921700015000056],[-118.35810806599994,33.922429156000078],[-118.35776398399997,33.923161379000078],[-118.35742641399997,33.923896627000033],[-118.35709538199995,33.924634842000046],[-118.35677091299999,33.925375965000057],[-118.35645303499996,33.926119939000046],[-118.35614177299999,33.926866704000076],[-118.35583714899997,33.927616202000024],[-118.35553918799997,33.928368374000058],[-118.35524791499995,33.929123162000053],[-118.35496335099998,33.929880503000049],[-118.35468551999998,33.930640340000025],[-118.35441444199995,33.931402614000035],[-118.35415013999994,33.932167263000053],[-118.35389263399998,33.932934227000032],[-118.35364194499999,33.933703447000028],[-118.35339809099997,33.93447486000008],[-118.35316109399997,33.935248407000074],[-118.35293096999999,33.93602402700003],[-118.35270773899998,33.936801659000025],[-118.35249141799994,33.937581241000032],[-118.35228202399998,33.938362712000071],[-118.35207957199998,33.939146011000048],[-118.35188407999999,33.93993107600005],[-118.35169556299996,33.940717844000062],[-118.35151403599997,33.941506255000036],[-118.35133951099999,33.94229624500008],[-118.35117200599996,33.943087753000043],[-118.35101153099998,33.94388071700007],[-118.35085809799995,33.944675073000042],[-118.35071172199997,33.945470760000035],[-118.35057241199996,33.946267714000044],[-118.35044018099995,33.947065873000042],[-118.35031503899995,33.947865174000071],[-118.35019699399999,33.948665555000048],[-118.35008605599995,33.94946695200008],[-118.34998223599996,33.950269301000048],[-118.34988553999995,33.951072540000041],[-118.34979597599994,33.951876606000042],[-118.34971354999999,33.952681434000056],[-118.34963826999996,33.953486963000046],[-118.34957014299999,33.954293128000074],[-118.34950917199996,33.955099866000069],[-118.34945536299995,33.955907113000023],[-118.34940871999999,33.956714806000036],[-118.34936924599998,33.957522881000045],[-118.34933694599999,33.958331274000045],[-118.34931182099996,33.959139923000066],[-118.34929387199998,33.959948762000067],[-118.34928310299995,33.960757729000079],[-118.34927951299994,33.96156675900005],[-118.34928310299995,33.962375790000067],[-118.34929387299997,33.963184757000079],[-118.34931182099996,33.96399359600008],[-118.34933694699998,33.964802245000044],[-118.34936924699997,33.965610638000044],[-118.34940872099997,33.966418713000053],[-118.34945536399999,33.967226406000066],[-118.34950917299994,33.968033654000067],[-118.34957014399998,33.968840391000072],[-118.34963827199999,33.969646556000043],[-118.34971355099998,33.970452084000044],[-118.34979597699999,33.971256914000037],[-118.34988554099999,33.972060979000048],[-118.34998223799994,33.97286421900003],[-118.35008605899998,33.973666568000056],[-118.35019699599997,33.974467965000031],[-118.35031503999994,33.975268345000075],[-118.35044018299999,33.976067646000047],[-118.35057241499999,33.976865805000045],[-118.35071172399995,33.977662760000044],[-118.35085810099997,33.978458446000047],[-118.35101153399995,33.979252802000076],[-118.35117200899998,33.980045766000046],[-118.35133951499995,33.980837274000066],[-118.35151403899999,33.981627264000053],[-118.35169556699998,33.982415675000027],[-118.35188408399995,33.983202443000039],[-118.35207957599999,33.983987508000041],[-118.35228202799999,33.984770807000075],[-118.35249142199996,33.985552277000068],[-118.35270774399999,33.986331860000064],[-118.35293097399995,33.987109492000059],[-118.35316109799999,33.987885111000026],[-118.35339809599998,33.988658659000066],[-118.35364194899995,33.989430072000062],[-118.35389263799999,33.990199292000057],[-118.35415014399996,33.990966256000036],[-118.35441444599996,33.991730905000054],[-118.35468552499998,33.992493178000075],[-118.35496335699997,33.99325301500005],[-118.35524791999995,33.994010357000036],[-118.35553919399996,33.994765144000041],[-118.35583715399997,33.995517316000075],[-118.35614177799999,33.99626681400008],[-118.35645304099995,33.997013579000054],[-118.35677091999997,33.997757553000042],[-118.35709538799995,33.998498676000054],[-118.35742641999997,33.999236892000056],[-118.35776399099996,33.999972139000079],[-118.35810807199999,34.000704362000079],[-118.35845863899999,34.001433503000044],[-118.35881566299997,34.002159505000066],[-118.35917911499996,34.002882308000039],[-118.35954896699997,34.003601859000071],[-118.35992519099995,34.004318099000045],[-118.36030775599994,34.005030971000053],[-118.36069663199999,34.005740420000052],[-118.36109178899994,34.006446391000054],[-118.36149319599997,34.007148827000037],[-118.36190081999996,34.007847673000072],[-118.36231462899997,34.008542875000046],[-118.36273459299997,34.009234376000052],[-118.36316067699994,34.009922123000024],[-118.36359284699995,34.010606062000079],[-118.36403106899996,34.01128613800006],[-118.36447530999999,34.011962299000061],[-118.36492553399995,34.012634491000028],[-118.36538170399996,34.013302661000068],[-118.36584378799995,34.013966757000048],[-118.36631174699994,34.014626725000028],[-118.36678554199995,34.015282515000024],[-118.36726514099996,34.015934073000039],[-118.36775050099999,34.01658135100007],[-118.36824158799999,34.017224296000052],[-118.36873836099994,34.017862857000068],[-118.36924078099997,34.018496984000024],[-118.36974880899999,34.019126628000038],[-118.37026240399996,34.019751738000025],[-118.37078152699996,34.020372266000038],[-118.37130613499994,34.020988162000037],[-118.37183618999995,34.021599379000065],[-118.37237164799996,34.022205868000071],[-118.37291246699999,34.022807581000052],[-118.37345860399995,34.023404471000049],[-118.37401001699999,34.023996491000048],[-118.37456666099996,34.024583593000045],[-118.37512849499996,34.025165733000051],[-118.37569547199996,34.025742864000051],[-118.37626754799999,34.026314940000077],[-118.37684467999998,34.026881918000072],[-118.37742681999998,34.027443751000078],[-118.37801392299997,34.028000396000039],[-118.37860594199998,34.028551809000078],[-118.37920283199998,34.029097945000046],[-118.37980454599995,34.029638764000026],[-118.38041103399996,34.030174222000028],[-118.38102224999994,34.030704276000051],[-118.38163814799998,34.031228885000075],[-118.38225867499995,34.031748008000079],[-118.38288378599998,34.032261603000052],[-118.38351342999999,34.032769631000065],[-118.38414755799994,34.03327205100004],[-118.38478611899995,34.033768823000059],[-118.38542906299995,34.03425990900007],[-118.38607634099998,34.03474527000003],[-118.38672789999998,34.035224868000057],[-118.38738368899999,34.035698665000041],[-118.38804365799996,34.036166623000042],[-118.38870775399994,34.036628706000045],[-118.38937592299999,34.037084877000041],[-118.39004811499996,34.037535100000071],[-118.39072427599996,34.037979341000039],[-118.39140435299998,34.038417564000042],[-118.39208829199998,34.038849734000053],[-118.39277603899995,34.039275817000032],[-118.39346754099995,34.039695781000034],[-118.39416274199999,34.040109590000043],[-118.39486158699998,34.040517214000033],[-118.39556402399995,34.04091862100006],[-118.39626999399997,34.041313778000074],[-118.39697944499994,34.041702653000073],[-118.39769231699995,34.042085218000068],[-118.39840855699998,34.042461442000047],[-118.39912810699997,34.042831294000052],[-118.39985091099999,34.04319474700003],[-118.40057691199996,34.043551770000079],[-118.40130605299998,34.043902336000031],[-118.40203827599998,34.044246419000046],[-118.40277352399994,34.044583989000046],[-118.40351173899995,34.044915021000065],[-118.40425286199996,34.045239489000039],[-118.40499683699994,34.045557367000072],[-118.40574360199997,34.045868630000029],[-118.40649309999998,34.046173253000063],[-118.40724527199995,34.046471214000064],[-118.40800005899996,34.046762487000024],[-118.40875740099995,34.04704705100005],[-118.40951723899997,34.047324883000044],[-118.41027951099994,34.047595960000024],[-118.41104415999996,34.047860262000029],[-118.41181112399994,34.048117768000054],[-118.41258034399999,34.048368457000038],[-118.41335175699999,34.048612311000056],[-118.41412530499997,34.048849309000047],[-118.41490092499998,34.049079432000042],[-118.41567855699998,34.049302663000049],[-118.41645813899999,34.049518984000031],[-118.41723960999997,34.049728379000044],[-118.41802290799995,34.049930830000051],[-118.41880797299996,34.05012632100005],[-118.41959474199996,34.050314839000066],[-118.42038315299999,34.050496366000061],[-118.42117314199999,34.050670890000049],[-118.42196465099994,34.050838397000064],[-118.42275761499997,34.050998872000036],[-118.42355196999995,34.051152304000027],[-118.42434765699994,34.051298680000059],[-118.42514461199994,34.051437990000068],[-118.42594277099994,34.051570221000077],[-118.42674207199997,34.051695364000068],[-118.42754245199995,34.051813408000044],[-118.42834384899999,34.051924345000032],[-118.42914619799996,34.052028166000071],[-118.42994943799999,34.052124863000074],[-118.43075350399999,34.052214427000024],[-118.43155833199995,34.05229685200004],[-118.43236385999995,34.052372131000027],[-118.43317002599997,34.052440259000036],[-118.43397676399996,34.052501230000075],[-118.43478401099998,34.052555039000026],[-118.43559170299994,34.052601682000045],[-118.43639977799995,34.05264115600005],[-118.43720817199994,34.052673457000026],[-118.43801682099996,34.052698582000062],[-118.43882565999996,34.052716530000055],[-118.43963462699998,34.052727300000072],[-118.44044365799999,34.052730889000031]]]},"properties":{"OBJECTID":22,"bid":22,"zone_id":"VIP003","zone_name":"Vip","restrict":"Flight Restricted Airspace","note":"Valid time: Sat, Jun 27, 2026, daily 3:00 AM-4:30 AM; No person may operate a small unmanned aircraft in restricted airspace unless that person has permission from the appropriate authority. Individuals violating any of these restrictions may be subject","flight_cei":0,"height_met":0,"Area":267.57582226382709,"shape_":"面"}},{"type":"Feature","id":23,"geometry":{"type":"Polygon","coordinates":[[[-118.37742221599996,34.035325406000027],[-118.37804855199994,34.035321822000071],[-118.37867480599999,34.035311070000034],[-118.37930089699995,34.035293151000076],[-118.37992674099996,34.03526806900004],[-118.38055225699998,34.035235825000029],[-118.38117736299995,34.035196425000038],[-118.38180197699995,34.03514987300008],[-118.38242601799999,34.035096176000025],[-118.38304940399996,34.035035340000036],[-118.38367205099996,34.034967375000065],[-118.38429388099996,34.034892288000037],[-118.38491480999994,34.034810089000075],[-118.38553475899994,34.034720789000062],[-118.38615364399999,34.034624400000041],[-118.38677138599996,34.034520934000057],[-118.38738790299999,34.034410406000063],[-118.38800311499995,34.034292830000027],[-118.38861694099995,34.034168219000037],[-118.38922929999995,34.034036593000053],[-118.38984011399998,34.03389796600004],[-118.39044930099999,34.033752358000072],[-118.39105678099997,34.03359978800006],[-118.39166247599996,34.033440276000078],[-118.39226630499996,34.033273842000028],[-118.39286818999994,34.033100508000075],[-118.39346805099996,34.032920298000079],[-118.39406581199995,34.032733234000034],[-118.39466139199999,34.032539341000074],[-118.39525471399998,34.032338645000038],[-118.39584570099998,34.032131172000049],[-118.39643427399994,34.031916949000049],[-118.39702035699997,34.031696004000025],[-118.39760387199999,34.03146836600007],[-118.39818474499998,34.031234064000046],[-118.39876289799997,34.030993131000059],[-118.39933825699995,34.030745596000031],[-118.39991074399995,34.030491493000056],[-118.40048028499996,34.03023085500007],[-118.40104680599995,34.029963716000054],[-118.40161023399997,34.029690110000047],[-118.40217049299997,34.029410074000054],[-118.40272750999998,34.029123645000027],[-118.40328121399995,34.028830860000028],[-118.40383152799996,34.028531757000053],[-118.40437838599996,34.028226375000031],[-118.40492171099999,34.02791475500004],[-118.40546143499995,34.027596937000055],[-118.40599748599999,34.02727296300003],[-118.40652979499998,34.026942876000078],[-118.40705829099994,34.026606718000039],[-118.40758290499997,34.026264534000063],[-118.40810356899999,34.025916368000026],[-118.40862021399994,34.025562266000065],[-118.40913277199996,34.025202274000037],[-118.40964117699997,34.024836441000048],[-118.41014536199998,34.024464813000066],[-118.41064526099996,34.024087439000027],[-118.41114080899996,34.02370436800004],[-118.41163193899996,34.023315652000065],[-118.41211858899999,34.02292133900005],[-118.41260069399999,34.022521484000038],[-118.41307819199994,34.022116137000069],[-118.41355101999994,34.021705352000026],[-118.41401911499997,34.021289183000079],[-118.41448241499995,34.020867683000063],[-118.41494086299997,34.020440909000058],[-118.41539439599995,34.020008917000041],[-118.41584295599995,34.019571761000066],[-118.41628648199998,34.019129501000066],[-118.41672491899999,34.018682194000064],[-118.41715820799999,34.018229899000062],[-118.41758629199995,34.01777267500006],[-118.41800911499996,34.017310581000061],[-118.41842662199997,34.016843678000043],[-118.41883875799999,34.016372028000035],[-118.41924546999996,34.015895693000061],[-118.41964670299996,34.015414733000057],[-118.42004240499995,34.014929214000063],[-118.42043252599996,34.014439197000058],[-118.42081701299998,34.013944747000039],[-118.42119581499998,34.013445930000046],[-118.42156888499994,34.012942811000073],[-118.42193617099997,34.012435455000059],[-118.42229762799997,34.011923928000044],[-118.42265320599995,34.011408298000049],[-118.42300286099999,34.010888633000036],[-118.42334654399997,34.010365000000036],[-118.42368421299994,34.009837468000057],[-118.42401582199994,34.009306106000054],[-118.42434132799997,34.00877098400008],[-118.42466068899995,34.008232171000031],[-118.42497386099996,34.007689739000057],[-118.42528080599999,34.007143758000041],[-118.42558148299997,34.006594300000074],[-118.42587585099994,34.006041438000068],[-118.42616387199996,34.005485242000077],[-118.42644550999995,34.004925787000047],[-118.42672072699997,34.00436314500007],[-118.42698948599997,34.003797390000045],[-118.42725175299995,34.003228596000042],[-118.42750749299995,34.002656838000064],[-118.42775667199999,34.002082191000056],[-118.42799925899999,34.001504730000079],[-118.42823522099997,34.000924529000031],[-118.42846452799995,34.000341667000043],[-118.42868714799999,33.999756219000062],[-118.42890305499998,33.999168261000079],[-118.42911221799994,33.998577870000076],[-118.42931461099994,33.997985124000024],[-118.42951020699996,33.997390102000054],[-118.42969897999996,33.996792879000054],[-118.42988090599999,33.996193536000078],[-118.43005596099999,33.995592149000061],[-118.43022412099998,33.994988799000055],[-118.43038536699999,33.994383563000042],[-118.43053967399999,33.993776521000029],[-118.43068702399995,33.993167754000069],[-118.43082739699997,33.992557340000076],[-118.43096077499996,33.991945359000056],[-118.43108714199997,33.991331892000062],[-118.43120647699999,33.990717019000044],[-118.43131876999996,33.990100821000055],[-118.43142400199997,33.989483377000056],[-118.43152216099998,33.988864770000077],[-118.43161323399994,33.98824508000007],[-118.43169720899999,33.987624388000029],[-118.43177407499996,33.987002776000054],[-118.43184382199996,33.986380325000027],[-118.43190643999998,33.985757116000059],[-118.43196192299996,33.985133232000067],[-118.43201026199995,33.984508753000057],[-118.43205145099995,33.983883762000062],[-118.43208548299998,33.983258341000067],[-118.43211235699999,33.982632572000057],[-118.43213206599995,33.982006535000039],[-118.43214460999997,33.981380314000035],[-118.43214998599996,33.980753990000039],[-118.43214819399998,33.980127646000028],[-118.43213923399998,33.979501364000043],[-118.43212310599995,33.978875225000024],[-118.43209981499996,33.97824931100007],[-118.43206935999996,33.977623705000042],[-118.43203174899998,33.976998489000039],[-118.43198698499998,33.976373744000057],[-118.43193507399997,33.975749553000071],[-118.43187602199998,33.975125997000077],[-118.43180983799999,33.974503156000026],[-118.43173653099996,33.973881114000051],[-118.43165610799997,33.973259952000035],[-118.43156858299994,33.972639751000031],[-118.43147396499995,33.972020593000025],[-118.43137226799996,33.971402557000033],[-118.43126350399996,33.970785726000031],[-118.43114768799995,33.970170180000025],[-118.43102483399997,33.969556001000058],[-118.43089495999999,33.968943267000043],[-118.43075808199995,33.968332059000033],[-118.43061421699997,33.967722458000026],[-118.43046338599999,33.967114543000037],[-118.43030560699998,33.966508395000062],[-118.43014090199995,33.965904092000073],[-118.42996929099996,33.965301714000077],[-118.42979079799994,33.964701339000044],[-118.42960544499999,33.964103046000048],[-118.42941325799995,33.96350691300006],[-118.42921425999998,33.96291302000003],[-118.42900847799996,33.962321442000075],[-118.42879593999999,33.96173225800004],[-118.42857667199996,33.961145545000079],[-118.42835070499996,33.960561381000048],[-118.42811806699996,33.959979839000027],[-118.42787878799999,33.959401000000071],[-118.42763290099998,33.958824935000052],[-118.42738043699995,33.958251724000036],[-118.42712142999994,33.957681439000055],[-118.42685591199995,33.957114156000046],[-118.42658391899994,33.956549948000031],[-118.42630548699998,33.955988890000071],[-118.42602065399996,33.955431055000076],[-118.42572945299997,33.954876517000059],[-118.42543192699998,33.954325348000054],[-118.42512811099999,33.953777620000039],[-118.42481804699997,33.953233405000049],[-118.42450177399996,33.952692773000024],[-118.42417933499996,33.952155797000046],[-118.42385077299997,33.951622547000056],[-118.42351612799996,33.951093090000029],[-118.42317544599996,33.950567500000034],[-118.42282877099996,33.950045842000065],[-118.42247614899998,33.949528186000066],[-118.42211762599999,33.949014600000055],[-118.42175324799996,33.948505150000074],[-118.42138306499999,33.947999904000028],[-118.42100712199999,33.947498927000026],[-118.42062547099999,33.947002286000043],[-118.42023816199998,33.946510045000025],[-118.41984524299994,33.946022269000025],[-118.41944676899999,33.945539021000059],[-118.41904278999999,33.945060366000064],[-118.41863335899995,33.944586365000077],[-118.41821853099998,33.944117082000048],[-118.41779835799997,33.943652575000044],[-118.41737289799994,33.943192909000061],[-118.41694220399995,33.942738142000053],[-118.41650633399996,33.942288334000068],[-118.41606534599998,33.941843543000061],[-118.41561929499994,33.941403828000034],[-118.41516824099995,33.940969247000055],[-118.41471224399999,33.940539857000033],[-118.41425136199996,33.940115713000068],[-118.41378565599996,33.93969687200007],[-118.41331518699997,33.939283388000035],[-118.41284001599996,33.938875315000075],[-118.41236020699995,33.938472708000063],[-118.41187582099997,33.938075618000028],[-118.41138692299995,33.937684097000044],[-118.41089357599998,33.937298197000075],[-118.41039584499998,33.936917968000046],[-118.40989379499996,33.936543462000031],[-118.40938749099996,33.936174725000058],[-118.40887699999996,33.93581180700005],[-118.40836238999998,33.935454754000034],[-118.40784372799999,33.93510361500006],[-118.40732108099996,33.934758434000059],[-118.40679451599999,33.934419257000059],[-118.40626410599998,33.934086129000036],[-118.40572991699997,33.933759094000038],[-118.40519202099995,33.933438193000029],[-118.40465048599998,33.933123468000076],[-118.40410538599997,33.932814963000055],[-118.40355679099997,33.932512716000076],[-118.40300477299996,33.932216766000067],[-118.40244940299999,33.93192715400005],[-118.40189075599994,33.931643917000031],[-118.40132890399997,33.931367093000063],[-118.40076392099996,33.93109671600007],[-118.40019587899997,33.93083282200007],[-118.39962485499996,33.93057544800007],[-118.39905092299995,33.930324625000026],[-118.39847415799994,33.930080387000032],[-118.39789463599999,33.929842766000036],[-118.39731243199998,33.92961179200006],[-118.39672762299995,33.92938749700005],[-118.39614028599999,33.929169909000052],[-118.39555049599994,33.928959058000032],[-118.39495833199999,33.928754970000057],[-118.39436387099994,33.928557672000068],[-118.39376719099994,33.928367191000063],[-118.39316836999996,33.928183551000075],[-118.39256748699995,33.928006777000064],[-118.39196461999995,33.927836890000037],[-118.39135984799998,33.927673914000025],[-118.39075324999999,33.927517871000077],[-118.39014490699998,33.927368779000062],[-118.38953489699998,33.927226660000031],[-118.38892330099998,33.927091532000077],[-118.38831019799994,33.926963411000031],[-118.38769566899998,33.926842316000034],[-118.38707979299994,33.926728261000051],[-118.38646265399996,33.926621263000072],[-118.38584432999994,33.926521333000039],[-118.38522490399998,33.926428488000056],[-118.38460445399994,33.926342737000027],[-118.38398306499994,33.926264094000032],[-118.38336081499995,33.926192565000065],[-118.38273778899998,33.926128164000033],[-118.38211406599999,33.926070897000045],[-118.38148972799996,33.926020772000072],[-118.38086485799994,33.925977795000051],[-118.38023953699997,33.925941973000079],[-118.37961384599998,33.925913309000066],[-118.37898786799997,33.925891808000074],[-118.37836168599995,33.925877473000071],[-118.37773537999999,33.925870305000046],[-118.37710903399994,33.925870305000046],[-118.37648272799998,33.925877473000071],[-118.37585654599997,33.925891808000074],[-118.37523056799995,33.925913310000055],[-118.37460487699997,33.925941974000068],[-118.37397955599999,33.925977796000041],[-118.37335468599997,33.926020773000062],[-118.37273034799995,33.926070898000035],[-118.37210662499996,33.92612816500008],[-118.37148359799994,33.926192567000044],[-118.37086134899999,33.926264094000032],[-118.37023995999999,33.926342739000063],[-118.36961951099994,33.926428489000045],[-118.36900008399999,33.926521335000075],[-118.36838175999998,33.926621264000062],[-118.36776461999995,33.92672826200004],[-118.36714874599994,33.92684231700008],[-118.36653421599999,33.926963412000077],[-118.36592111399995,33.927091533000066],[-118.36530951799995,33.927226662000066],[-118.36469950699995,33.927368781000041],[-118.36409116399994,33.927517873000056],[-118.36348456699994,33.92767391600006],[-118.36287979399998,33.927836892000073],[-118.36227692799997,33.928006779000043],[-118.36167604399998,33.928183554000043],[-118.36107722299994,33.928367194000032],[-118.36048054299999,33.928557675000036],[-118.35988608299999,33.928754973000025],[-118.35929391899998,33.928959060000068],[-118.35870412999998,33.929169913000067],[-118.35811679099999,33.929387500000075],[-118.35753198299994,33.929611795000028],[-118.35694977799994,33.929842769000061],[-118.35637025599999,33.930080390000057],[-118.35579349099999,33.93032462900004],[-118.35521955899998,33.930575452000028],[-118.35464853599996,33.930832827000074],[-118.35408049499995,33.931096720000028],[-118.35351551099996,33.931367097000077],[-118.35295365899998,33.931643922000035],[-118.35239501199999,33.931927158000065],[-118.35183964199996,33.932216771000071],[-118.35128762399995,33.932512720000034],[-118.35073902899995,33.93281496700007],[-118.35019392899994,33.93312347300008],[-118.34965239499996,33.933438197000044],[-118.34911449899994,33.933759098000053],[-118.34858030999999,33.93408613400004],[-118.34804989899999,33.934419262000063],[-118.34752333599999,33.934758439000063],[-118.34700068799998,33.935103619000074],[-118.34648202499994,33.935454759000038],[-118.34596741499996,33.935811811000065],[-118.34545692399996,33.936174730000062],[-118.34495062099995,33.936543467000035],[-118.34444857199998,33.936917974000039],[-118.34395083999999,33.937298202000079],[-118.34345749299996,33.937684103000038],[-118.34296859499995,33.938075623000032],[-118.34248420899996,33.938472714000056],[-118.34200439999995,33.938875321000069],[-118.34152922899995,33.939283394000029],[-118.34105876099994,33.939696879000053],[-118.34059305399995,33.940115719000062],[-118.34013217299997,33.940539863000026],[-118.33967617499997,33.940969254000038],[-118.33922512099997,33.941403835000074],[-118.33877906999999,33.941843549000055],[-118.33833808199995,33.942288339000072],[-118.33790221199996,33.942738148000046],[-118.33747151899996,33.943192916000044],[-118.33704605799994,33.943652583000073],[-118.33662588699997,33.944117088000041],[-118.33621105799995,33.94458637200006],[-118.33580162699997,33.945060373000047],[-118.33539764899996,33.945539028000042],[-118.33499917399996,33.946022276000065],[-118.33460625599997,33.946510052000065],[-118.33421894599996,33.947002293000025],[-118.33383729499997,33.947498935000056],[-118.33346135299996,33.947999911000068],[-118.33309116899994,33.948505157000056],[-118.33272679099997,33.949014607000038],[-118.33236826899997,33.949528194000038],[-118.33201564599995,33.950045849000048],[-118.33166897199999,33.950567507000073],[-118.33132828999999,33.951093098000058],[-118.33099364599997,33.951622554000039],[-118.33066508299999,33.952155805000075],[-118.33034264399998,33.952692781000053],[-118.33002637299995,33.953233412000031],[-118.32971630799995,33.953777627000079],[-118.32941249199996,33.954325355000037],[-118.32911496499997,33.954876524000042],[-118.32882376599997,33.955431063000049],[-118.32853893099997,33.955988898000044],[-118.32826049999994,33.956549955000071],[-118.32798850699999,33.957114163000028],[-118.32772299099997,33.957681447000027],[-118.32746398199998,33.958251732000065],[-118.32721151799996,33.958824944000071],[-118.32696563199994,33.959401008000043],[-118.32672635299997,33.959979848000046],[-118.32649371399998,33.960561388000031],[-118.32626774699997,33.961145554000041],[-118.32604847899995,33.96173226600007],[-118.32583594199997,33.962321451000037],[-118.32563016099999,33.96291302800006],[-118.32543116299996,33.963506921000032],[-118.32523897499999,33.964103054000077],[-118.32505362199998,33.964701348000062],[-118.32487512899996,33.965301722000049],[-118.32470351899997,33.965904101000035],[-118.32453881299995,33.966508404000024],[-118.32438103499999,33.967114552000055],[-118.32423020299996,33.967722467000044],[-118.32408633899996,33.968332068000052],[-118.32394946099998,33.968943275000072],[-118.32381958699995,33.96955600900003],[-118.32369673299996,33.970170189000044],[-118.32358091699996,33.970785735000049],[-118.32347215399994,33.971402566000052],[-118.32337045699995,33.972020601000054],[-118.32327583899996,33.97263976000005],[-118.32318831299995,33.973259961000053],[-118.32310789099995,33.973881123000069],[-118.32303458299998,33.974503165000044],[-118.32296839999998,33.97512600500005],[-118.32290934799994,33.975749562000033],[-118.32285743799997,33.976373754000065],[-118.32281267299999,33.976998498000057],[-118.32277506099996,33.97762371400006],[-118.32274460699995,33.978249320000032],[-118.32272131599996,33.978875234000043],[-118.32270518799999,33.979501373000062],[-118.32269622899997,33.980127656000036],[-118.32269443699994,33.980753999000058],[-118.32269981299999,33.981380323000053],[-118.32271235699994,33.982006544000058],[-118.32273206699995,33.982632581000075],[-118.32275894099996,33.983258350000028],[-118.32279297399998,33.98388377200007],[-118.32283416199999,33.984508762000075],[-118.32288249999999,33.985133240000039],[-118.32293798299997,33.985757125000077],[-118.32300060199998,33.986380334000046],[-118.32307034899998,33.987002785000072],[-118.32314721499995,33.987624397000047],[-118.32323118999994,33.988245088000042],[-118.32332226299997,33.988864779000039],[-118.32342042199997,33.989483386000074],[-118.32352565499997,33.990100829000028],[-118.32363794699995,33.990717027000073],[-118.32375728299996,33.991331900000034],[-118.32388364899998,33.991945368000074],[-118.32401702799996,33.992557348000048],[-118.32415740099998,33.993167762000041],[-118.32430475099994,33.993776530000048],[-118.32445905899999,33.994383571000071],[-118.32462030399995,33.994988807000027],[-118.32478846499998,33.995592157000033],[-118.32496351899999,33.99619354400005],[-118.32514544499998,33.996792888000073],[-118.32533421899996,33.997390110000026],[-118.32552981499998,33.997985134000032],[-118.32573220799998,33.998577879000038],[-118.32594137099994,33.999168269000052],[-118.32615727699999,33.999756227000034],[-118.32637989899996,34.000341676000062],[-118.32660920499995,34.000924538000049],[-118.32684516799998,34.001504738000051],[-118.32708775499998,34.002082199000029],[-118.32733693399996,34.002656846000036],[-118.32759267399996,34.003228604000071],[-118.32785494099994,34.003797397000028],[-118.32812369999999,34.004363153000043],[-118.32839891599997,34.004925795000077],[-118.32868055499995,34.005485250000049],[-118.32896857599997,34.00604144600004],[-118.32926294399999,34.006594308000047],[-118.32956362099998,34.00714376600007],[-118.32987056599995,34.007689747000029],[-118.33018373899995,34.008232179000061],[-118.33050309999999,34.008770991000063],[-118.33082860599995,34.009306114000026],[-118.33116021499995,34.00983747500004],[-118.33149788299994,34.010365007000075],[-118.33184156799996,34.010888640000076],[-118.33219122199995,34.011408306000078],[-118.33254679999999,34.011923935000027],[-118.33290825599994,34.012435462000042],[-118.33327554299996,34.012942818000056],[-118.33364861299998,34.013445937000029],[-118.33402741499998,34.013944755000068],[-118.33441190199994,34.014439204000041],[-118.33480202299995,34.014929221000045],[-118.33519772499994,34.01541474000004],[-118.33559895899998,34.015895699000055],[-118.33600567099995,34.016372035000074],[-118.33641780699998,34.016843685000026],[-118.33683531399998,34.017310588000043],[-118.33725813699999,34.017772681000054],[-118.33768622099996,34.018229905000055],[-118.33811950999996,34.018682201000047],[-118.33855794599998,34.019129508000049],[-118.33900147399999,34.019571768000048],[-118.33945003299999,34.020008922000045],[-118.33990356599998,34.020440915000052],[-118.34036201399999,34.020867689000056],[-118.34082531599995,34.021289189000072],[-118.34129340999999,34.021705358000077],[-118.34176623799999,34.022116143000062],[-118.34224373599994,34.022521490000031],[-118.34272584099995,34.022921345000043],[-118.34321249099997,34.023315657000069],[-118.34370362099997,34.023704373000044],[-118.34419916899998,34.024087444000031],[-118.34469906699996,34.024464818000069],[-118.34520325199998,34.024836446000052],[-118.34571165799997,34.02520228000003],[-118.34622421699999,34.025562271000069],[-118.34674086199999,34.02591637300003],[-118.34726152499996,34.026264538000078],[-118.34778613999998,34.026606722000054],[-118.34831463599994,34.026942880000036],[-118.34884694399994,34.027272968000034],[-118.34938299599997,34.02759694100007],[-118.34992271999994,34.027914760000044],[-118.35046604499996,34.028226380000035],[-118.35101290199998,34.028531761000067],[-118.35156321799997,34.028830863000053],[-118.35211691999996,34.029123649000041],[-118.35267393799995,34.029410078000069],[-118.35323419699995,34.029690114000061],[-118.35379762399998,34.029963719000079],[-118.35436414599997,34.030230859000028],[-118.35493368799996,34.030491497000071],[-118.35550617499996,34.030745600000046],[-118.35608153299995,34.030993135000074],[-118.35665968499995,34.03123406800006],[-118.35724055899999,34.031468369000038],[-118.35782407499994,34.03169600700005],[-118.35841015699998,34.031916952000074],[-118.35899872999994,34.032131175000075],[-118.35958971799994,34.032338649000053],[-118.36018303999998,34.032539345000032],[-118.36077861899997,34.03273323600007],[-118.36137637999997,34.032920301000047],[-118.36197624099998,34.033100511000043],[-118.36257812699995,34.033273844000064],[-118.36318195599995,34.033440278000057],[-118.36378764999995,34.033599790000039],[-118.36439513099998,34.033752360000051],[-118.36500431699994,34.033897968000076],[-118.36561512999998,34.034036594000042],[-118.36622749099996,34.034168221000073],[-118.36684131599998,34.034292831000073],[-118.36745652899998,34.034410408000042],[-118.36807304599995,34.034520936000035],[-118.36869078699999,34.034624402000077],[-118.36930967299998,34.034720790000051],[-118.36992962099998,34.034810090000065],[-118.37055055099995,34.034892289000027],[-118.37117237999996,34.034967376000054],[-118.37179502899994,34.035035341000025],[-118.37241841399998,34.035096177000071],[-118.37304245499996,34.035149874000069],[-118.37366706799997,34.035196425000038],[-118.37429217499999,34.035235825000029],[-118.37491769099995,34.03526806900004],[-118.37554353499996,34.035293152000065],[-118.37616962599998,34.035311070000034],[-118.37679587999997,34.035321822000071],[-118.37742221599996,34.035325406000027]]]},"properties":{"OBJECTID":23,"bid":23,"zone_id":"SEC001","zone_name":"Security","restrict":"Flight Restricted Airspace","note":"Valid time: Mon, Jun 29, 2026, daily 12:00 AM-9:00 AM; No person may operate a small unmanned aircraft in restricted airspace unless that person has permission from the appropriate authority. Individuals violating any of these restrictions may be subject","flight_cei":0,"height_met":0,"Area":96.405636649579179,"shape_":"面"}},{"type":"Feature","id":24,"geometry":{"type":"Polygon","coordinates":[[[-118.37480075499997,33.869322902000079],[-118.37516096799999,33.869319320000045],[-118.37552103899998,33.869308578000073],[-118.37588082499997,33.869290678000027],[-118.37624018399998,33.869265630000029],[-118.37659897399999,33.869233440000073],[-118.37695705299996,33.869194125000035],[-118.37731427899996,33.869147697000074],[-118.37767051199995,33.869094176000033],[-118.37802560999995,33.869033583000032],[-118.37837943399995,33.868965941000056],[-118.37873184199998,33.868891279000024],[-118.37908269699994,33.86880962400005],[-118.37943185899996,33.868721010000058],[-118.37977918899998,33.86862547100003],[-118.38012455199998,33.868523045000074],[-118.38046780999997,33.868413773000043],[-118.38080882699995,33.868297699000038],[-118.38114746999997,33.868174866000061],[-118.38148360299999,33.868045325000026],[-118.38181709399998,33.867909127000075],[-118.38214781099998,33.867766325000048],[-118.38247562399999,33.867616976000079],[-118.38280040299998,33.867461139000056],[-118.38312201899998,33.867298874000028],[-118.38344034499994,33.867130248000024],[-118.38375525499998,33.866955327000028],[-118.38406662499995,33.866774178000071],[-118.38437433299998,33.866586875000053],[-118.38467825599997,33.866393491000053],[-118.38497827299994,33.866194102000065],[-118.38527426799999,33.865988788000038],[-118.38556612099995,33.865777630000025],[-118.38585371799996,33.865560710000068],[-118.38613694599997,33.865338115000043],[-118.38641569299995,33.865109934000031],[-118.38668984599997,33.864876254000023],[-118.38695929999994,33.864637171000027],[-118.38722394699994,33.864392777000035],[-118.38748368299997,33.864143170000034],[-118.38773840499999,33.863888449000058],[-118.38798801199999,33.863628713000026],[-118.38823240499994,33.863364066000031],[-118.38847148899998,33.863094612000054],[-118.38870516699996,33.862820457000055],[-118.38893334899996,33.862541711000063],[-118.38915594399998,33.862258483000062],[-118.38937286299995,33.861970886000051],[-118.38958402299994,33.86167903300003],[-118.38978933599998,33.861383038000042],[-118.38998872499997,33.86108302100007],[-118.39018210899997,33.86077909800008],[-118.39036941199998,33.860471391000033],[-118.39055056099994,33.86016002100007],[-118.39072548199999,33.859845109000048],[-118.39089410899999,33.859526783000035],[-118.39105637199998,33.859205167000027],[-118.39121220899995,33.858880389000035],[-118.39136155799997,33.858552576000079],[-118.39150435999994,33.858221858000036],[-118.39164055799995,33.857888367000044],[-118.39177009899998,33.857552234000025],[-118.39189293199996,33.857213592000051],[-118.39200900699996,33.856872575000068],[-118.39211827799994,33.856529317000025],[-118.39222070399995,33.856183954000073],[-118.39231624299998,33.855836623000073],[-118.39240485699997,33.855487461000052],[-118.39248651199995,33.855136607000077],[-118.39256117499997,33.854784199000051],[-118.39262881599996,33.854430375000049],[-118.39268940899996,33.854075277000049],[-118.39274292899995,33.853719044000059],[-118.39278935799996,33.853361817000064],[-118.39282867399999,33.853003738000041],[-118.39286086199996,33.852644948000034],[-118.39288591099995,33.852285589000076],[-118.39290381099994,33.851925803000029],[-118.39291455299997,33.85156573200004],[-118.39291813499995,33.851205519000075],[-118.39291455299997,33.850845306000053],[-118.39290381099994,33.850485235000065],[-118.39288591199994,33.850125449000075],[-118.39286086199996,33.84976609000006],[-118.39282867299994,33.849407300000053],[-118.39278935699997,33.84904922100003],[-118.39274292999994,33.848691995000024],[-118.39268940799997,33.848335761000044],[-118.39262881499997,33.847980664000033],[-118.39256117299999,33.847626840000032],[-118.39248651099996,33.847274432000063],[-118.39240485699997,33.846923577000041],[-118.39231624199999,33.846574415000077],[-118.39222070299996,33.846227084000077],[-118.39211827799994,33.845881722000058],[-118.39200900599997,33.845538464000072],[-118.39189293099997,33.845197446000043],[-118.39177009799994,33.844858804000069],[-118.39164055799995,33.84452267100005],[-118.39150435899995,33.844189179000068],[-118.39136155699998,33.843858462000071],[-118.39121220899995,33.843530650000048],[-118.39105637099999,33.843205871000066],[-118.39089410699995,33.842884255000058],[-118.39072548099995,33.842565929000045],[-118.39055055899996,33.842251019000059],[-118.39036941099999,33.84193964800005],[-118.39018210699999,33.84163194100006],[-118.38998872299999,33.84132801800007],[-118.38978933499999,33.841028001000041],[-118.38958402099996,33.840732006000053],[-118.38937286199996,33.840440153000031],[-118.38915594199995,33.840152555000031],[-118.38893334799997,33.839869327000031],[-118.38870516599997,33.839590582000028],[-118.38847148699995,33.839316427000028],[-118.38823240399995,33.839046974000041],[-118.38798800999996,33.838782326000057],[-118.38773840299996,33.838522590000025],[-118.38748368099999,33.838267868000059],[-118.38722394599995,33.838018262000048],[-118.38695929799997,33.837773868000056],[-118.38668984399999,33.837534785000059],[-118.38641568999998,33.837301106000041],[-118.38613694299994,33.83707292400004],[-118.38585371599999,33.836850330000061],[-118.38556611799999,33.836633410000047],[-118.38527426499996,33.836422251000045],[-118.38497827099997,33.836216937000074],[-118.38467825399999,33.836017549000076],[-118.38437433099995,33.83582416400003],[-118.38406662299997,33.835636862000058],[-118.38375525299995,33.835455713000044],[-118.38344034199997,33.835280792000049],[-118.38312201599996,33.835112165000055],[-118.38280039999995,33.834949901000073],[-118.38247562199996,33.83479406500004],[-118.38214780899995,33.834644715000024],[-118.38181709199995,33.834501913000054],[-118.38148359999997,33.834365715000047],[-118.38114746699995,33.834236175000058],[-118.38080882399998,33.83411334200008],[-118.38046780699995,33.833997267000029],[-118.38012454899996,33.833887995000055],[-118.37977918599995,33.833785570000032],[-118.37943185599994,33.83369003100006],[-118.37908269399998,33.833601416000079],[-118.37873183899995,33.833519762000037],[-118.37837943099998,33.833445099000073],[-118.37802560799997,33.833377458000029],[-118.37767050999997,33.833316865000029],[-118.37731427599999,33.833263344000045],[-118.37695704899994,33.833216917000072],[-118.37659897099996,33.833177600000056],[-118.37624018099996,33.833145412000079],[-118.37588082199994,33.833120362000045],[-118.37552103499996,33.833102463000046],[-118.37516096499996,33.833091721000073],[-118.37480075099995,33.83308813900004],[-118.37444053799999,33.833091721000073],[-118.37408046799999,33.833102463000046],[-118.37372068099995,33.833120362000045],[-118.37336132299998,33.833145411000032],[-118.37300253299998,33.833177600000056],[-118.37264445399995,33.833216917000072],[-118.37228722799995,33.833263344000045],[-118.37193099399997,33.833316866000075],[-118.37157589599997,33.833377459000076],[-118.37122207199997,33.833445100000063],[-118.37086966399994,33.833519763000027],[-118.37051880999996,33.833601418000057],[-118.37016964699995,33.83369003100006],[-118.36982231699994,33.833785570000032],[-118.36947695499998,33.833887996000044],[-118.36913369699994,33.833997268000076],[-118.36879267899997,33.83411334300007],[-118.36845403699999,33.834236175000058],[-118.36811790399997,33.834365716000036],[-118.36778441299998,33.834501914000043],[-118.36745369499999,33.834644716000071],[-118.36712588199998,33.834794066000029],[-118.36680110399999,33.834949903000052],[-118.36647948799998,33.835112167000034],[-118.36616116199997,33.835280793000038],[-118.36584625099999,33.83545571500008],[-118.36553488099997,33.835636863000047],[-118.36522717299999,33.835824167000055],[-118.36492324999995,33.836017550000065],[-118.36462323299997,33.836216939000053],[-118.36432723899998,33.836422253000023],[-118.36403538499997,33.836633412000026],[-118.36374778799996,33.836850331000051],[-118.36346455999995,33.837072926000076],[-118.36318581399996,33.837301108000077],[-118.36291165999995,33.837534786000049],[-118.36264220599998,33.837773870000035],[-118.36237755899998,33.838018264000027],[-118.36211782399994,33.838267871000028],[-118.36186310099998,33.838522592000061],[-118.36161349399998,33.838782328000036],[-118.36136909999999,33.839046976000077],[-118.36113001699999,33.839316429000064],[-118.36089633799998,33.839590584000064],[-118.36066815699996,33.839869330000056],[-118.36044556199994,33.840152558000057],[-118.36022864199998,33.840440155000067],[-118.36001748399997,33.840732008000032],[-118.35981216999994,33.841028003000076],[-118.35961278099995,33.841328020000049],[-118.35941939699995,33.841631943000039],[-118.35923209399999,33.841939651000075],[-118.35905094599997,33.842251021000038],[-118.35887602399998,33.84256593200007],[-118.35870739699999,33.842884258000026],[-118.35854513399994,33.843205874000034],[-118.35838929699997,33.843530653000073],[-118.35823994799995,33.843858465000039],[-118.35809714499999,33.844189182000036],[-118.35796094699998,33.844522674000075],[-118.35783140599995,33.844858807000037],[-118.35770857399996,33.845197449000068],[-118.35759249999995,33.84553846700004],[-118.35748322799998,33.845881725000027],[-118.35738080199997,33.846227087000045],[-118.35728526399998,33.846574418000046],[-118.35719664899995,33.846923579000077],[-118.35711499499996,33.847274434000042],[-118.35704033199994,33.847626843000057],[-118.35697269099995,33.847980667000058],[-118.35691209799995,33.848335764000069],[-118.35685857699997,33.848691998000049],[-118.35681214899995,33.849049225000044],[-118.35677283299998,33.849407303000078],[-118.35674064399996,33.849766093000028],[-118.35671559499997,33.850125452000043],[-118.35669769499998,33.850485238000033],[-118.35668695299995,33.850845309000078],[-118.35668337199996,33.851205522000043],[-118.35668695299995,33.851565735000065],[-118.35669769499998,33.851925806000054],[-118.35671559499997,33.852285592000044],[-118.35674064399996,33.852644951000059],[-118.35677283299998,33.853003741000066],[-118.35681214899995,33.853361820000032],[-118.35685857699997,33.853719047000027],[-118.35691209799995,33.854075279000028],[-118.35697269199994,33.854430378000075],[-118.35704033199994,33.854784201000029],[-118.35711499599995,33.855136610000045],[-118.35719664999999,33.855487464000078],[-118.35728526399998,33.855836626000041],[-118.35738080299996,33.856183957000042],[-118.35748322899997,33.85652931900006],[-118.35759250099994,33.856872577000047],[-118.35770857499995,33.857213595000076],[-118.35783140799998,33.85755223700005],[-118.35796094899996,33.857888370000069],[-118.35809714699997,33.85822186200005],[-118.35823994899999,33.858552579000047],[-118.35838929899995,33.85888039200006],[-118.35854513499999,33.859205170000052],[-118.35870739999996,33.85952678600006],[-118.35887602599996,33.859845112000073],[-118.35905094699996,33.860160022000059],[-118.35923209499998,33.860471394000058],[-118.35941939899999,33.860779101000048],[-118.35961278299999,33.861083024000038],[-118.35981217099999,33.861383041000067],[-118.36001748599995,33.861679035000066],[-118.36022864499995,33.861970889000077],[-118.36044556399997,33.86225848600003],[-118.36066815799995,33.862541713000041],[-118.36089633999995,33.86282046000008],[-118.36113001899997,33.863094614000033],[-118.36136910299996,33.863364067000077],[-118.36161349599996,33.863628715000061],[-118.36186310299996,33.863888450000047],[-118.36211782599997,33.864143173000059],[-118.36237756099996,33.86439278000006],[-118.36264220799995,33.864637173000062],[-118.36291166199999,33.864876256000059],[-118.36318581599994,33.865109935000078],[-118.36346456299998,33.865338117000078],[-118.36374778999999,33.865560711000057],[-118.36403538799999,33.865777631000071],[-118.36432724099996,33.865988790000074],[-118.36462323499995,33.866194104000044],[-118.36492325299997,33.866393492000043],[-118.36522717499997,33.866586876000042],[-118.36553488299995,33.86677418000005],[-118.36584625399996,33.866955328000074],[-118.36616116499999,33.867130250000059],[-118.36647948999996,33.867298876000064],[-118.36680110699996,33.867461139000056],[-118.36712588499995,33.867616977000068],[-118.36745369799996,33.867766326000037],[-118.36778441499996,33.867909128000065],[-118.36811790599995,33.868045326000072],[-118.36845403899997,33.86817486800004],[-118.36879268199999,33.868297699000038],[-118.36913369899997,33.868413774000032],[-118.36947695699996,33.868523046000064],[-118.36982231999997,33.868625472000076],[-118.37016965099997,33.868721011000048],[-118.37051881199994,33.86880962500004],[-118.37086966699997,33.868891279000024],[-118.37122207499999,33.868965942000045],[-118.37157589899999,33.869033583000032],[-118.37193099799998,33.869094176000033],[-118.37228722999998,33.869147697000074],[-118.37264445699998,33.869194125000035],[-118.37300253499996,33.869233441000063],[-118.37336132499996,33.869265630000029],[-118.37372068399998,33.869290679000073],[-118.37408046999997,33.869308578000073],[-118.37444054099996,33.869319320000045],[-118.37480075499997,33.869322902000079]]]},"properties":{"OBJECTID":24,"bid":24,"zone_id":"SEC002","zone_name":"Security","restrict":"Flight Restricted Airspace","note":"Valid time: Jun 11, 2026 4:15 AM to Jul 16, 2026 2:29 PM, daily; No person may operate a small unmanned aircraft in restricted airspace unless that person has permission from the appropriate authority. Individuals violating any of these restrictions may","flight_cei":0,"height_met":0,"Area":10.580400556275961,"shape_":"面"}},{"type":"Feature","id":25,"geometry":{"type":"Polygon","coordinates":[[[-118.29738010299997,33.907965445000059],[-118.29773928699996,33.90796187400008],[-118.29809832799998,33.907951162000074],[-118.29845708599998,33.907933314000047],[-118.29881541799995,33.907908336000048],[-118.29917318299999,33.907876240000064],[-118.29953023899998,33.907837036000046],[-118.29988644399998,33.907790741000042],[-118.30024165899999,33.907737373000032],[-118.30059574299997,33.907676952000031],[-118.30094855499999,33.907609505000039],[-118.30129995699997,33.907535055000039],[-118.30164980799998,33.907453634000035],[-118.30199797199998,33.907365273000039],[-118.30234431099996,33.907270007000079],[-118.30268868699994,33.907167874000038],[-118.30303096399996,33.90705891500005],[-118.30337100699995,33.90694317100008],[-118.30370868099999,33.906820690000075],[-118.30404385399999,33.906691519000049],[-118.30437639099995,33.906555710000077],[-118.30470616399998,33.906413316000055],[-118.30503303999996,33.906264394000061],[-118.30535689099997,33.906109002000051],[-118.30567758699999,33.90594720200005],[-118.30599500299996,33.905779057000075],[-118.30630901399996,33.905604636000078],[-118.30661949499995,33.905424005000043],[-118.30692632299997,33.905237237000051],[-118.30722937699994,33.905044405000069],[-118.30752853699994,33.904845587000068],[-118.30782368499996,33.90464085900004],[-118.30811470499998,33.904430304000073],[-118.30840147999999,33.904214005000028],[-118.30868389899996,33.903992046000042],[-118.30896184799997,33.903764516000024],[-118.30923521899996,33.903531505000046],[-118.30950390199996,33.903293105000046],[-118.30976779299999,33.903049409000062],[-118.31002678699997,33.90280051600007],[-118.31028078099996,33.90254652200008],[-118.31052967499994,33.902287528000045],[-118.31077336899995,33.90202363700007],[-118.31101176999999,33.901754953000079],[-118.31124478099997,33.901481582000031],[-118.31147231099999,33.90120363300008],[-118.31169426899999,33.900921215000039],[-118.31191056899996,33.900634439000044],[-118.31212112399999,33.90034342000007],[-118.31232585199996,33.900048272000049],[-118.31252466999996,33.899749112000052],[-118.31271750099995,33.899446057000034],[-118.31290426899994,33.89913922900007],[-118.31308489999998,33.898828749000074],[-118.31325932199996,33.898514738000074],[-118.31342746599995,33.898197321000055],[-118.31358926599995,33.897876624000048],[-118.31374465799996,33.897552774000076],[-118.31389357999996,33.897225899000034],[-118.31403597399998,33.896896126000058],[-118.31417178299995,33.896563588000049],[-118.31430095399998,33.896228415000053],[-118.31442343499998,33.895890741000073],[-118.31453917799996,33.895550697000033],[-118.31464813899998,33.895208420000074],[-118.31475027099998,33.894864045000077],[-118.31484553599995,33.894517707000034],[-118.31493389799999,33.894169543000032],[-118.31501531899994,33.893819691000033],[-118.31508976799995,33.893468289000054],[-118.31515721599999,33.893115477000038],[-118.31521763599994,33.892761394000047],[-118.31527100399995,33.892406179000034],[-118.31531729899996,33.892049973000042],[-118.31535650299998,33.891692917000057],[-118.31538859899996,33.891335153000057],[-118.31541357699996,33.890976821000038],[-118.31543142599998,33.890618062000044],[-118.31544213699999,33.890259021000077],[-118.31544570799997,33.889899838000076],[-118.31544213599994,33.889540654000029],[-118.31543142499999,33.889181611000026],[-118.31541357699996,33.888822854000068],[-118.31538859899996,33.888464522000049],[-118.31535650299998,33.88810675700006],[-118.31531729799997,33.887749702000065],[-118.31527100399995,33.887393495000026],[-118.31521763599994,33.887038281000059],[-118.31515721599999,33.886684198000069],[-118.31508976799995,33.886331385000062],[-118.31501531799995,33.885979984000073],[-118.31493389699995,33.885630132000074],[-118.31484553599995,33.885281968000072],[-118.31475026999999,33.88493562900004],[-118.31464813699995,33.884591254000043],[-118.31453917799996,33.884248977000027],[-118.31442343399999,33.883908934000033],[-118.31430095299999,33.883571259000064],[-118.31417178199996,33.883236087000057],[-118.31403597299999,33.882903549000048],[-118.31389357899997,33.882573777000061],[-118.31374465699997,33.88224690100003],[-118.31358926499996,33.881923051000058],[-118.31342746499996,33.881602354000051],[-118.31325932099998,33.881284937000032],[-118.31308489899999,33.880970926000032],[-118.31290426799995,33.880660446000036],[-118.31271749999996,33.880353618000072],[-118.31252466899997,33.880050564000044],[-118.31232584899999,33.879751404000046],[-118.31212112199995,33.879456255000036],[-118.31191056699998,33.879165236000063],[-118.31169426699995,33.878878460000067],[-118.31147230899995,33.878596042000027],[-118.31124477899999,33.878318092000029],[-118.31101176799996,33.878044721000037],[-118.31077336799996,33.877776037000046],[-118.31052967299996,33.877512147000061],[-118.31028077899998,33.877253153000026],[-118.31002678499999,33.876999160000025],[-118.30976779199995,33.876750266000045],[-118.30950390099997,33.87650657100005],[-118.30923521599999,33.876268171000049],[-118.30896184499994,33.876035160000072],[-118.30868389599999,33.875807630000054],[-118.30840147799995,33.875585672000057],[-118.30811470199995,33.875369371000033],[-118.30782368299998,33.875158816000067],[-118.30752853499996,33.874954089000028],[-118.30722937499996,33.874755271000026],[-118.30692632099999,33.874562439000044],[-118.30661949299997,33.874375671000053],[-118.30630901099994,33.874195040000075],[-118.30599500099999,33.874020618000031],[-118.30567758399997,33.873852475000035],[-118.30535688699996,33.873690674000045],[-118.30503303699999,33.873535282000034],[-118.30470616099996,33.87338636000004],[-118.30437638899997,33.873243967000064],[-118.30404384999997,33.873108157000047],[-118.30370867799996,33.872978987000067],[-118.30337100299994,33.872856505000073],[-118.30303096099999,33.872740762000035],[-118.30268868399997,33.872631803000047],[-118.30234430799999,33.872529669000073],[-118.30199796999995,33.872434404000046],[-118.30164980599994,33.87234604300005],[-118.30129995399994,33.872264622000046],[-118.30094855299996,33.872190172000046],[-118.30059574099994,33.872122725000054],[-118.30024165599997,33.872062304000053],[-118.29988644199994,33.872008937000032],[-118.29953023599995,33.871962641000039],[-118.29917317999997,33.871923438000067],[-118.29881541499998,33.871891340000047],[-118.29845708399995,33.871866363000038],[-118.29809832599994,33.871848516000057],[-118.29773928399999,33.871837803000062],[-118.29738009999994,33.871834233000072],[-118.29702091599995,33.871837804000052],[-118.29666187399999,33.871848515000067],[-118.29630311699998,33.871866364000027],[-118.29594478499996,33.871891341000037],[-118.29558701999997,33.871923438000067],[-118.29522996499998,33.871962642000028],[-118.29487375899998,33.872008937000032],[-118.29451854399997,33.872062305000043],[-118.29416446099998,33.872122725000054],[-118.29381164799997,33.872190173000035],[-118.29346024599994,33.872264622000046],[-118.29311039499999,33.872346044000039],[-118.29276223099998,33.872434404000046],[-118.29241589199995,33.872529671000052],[-118.29207151699995,33.872631804000036],[-118.29172923999994,33.872740763000024],[-118.29138919699994,33.872856506000062],[-118.29105152299996,33.872978988000057],[-118.29071634999997,33.873108158000036],[-118.29038381199996,33.873243967000064],[-118.29005403999997,33.873386362000076],[-118.28972716299995,33.87353528400007],[-118.28940331399997,33.873690675000034],[-118.28908261599997,33.873852476000025],[-118.28876519999994,33.874020620000067],[-118.28845118899994,33.874195041000064],[-118.28814070899995,33.874375673000031],[-118.28783387999999,33.87456244100008],[-118.28753082699996,33.874755272000073],[-118.28723166599997,33.874954091000063],[-118.28693651799995,33.875158818000045],[-118.28664549799998,33.875369373000069],[-118.28635872399997,33.875585673000046],[-118.28607630499999,33.875807631000043],[-118.28579835499994,33.876035161000061],[-118.28552498399995,33.876268173000028],[-118.28525629999996,33.876506572000039],[-118.28499240999997,33.876750268000023],[-118.28473341699998,33.876999162000061],[-118.28447942299999,33.877253155000062],[-118.28423052899996,33.87751214900004],[-118.28398683399996,33.877776040000072],[-118.28374843399996,33.878044724000063],[-118.28351542299998,33.878318095000054],[-118.28328789299997,33.878596044000062],[-118.28306593399998,33.878878463000035],[-118.28284963399994,33.879165239000031],[-118.28263907899998,33.879456258000062],[-118.28243435199994,33.879751406000025],[-118.28223553299995,33.880050566000079],[-118.28204270199996,33.880353620000051],[-118.28185593399996,33.880660448000071],[-118.28167530399998,33.880970929000057],[-118.28150088199999,33.881284939000068],[-118.28133273699996,33.88160235600003],[-118.28117093699996,33.881923053000037],[-118.28101554499995,33.882246903000066],[-118.28086662299995,33.88257378000003],[-118.28072422899999,33.882903552000073],[-118.28058841999996,33.883236089000036],[-118.28045924999998,33.883571263000078],[-118.28033676899997,33.883908937000058],[-118.28022102499995,33.884248980000052],[-118.28011206499997,33.884591257000068],[-118.28000993299997,33.884935633000055],[-118.27991466599997,33.885281970000051],[-118.27982630599996,33.885630134000053],[-118.27974488499996,33.885979987000042],[-118.27967043499996,33.886331388000031],[-118.27960298699998,33.886684201000037],[-118.27954256799995,33.887038284000027],[-118.27948919999994,33.887393499000041],[-118.27944290399995,33.887749705000033],[-118.27940370099998,33.888106760000028],[-118.27937160399995,33.888464525000074],[-118.27934662599995,33.888822856000047],[-118.27932877799998,33.889181615000041],[-118.27931806599997,33.889540657000055],[-118.27931449499999,33.889899840000055],[-118.27931806699996,33.890259024000045],[-118.27932877799998,33.890618065000069],[-118.27934662599995,33.890976823000074],[-118.27937160399995,33.891335156000025],[-118.27940369999999,33.891692920000025],[-118.27944290499994,33.892049976000067],[-118.27948919999994,33.892406182000059],[-118.27954256799995,33.892761396000026],[-118.27960298799997,33.893115481000052],[-118.27967043599995,33.89346829200008],[-118.27974488599995,33.893819694000058],[-118.27982630699995,33.894169546000057],[-118.27991466799995,33.89451770900007],[-118.28000993299997,33.894864048000045],[-118.28011206599996,33.895208423000042],[-118.28022102599999,33.895550701000047],[-118.28033676899997,33.895890744000042],[-118.28045924999998,33.896228418000078],[-118.28058842099995,33.896563591000074],[-118.28072422999998,33.896896129000027],[-118.28086662399994,33.89722590100007],[-118.28101554599999,33.897552776000055],[-118.28117093899999,33.897876627000073],[-118.28133273799995,33.89819732400008],[-118.28150088199999,33.898514741000042],[-118.28167530399998,33.898828751000053],[-118.28185593499995,33.899139232000039],[-118.28204270299995,33.899446060000059],[-118.28223553499998,33.899749114000031],[-118.28243435399997,33.900048275000074],[-118.28263908099996,33.900343423000038],[-118.28284963599998,33.900634441000079],[-118.28306593599996,33.900921217000075],[-118.28328789499994,33.901203636000048],[-118.28351542499996,33.901481585000056],[-118.28374843499995,33.901754956000048],[-118.28398683499995,33.902023639000049],[-118.28423053099999,33.90228753100007],[-118.28447942399998,33.902546524000059],[-118.28473341899996,33.902800518000049],[-118.28499241199995,33.90304941100004],[-118.28525630299998,33.903293106000035],[-118.28552498699997,33.903531507000025],[-118.28579835699998,33.90376451800006],[-118.28607630699997,33.903992048000077],[-118.28635872499996,33.904214006000075],[-118.28664550099995,33.904430306000052],[-118.28693651999998,33.904640862000065],[-118.28723166799995,33.904845589000047],[-118.28753082899999,33.905044407000048],[-118.28783388299996,33.905237238000041],[-118.28814071099998,33.905424007000079],[-118.28845119199997,33.905604637000067],[-118.28876520199998,33.905779059000054],[-118.28908261899994,33.905947204000029],[-118.28940331599995,33.90610900300004],[-118.28972716699997,33.90626439600004],[-118.29005404199995,33.906413317000045],[-118.29038381499998,33.906555711000067],[-118.29071635199995,33.906691521000027],[-118.29105152499994,33.906820691000064],[-118.29138919999997,33.906943172000069],[-118.29172924299996,33.90705891600004],[-118.29207151999998,33.907167875000027],[-118.29241589499998,33.907270008000069],[-118.29276223299996,33.907365274000028],[-118.29311039799995,33.907453635000024],[-118.29346024999995,33.907535056000029],[-118.29381165099994,33.907609506000028],[-118.29416446299996,33.907676953000077],[-118.29451854699994,33.907737373000032],[-118.29487376199995,33.907790741000042],[-118.29522996799994,33.907837036000046],[-118.29558702299994,33.907876240000064],[-118.29594478799999,33.907908336000048],[-118.29630311999995,33.907933314000047],[-118.29666187699996,33.907951162000074],[-118.29702091899998,33.90796187400008],[-118.29738010299997,33.907965445000059]]]},"properties":{"OBJECTID":25,"bid":25,"zone_id":"SEC003","zone_name":"Security","restrict":"Flight Restricted Airspace","note":"Valid time: Jun 12, 2026 8:45 PM to Jul 21, 2026 2:59 PM, daily; No person may operate a small unmanned aircraft in restricted airspace unless that person has permission from the appropriate authority. Individuals violating any of these restrictions may","flight_cei":0,"height_met":0,"Area":10.514872546745782,"shape_":"面"}},{"type":"Feature","id":26,"geometry":{"type":"Polygon","coordinates":[[[-118.32241677799999,34.105117678000056],[-118.32277672399999,34.105114100000037],[-118.32313652899995,34.105103365000048],[-118.32349604799998,34.105085479000024],[-118.32385514099997,34.105060449000064],[-118.32421366499995,34.10502828400007],[-118.32457147899999,34.104988996000031],[-118.32492844199999,34.10494260300004],[-118.32528441099998,34.104889122000031],[-118.32563924599998,34.104828574000067],[-118.32599280799997,34.104760982000073],[-118.32634495499997,34.104686375000028],[-118.32669554899996,34.104604781000035],[-118.32704445299998,34.104516233000027],[-118.32739152699997,34.104420764000054],[-118.32773663399996,34.104318414000033],[-118.32807963799996,34.104209223000055],[-118.32842040299994,34.104093234000061],[-118.32875879399995,34.103970493000077],[-118.32909467799999,34.103841048000049],[-118.32942792299997,34.103704951000054],[-118.32975839499994,34.103562254000053],[-118.33008596499997,34.103413015000058],[-118.33041050299994,34.103257294000059],[-118.33073188099996,34.103095150000058],[-118.33104997199996,34.10292664900004],[-118.33136464799998,34.102751857000044],[-118.33167578799998,34.102570843000024],[-118.33198326899998,34.102383678000024],[-118.33228696499998,34.102190437000047],[-118.33258676199995,34.101991196000029],[-118.33288253599994,34.101786033000053],[-118.33317417299997,34.101575031000039],[-118.33346155799995,34.101358272000027],[-118.33374457599996,34.101135842000076],[-118.33402311599997,34.10090782900005],[-118.33429706599998,34.100674324000067],[-118.33456632199994,34.100435417000028],[-118.33483077299996,34.100191204000055],[-118.33509031599999,34.09994178200003],[-118.33534484999996,34.099687249000056],[-118.33559427199998,34.099427706000029],[-118.33583848399996,34.099163255000065],[-118.33607738999996,34.09889400000003],[-118.33631089599999,34.098620048000043],[-118.33653890899996,34.098341508000033],[-118.33676133899996,34.098058491000074],[-118.33697809799997,34.097771106000039],[-118.33718909999999,34.097479469000064],[-118.33739426199998,34.09718369400008],[-118.33759350299999,34.096883898000044],[-118.33778674399997,34.096580201000052],[-118.33797390899997,34.096272722000037],[-118.33815492299999,34.095961582000029],[-118.33832971499999,34.095646904000034],[-118.33849821599995,34.095328813000037],[-118.33866035899996,34.09500743500007],[-118.33881608099995,34.094682897000041],[-118.33896531999994,34.094355327000073],[-118.33910801699994,34.094024855000043],[-118.33924411399994,34.093691611000054],[-118.33937355899997,34.093355726000027],[-118.33949629999995,34.09301733500007],[-118.33961228899994,34.092676569000048],[-118.33972147999998,34.092333566000036],[-118.33982382999994,34.091988459000049],[-118.33991929799998,34.091641386000049],[-118.34000784599999,34.091292482000028],[-118.34008943999999,34.090941887000042],[-118.34016404799996,34.090589740000041],[-118.34023163899997,34.090236178000055],[-118.34029218699999,34.089881342000069],[-118.34034566899999,34.089525374000061],[-118.34039206199998,34.08916841100006],[-118.34043134899997,34.088810598000066],[-118.34046351399996,34.088452073000042],[-118.34048854499997,34.088092980000056],[-118.34050643099999,34.087733461000028],[-118.34051716499999,34.087373656000068],[-118.34052074399995,34.087013711000054],[-118.34051716499999,34.086653764000062],[-118.34050642999995,34.086293960000035],[-118.34048854399998,34.085934440000074],[-118.34046351399996,34.085575347000031],[-118.34043134899997,34.085216822000064],[-118.34039206199998,34.08485900900007],[-118.34034566799994,34.084502047000058],[-118.34029218699999,34.08414607800006],[-118.34023163799998,34.083791242000075],[-118.34016404699997,34.083437681000078],[-118.34008943999999,34.08308553300003],[-118.34000784499995,34.082734938000044],[-118.33991929699999,34.08238603500007],[-118.33982382899995,34.08203896200007],[-118.33972147999998,34.081693855000026],[-118.33961228899994,34.081350851000025],[-118.33949629899996,34.081010086000049],[-118.33937355699999,34.080671694000046],[-118.33924411299995,34.080335810000065],[-118.33910801499997,34.080002566000076],[-118.33896531899995,34.079672093000056],[-118.33881607999996,34.079344524000078],[-118.33866035899996,34.079019985000059],[-118.33849821499996,34.078698608000025],[-118.33832971399994,34.078380517000028],[-118.33815492099995,34.078065840000079],[-118.33797390699999,34.077754699000025],[-118.33778674299998,34.077447220000067],[-118.33759350099996,34.077143522000028],[-118.33739426099999,34.076843727000039],[-118.33718909799995,34.076547952000055],[-118.33697809599994,34.07625631500008],[-118.33676133699998,34.075968930000045],[-118.33653890799997,34.07568591200004],[-118.33631089399995,34.075407373000075],[-118.33607738799998,34.075133422000079],[-118.33583848199999,34.074864167000044],[-118.33559426999994,34.074599715000033],[-118.33534484799998,34.074340172000063],[-118.33509031399996,34.074085639000032],[-118.33483076999994,34.073836217000064],[-118.33456631899998,34.073592004000034],[-118.33429706399994,34.073353097000052],[-118.33402311299994,34.073119592000069],[-118.33374457399998,34.072891579000043],[-118.33346155599997,34.072669149000035],[-118.33317417099994,34.07245239100007],[-118.33288253399996,34.072241389000055],[-118.33258675899998,34.07203622600008],[-118.33228696399999,34.071836985000061],[-118.33198326599995,34.071643744000028],[-118.33167578699999,34.071456580000074],[-118.33136464599994,34.071275566000054],[-118.33104996899999,34.071100773000069],[-118.33073187799999,34.07093227200005],[-118.33041049999997,34.070770129000039],[-118.33008596199994,34.070614407000051],[-118.32975839199997,34.070465168000055],[-118.32942791999994,34.070322472000043],[-118.32909467499996,34.070186375000048],[-118.32875879099998,34.070056929000032],[-118.32842039999997,34.069934188000047],[-118.32807963499999,34.069818199000053],[-118.32773663099999,34.069709008000075],[-118.32739152399995,34.069606658000055],[-118.32704444999996,34.069511190000071],[-118.32669554699999,34.069422642000063],[-118.32634495299999,34.069341048000069],[-118.32599280399995,34.069266441000025],[-118.32563924299996,34.069198849000031],[-118.32528440799996,34.069138301000066],[-118.32492843899996,34.069084820000057],[-118.32457147599996,34.069038426000077],[-118.32421366299997,34.068999139000027],[-118.32385513899999,34.068966975000023],[-118.32349604499996,34.068941944000073],[-118.32313652599998,34.06892405800005],[-118.32277672199996,34.06891332400005],[-118.32241677499997,34.068909745000042],[-118.32205682799997,34.06891332400005],[-118.32169702399995,34.06892405800005],[-118.32133750499997,34.068941944000073],[-118.32097841199999,34.068966975000023],[-118.32061988799995,34.068999139000027],[-118.32026207399997,34.069038426000077],[-118.31990511099997,34.069084820000057],[-118.31954914199997,34.069138302000056],[-118.31919430699998,34.069198849000031],[-118.31884074599998,34.069266441000025],[-118.31848859799999,34.069341049000059],[-118.31813800299994,34.069422643000053],[-118.31778909999997,34.069511191000061],[-118.31744202699997,34.069606659000044],[-118.31709691999998,34.069709009000064],[-118.31675391599998,34.069818200000043],[-118.31641315099995,34.069934189000037],[-118.31607475999999,34.070056931000067],[-118.31573887499997,34.070186375000048],[-118.31540563099998,34.070322473000033],[-118.31507515799996,34.070465169000045],[-118.31474758899998,34.07061440800004],[-118.31442304999996,34.070770130000028],[-118.31410167299998,34.070932274000029],[-118.31378358199999,34.071100775000048],[-118.31346890399999,34.071275567000043],[-118.31315776399998,34.071456581000064],[-118.31285028499997,34.071643746000063],[-118.31254658699999,34.071836986000051],[-118.31224679199994,34.072036227000069],[-118.31195101699996,34.072241390000045],[-118.31165937999998,34.072452392000059],[-118.31137199499994,34.072669151000071],[-118.31108897699994,34.072891581000079],[-118.31081043799998,34.073119594000048],[-118.31053648599999,34.073353100000077],[-118.31026723199994,34.073592006000069],[-118.31000277999999,34.073836219000043],[-118.30974323699996,34.074085641000067],[-118.30948870399999,34.074340174000042],[-118.30923928099998,34.074599718000059],[-118.30899506899999,34.07486416900008],[-118.30875616299994,34.075133424000057],[-118.30852265699997,34.075407375000054],[-118.30829464399994,34.075685915000065],[-118.30807221499998,34.07596893300007],[-118.30785545599997,34.076256317000059],[-118.30764445299997,34.076547955000024],[-118.30743929099998,34.076843729000075],[-118.30724004999996,34.077143525000054],[-118.30704680899998,34.077447222000046],[-118.30685964499997,34.07775470200005],[-118.30667862999996,34.078065842000058],[-118.30650383799997,34.078380519000063],[-118.30633533699995,34.07869861000006],[-118.30617319299995,34.079019988000027],[-118.30601747099996,34.079344526000057],[-118.30586823299996,34.079672097000071],[-118.30572553699994,34.080002569000044],[-118.30558943899996,34.080335813000033],[-118.30545999399999,34.080671697000071],[-118.30533725299995,34.081010089000074],[-118.30522126399995,34.08135085400005],[-118.30511207299998,34.081693857000062],[-118.30500972299996,34.082038965000038],[-118.30491425499997,34.082386038000038],[-118.30482570699996,34.082734941000069],[-118.30474411299997,34.083085536000056],[-118.30466950499999,34.083437684000046],[-118.30460191399999,34.083791245000043],[-118.30454136599997,34.084146081000029],[-118.30448788499996,34.084502050000026],[-118.30444149099998,34.084859012000038],[-118.30440220399998,34.085216826000078],[-118.30437003899999,34.085575350000056],[-118.30434500799998,34.085934443000042],[-118.30432712299995,34.08629396200007],[-118.30431638899995,34.08665376700003],[-118.30431280999994,34.087013713000033],[-118.30431638799996,34.087373660000026],[-118.30432712299995,34.087733464000053],[-118.30434500899997,34.08809298400007],[-118.30437003999998,34.088452076000067],[-118.30440220499997,34.088810601000034],[-118.30444149099998,34.089168415000074],[-118.30448788499996,34.089525377000029],[-118.30454136599997,34.089881346000027],[-118.30460191499998,34.09023618100008],[-118.30466950599998,34.090589742000077],[-118.30474411299997,34.090941890000067],[-118.30482570799995,34.091292485000054],[-118.30491425599996,34.091641388000028],[-118.30500972399994,34.091988462000074],[-118.30511207399996,34.092333569000061],[-118.30522126499994,34.092676573000062],[-118.30533725399999,34.093017338000038],[-118.30545999499998,34.093355729000052],[-118.30558943999995,34.093691613000033],[-118.30572553799999,34.094024858000068],[-118.30586823499999,34.094355330000042],[-118.30601747299994,34.094682900000066],[-118.30617319499999,34.095007438000039],[-118.30633533799994,34.095328816000062],[-118.30650383999995,34.095646907000059],[-118.30667863099995,34.095961584000065],[-118.30685964599996,34.096272724000073],[-118.30704681099996,34.096580204000077],[-118.30724005199994,34.096883901000069],[-118.30743929299996,34.097183696000059],[-118.30764445499995,34.097479472000032],[-118.30785545699996,34.097771109000064],[-118.30807221599997,34.098058493000053],[-118.30829464599998,34.098341511000058],[-118.30852265899995,34.098620051000069],[-118.30875616399999,34.098894002000065],[-118.30899507099997,34.099163256000054],[-118.30923928299995,34.099427708000064],[-118.30948870599997,34.099687251000034],[-118.30974323999999,34.099941785000055],[-118.31000278299996,34.10019120700008],[-118.31026723399998,34.100435419000064],[-118.31053648799997,34.100674325000057],[-118.31081043999995,34.100907831000029],[-118.31108897999997,34.101135844000055],[-118.31137199799997,34.101358274000063],[-118.31165938199996,34.101575033000074],[-118.31195101899999,34.101786035000032],[-118.31224679399998,34.101991197000075],[-118.31254658999995,34.102190438000036],[-118.31285028699995,34.10238367900007],[-118.31315776699995,34.10257084400007],[-118.31346890699996,34.102751858000033],[-118.31378358499995,34.102926650000029],[-118.31410167499996,34.103095152000037],[-118.31442305299998,34.103257295000049],[-118.31474759099996,34.103413017000037],[-118.31507516099998,34.103562255000043],[-118.31540563399994,34.103704952000044],[-118.31573887799999,34.103841049000039],[-118.31607476199997,34.103970494000066],[-118.31641315299998,34.10409323500005],[-118.31675391799996,34.104209224000044],[-118.31709692199996,34.10431841500008],[-118.31744202999994,34.104420765000043],[-118.31778910299994,34.104516233000027],[-118.31813800599997,34.104604781000035],[-118.31848860099996,34.104686376000075],[-118.31884074899995,34.104760983000062],[-118.31919430999994,34.104828574000067],[-118.31954914499994,34.104889122000031],[-118.31990511499998,34.10494260400003],[-118.32026207599995,34.104988997000078],[-118.32061988999999,34.10502828400007],[-118.32097841499996,34.105060449000064],[-118.32133750799994,34.105085480000071],[-118.32169702799996,34.105103365000048],[-118.32205683099994,34.105114100000037],[-118.32241677799999,34.105117678000056]]]},"properties":{"OBJECTID":26,"bid":26,"zone_id":"SEC004","zone_name":"Security","restrict":"Flight Restricted Airspace","note":"Valid time: Jun 12, 2026 8:55 PM to Jul 21, 2026 2:59 PM, daily; No person may operate a small unmanned aircraft in restricted airspace unless that person has permission from the appropriate authority. Individuals violating any of these restrictions may","flight_cei":0,"height_met":0,"Area":10.535688661657987,"shape_":"面"}},{"type":"Feature","id":27,"geometry":{"type":"Polygon","coordinates":[[[-118.29558741999995,34.120031257000051],[-118.29594712799997,34.120027669000024],[-118.29630669199997,34.120016908000025],[-118.29666597099998,34.11999897700008],[-118.29702481999999,34.119973883000057],[-118.29738309799995,34.119941638000057],[-118.29774066099998,34.119902253000078],[-118.29809736799996,34.119855744000063],[-118.29845307599999,34.11980212900005],[-118.29880764299998,34.11974143100008],[-118.29916092999997,34.119673672000033],[-118.29951279499994,34.119598881000059],[-118.29986309799995,34.11951708600003],[-118.30021169999998,34.119428322000033],[-118.30055846299996,34.119332622000059],[-118.30090324699995,34.119230023000057],[-118.30124591699996,34.119120570000064],[-118.30158633499997,34.119004303000054],[-118.30192436699997,34.118881269000042],[-118.30225987699998,34.118751518000067],[-118.30259273199999,34.118615101000046],[-118.30292280099997,34.118472072000031],[-118.30324995199999,34.118322489000036],[-118.30357405399997,34.118166409000025],[-118.30389497699997,34.118003897000051],[-118.30421259699995,34.117835015000026],[-118.30452678499995,34.117659833000062],[-118.30483741499995,34.117478419000065],[-118.30514436599998,34.11729084500007],[-118.30544751399998,34.117097186000024],[-118.30574673999996,34.116897520000066],[-118.30604192299995,34.116691925000055],[-118.30633294799998,34.116480483000032],[-118.30661969699997,34.116263280000055],[-118.30690205699995,34.116040400000031],[-118.30717991499995,34.115811932000042],[-118.30745316099996,34.115577968000025],[-118.30772168699997,34.11533860000003],[-118.30798538499994,34.115093925000053],[-118.30824414899996,34.114844039000047],[-118.30849787799997,34.114589040000055],[-118.30874647199994,34.114329032000057],[-118.30898982899998,34.114064117000055],[-118.30922785399997,34.113794402000053],[-118.30946045299999,34.113519993000068],[-118.30968753299999,34.113240998000038],[-118.30990900099999,34.112957531000063],[-118.31012477299998,34.112669702000062],[-118.31033476099998,34.112377627000058],[-118.31053887999997,34.112081422000074],[-118.31073705299997,34.111781204000067],[-118.31092919799994,34.111477094000065],[-118.31111523799996,34.11116921100006],[-118.31129510099998,34.110857680000038],[-118.31146871499999,34.110542623000072],[-118.31163600899998,34.11022416600008],[-118.31179691899996,34.109902435000038],[-118.31195137999998,34.109577559000058],[-118.31209933099996,34.109249667000029],[-118.31224071199995,34.108918889000051],[-118.31237546699998,34.108585357000038],[-118.31250354399998,34.10824920400006],[-118.31262488999994,34.107910562000029],[-118.31273945799995,34.107569569000077],[-118.31284720199994,34.107226358000048],[-118.31294807799998,34.106881065000039],[-118.31304204899999,34.106533830000046],[-118.31312907499995,34.106184790000043],[-118.31320912099994,34.105834084000037],[-118.31328215699995,34.105481850000047],[-118.31334815199995,34.105128230000048],[-118.31340708199997,34.104773364000039],[-118.31345892099995,34.104417393000062],[-118.31350365099996,34.104060458000049],[-118.31354125299998,34.103702704000057],[-118.31357171199994,34.103344270000036],[-118.31359501499998,34.102985299000068],[-118.31361115399994,34.102625936000038],[-118.31362012099999,34.102266322000048],[-118.31362191599999,34.101906601000053],[-118.31361653399995,34.101546915000029],[-118.31360397999998,34.101187408000044],[-118.31358425799999,34.100828224000054],[-118.31355737599995,34.100469504000046],[-118.31352334399998,34.100111392000031],[-118.31348217499999,34.099754029000053],[-118.31343388799996,34.099397559000067],[-118.31337850099999,34.099042122000071],[-118.31331603599995,34.098687863000066],[-118.31324651599999,34.098334918000035],[-118.31316997099998,34.097983430000056],[-118.31308643099999,34.097633540000061],[-118.31299592899995,34.097285384000031],[-118.31289849999996,34.096939103000068],[-118.31279418399998,34.096594835000076],[-118.31268302399997,34.096252715000048],[-118.31256505999994,34.095912881000061],[-118.31244034299999,34.09557546700006],[-118.31230892099995,34.09524060800004],[-118.31217084499997,34.094908436000026],[-118.31202617199995,34.094579085000078],[-118.31187495799998,34.094252685000072],[-118.31171726599996,34.093929366000054],[-118.31155315499996,34.093609256000036],[-118.31138269199994,34.093292482000038],[-118.31120594499998,34.09297917300006],[-118.31102298299999,34.092669450000074],[-118.31083388199994,34.092363439000053],[-118.31063871299995,34.092061260000037],[-118.31043755799999,34.091763033000063],[-118.31023049299995,34.091468879000047],[-118.31001760299995,34.091178912000032],[-118.30979897199995,34.090893251000068],[-118.30957468699995,34.090612005000025],[-118.30934483599998,34.090335290000041],[-118.30910951199996,34.090063214000054],[-118.30886880899999,34.089795885000058],[-118.30862282199996,34.089533411000048],[-118.30837164799999,34.089275895000071],[-118.30811538799998,34.089023441000052],[-118.30785414299999,34.088776148000079],[-118.30758801799999,34.088534114000026],[-118.30731711899995,34.088297436000062],[-118.30704155299998,34.088066209000033],[-118.30676142999999,34.087840524000057],[-118.30647686199995,34.087620471000037],[-118.30618795999999,34.087406138000063],[-118.30589484199999,34.087197609000043],[-118.30559762299998,34.086994969000045],[-118.30529641999999,34.08679829600004],[-118.30499135599996,34.086607671000024],[-118.30468254999994,34.086423167000078],[-118.30437012499999,34.086244860000079],[-118.30405420599999,34.086072820000027],[-118.30373491799998,34.085907115000055],[-118.30341238899996,34.085747811000033],[-118.30308674699995,34.08559497300007],[-118.30275812099995,34.085448659000065],[-118.30242664199994,34.085308929000064],[-118.30209244299999,34.085175838000055],[-118.30175565499997,34.085049439000045],[-118.30141641299997,34.084929784000053],[-118.30107485199994,34.084816918000058],[-118.30073110799998,34.084710886000039],[-118.30038531699995,34.084611732000042],[-118.30003761799998,34.084519496000041],[-118.29968814799997,34.084434212000076],[-118.29933704599995,34.08435591500006],[-118.29898445299995,34.084284637000053],[-118.29863050799997,34.084220405000053],[-118.29827535199996,34.08416324600006],[-118.29791912699994,34.084113182000067],[-118.29756197499995,34.084070233000034],[-118.29720403699997,34.084034416000065],[-118.29684545499998,34.08400574500007],[-118.29648637299999,34.083984231000045],[-118.29612693299998,34.083969885000045],[-118.29576727999995,34.083962710000037],[-118.29540755399995,34.083962710000037],[-118.29504789999999,34.083969885000045],[-118.29468845999997,34.083984232000034],[-118.29432937799999,34.08400574500007],[-118.29397079599994,34.084034416000065],[-118.29361285899995,34.084070233000034],[-118.29325570499998,34.084113182000067],[-118.29289948099995,34.08416324600006],[-118.29254432499999,34.084220406000043],[-118.29219037999997,34.084284637000053],[-118.29183778699996,34.08435591500006],[-118.29148668499994,34.084434212000076],[-118.29113721599998,34.084519496000041],[-118.29078951599996,34.084611734000077],[-118.29044372599998,34.084710887000028],[-118.29009998199996,34.084816918000058],[-118.28975841999994,34.084929785000043],[-118.28941917799995,34.085049441000024],[-118.28908238999998,34.085175839000044],[-118.28874819199996,34.085308930000053],[-118.28841671299995,34.085448660000054],[-118.28808808699995,34.08559497400006],[-118.28776244399995,34.085747812000079],[-118.28743991499999,34.085907116000044],[-118.28712062799997,34.086072821000073],[-118.28680470899997,34.086244862000058],[-118.28649228499995,34.086423169000057],[-118.28618347899999,34.086607672000071],[-118.28587841299998,34.08679829700003],[-118.28557721199996,34.086994970000035],[-118.28527999199997,34.087197611000079],[-118.28498687399997,34.087406139000052],[-118.28469797299999,34.087620473000072],[-118.28441340399996,34.087840525000047],[-118.28413328099998,34.088066211000069],[-118.28385771499995,34.08829743900003],[-118.28358681599997,34.088534115000073],[-118.28332069099997,34.088776149000068],[-118.28305944699997,34.089023442000041],[-118.28280318599997,34.089275898000039],[-118.28255201299999,34.089533413000026],[-118.28230602499997,34.089795887000037],[-118.28206532099995,34.090063216000033],[-118.28182999899997,34.090335292000077],[-118.28160014799994,34.090612008000051],[-118.28137586199995,34.090893252000058],[-118.28115723199994,34.091178915000057],[-118.28094434099995,34.091468882000072],[-118.28073727699996,34.091763036000032],[-118.28053612099995,34.092061263000062],[-118.28034095299995,34.092363441000032],[-118.28015185099997,34.092669453000042],[-118.27996889099995,34.092979176000028],[-118.27979214399994,34.093292485000063],[-118.27962168099998,34.093609258000072],[-118.27945756999998,34.093929368000033],[-118.27929987599998,34.094252687000051],[-118.27914866299994,34.094579087000056],[-118.27900398999998,34.094908439000051],[-118.27886591499998,34.095240611000065],[-118.27873449299994,34.095575469000039],[-118.27860977499995,34.09591288300004],[-118.27849181099998,34.096252719000063],[-118.27838065099996,34.096594837000055],[-118.27827633499999,34.096939106000036],[-118.27817890599999,34.097285387000056],[-118.27808840399996,34.097633543000029],[-118.27800486499996,34.097983433000024],[-118.27792831899995,34.09833492100006],[-118.27785880099998,34.098687865000045],[-118.27779633499995,34.099042126000029],[-118.27774094699998,34.099397562000036],[-118.27769265999996,34.099754032000078],[-118.27765149199996,34.100111395000056],[-118.27761746099998,34.100469507000071],[-118.27759057899999,34.100828227000079],[-118.27757085599995,34.101187412000058],[-118.27755830199999,34.101546918000054],[-118.27755292099999,34.101906603000032],[-118.27755471499995,34.102266325000073],[-118.27756368199999,34.102625939000063],[-118.27757982199995,34.102985303000025],[-118.27760312599997,34.103344272000072],[-118.27763358399994,34.103702707000025],[-118.27767118599996,34.104060462000064],[-118.27771591499999,34.104417396000031],[-118.27776775499996,34.104773367000064],[-118.27782668499998,34.105128233000073],[-118.27789267999998,34.105481853000072],[-118.27796571599998,34.105834086000073],[-118.27804576199998,34.106184793000068],[-118.27813278899998,34.106533834000061],[-118.27822675799996,34.106881069000053],[-118.27832763499998,34.107226361000073],[-118.27843537899997,34.107569572000045],[-118.27854994699999,34.107910566000044],[-118.27867129399999,34.108249206000039],[-118.27879936999994,34.108585360000063],[-118.27893412599997,34.10891889100003],[-118.27907550699996,34.109249670000054],[-118.27922345799999,34.109577562000027],[-118.27937791799997,34.109902437000073],[-118.27953882899999,34.110224168000059],[-118.27970612399997,34.11054262600004],[-118.27987973699999,34.110857683000063],[-118.28005959999996,34.111169214000029],[-118.28024564099996,34.111477097000034],[-118.28043778599999,34.111781207000035],[-118.28063595799995,34.112081425000042],[-118.28084007699999,34.112377629000036],[-118.28105006499999,34.112669704000041],[-118.28126583699998,34.112957533000042],[-118.28148730599997,34.113241001000063],[-118.28171438499999,34.113519995000047],[-118.28194698299995,34.113794405000078],[-118.28218500899999,34.11406412000008],[-118.28242836699997,34.114329035000026],[-118.28267695999995,34.114589042000034],[-118.28293068999994,34.114844041000026],[-118.28318945499996,34.115093927000032],[-118.28345315199999,34.115338603000055],[-118.28372167699996,34.115577970000061],[-118.28399492399996,34.115811934000078],[-118.28427278199996,34.116040401000078],[-118.28455514199999,34.116263281000045],[-118.28484189099999,34.116480486000057],[-118.28513291599995,34.116691927000034],[-118.28542809899994,34.116897522000045],[-118.28572732399999,34.117097188000059],[-118.28603047299998,34.11729084600006],[-118.28633742399995,34.117478421000044],[-118.28664805399995,34.11765983500004],[-118.28696224199996,34.117835017000061],[-118.28727986099994,34.11800389800004],[-118.28760078499994,34.118166411000061],[-118.28792488699997,34.118322490000025],[-118.28825203799994,34.118472073000078],[-118.28858210599998,34.118615102000035],[-118.28891496199998,34.118751519000057],[-118.28925047299998,34.118881271000078],[-118.28958850399999,34.119004304000043],[-118.28992892199994,34.119120571000053],[-118.29027159199995,34.119230025000036],[-118.29061637599995,34.119332623000048],[-118.29096313899998,34.119428322000033],[-118.29131174099996,34.119517088000066],[-118.29166204399996,34.119598882000048],[-118.29201390999998,34.119673673000079],[-118.29236719599999,34.11974143100008],[-118.29272176399996,34.119802130000039],[-118.29307747199999,34.119855744000063],[-118.29343417799998,34.119902253000078],[-118.29379174199994,34.119941638000057],[-118.29415001899997,34.119973883000057],[-118.29450886799998,34.11999897700008],[-118.29486814699999,34.120016907000036],[-118.29522771199998,34.120027669000024],[-118.29558741999995,34.120031257000051]]]},"properties":{"OBJECTID":27,"bid":27,"zone_id":"GAT001","zone_name":"Large Gathering/Public Safety","restrict":"Flight Restricted Airspace","note":"Valid time: Jun 28, 2026 10:00 PM to Jun 29, 2026 9:00 AM, daily; No person may operate a small unmanned aircraft in restricted airspace unless that person has permission from the appropriate authority. Individuals violating any of these restrictions may","flight_cei":0,"height_met":0,"Area":10.453271377696437,"shape_":"面"}},{"type":"Feature","id":28,"geometry":{"type":"Polygon","coordinates":[[[-118.29928961699994,34.119971772000042],[-118.29965180799996,34.119968182000036],[-118.30001385699995,34.119957415000044],[-118.30037562099994,34.119939474000034],[-118.30073695899995,34.119914367000035],[-118.30109772799995,34.119882103000066],[-118.30145778599996,34.119842695000045],[-118.30181699299999,34.119796159000032],[-118.30217520699995,34.119742513000062],[-118.30253228599997,34.119681777000039],[-118.30288809299998,34.119613976000039],[-118.30324248599999,34.11953913800005],[-118.30359532599999,34.119457288000035],[-118.30394647499998,34.119368463000058],[-118.30429579399998,34.119272696000053],[-118.30464314499994,34.119170024000027],[-118.30498839399996,34.119060488000059],[-118.30533140499995,34.118944130000045],[-118.30567204199997,34.118820998000047],[-118.30601017199996,34.118691137000042],[-118.30634566099997,34.118554601000028],[-118.30667837799996,34.11841144300007],[-118.30700819299994,34.118261719000031],[-118.30733497499995,34.118105487000037],[-118.30765859699994,34.117942809000056],[-118.30797893099998,34.117773749000037],[-118.30829585099997,34.117598374000067],[-118.30860923399996,34.117416752000054],[-118.30891895599996,34.117228954000041],[-118.30922489299996,34.117035055000031],[-118.30952692899996,34.116835130000027],[-118.30982494199998,34.116629258000046],[-118.31011881599994,34.116417520000027],[-118.31040843699998,34.116200000000049],[-118.31069368899995,34.115976782000075],[-118.31097446199999,34.115747954000028],[-118.31125064399998,34.115513607000025],[-118.31152212599994,34.115273832000071],[-118.31178880399995,34.11502872300008],[-118.31205057099999,34.11477837700005],[-118.31230732499995,34.114522892000025],[-118.31255896499999,34.114262369000073],[-118.31280539299996,34.113996909000036],[-118.31304650899995,34.113726618000044],[-118.31328222299999,34.113451600000076],[-118.31351243899996,34.113171966000039],[-118.31373706699998,34.112887822000062],[-118.31395601999998,34.112599283000065],[-118.31416921099998,34.112306462000049],[-118.31437655699995,34.112009472000068],[-118.31457797599995,34.111708432000057],[-118.31477338899998,34.111403457000051],[-118.31496271899999,34.111094670000057],[-118.31514589099999,34.110782192000045],[-118.31532283499996,34.110466144000043],[-118.31549347999999,34.110146652000026],[-118.31565775999997,34.109823840000047],[-118.31581560899997,34.10949783600006],[-118.31596696599996,34.109168767000028],[-118.31611177099995,34.108836764000046],[-118.31624996699998,34.108501954000076],[-118.31638150099997,34.108164473000045],[-118.31650631999997,34.107824450000066],[-118.31662437599999,34.107482021000067],[-118.31673562199995,34.10713731900006],[-118.31684001399998,34.10679047900004],[-118.31693751099999,34.106441639000025],[-118.31702807499994,34.106090935000054],[-118.31711167099996,34.105738505000033],[-118.31718826499997,34.105384487000038],[-118.31725782799998,34.105029022000053],[-118.31732033199995,34.104672246000064],[-118.31737575299996,34.104314303000024],[-118.31742406799998,34.103955331000066],[-118.31746525899996,34.103595472000052],[-118.31749931099995,34.103234867000026],[-118.31752620799995,34.102873659000068],[-118.31754594199998,34.10251198800006],[-118.31755850199994,34.102149997000026],[-118.31756388699995,34.101787829000045],[-118.31756209099996,34.101425624000058],[-118.31755311899997,34.101063526000075],[-118.31753697099998,34.100701678000064],[-118.31751365399998,34.100340221000067],[-118.31748317799997,34.099979296000072],[-118.31744555499995,34.099619047000033],[-118.31740079899998,34.099259614000061],[-118.31734892899999,34.098901138000031],[-118.31728996299995,34.098543762000077],[-118.31722392699999,34.098187623000058],[-118.31715084399997,34.097832864000054],[-118.31707074599996,34.097479623000027],[-118.31698366099999,34.09712803900004],[-118.31688962499999,34.096778250000057],[-118.31678867599999,34.096430393000048],[-118.31668085199999,34.096084605000044],[-118.31656619599994,34.095741023000073],[-118.31644475199994,34.095399780000037],[-118.31631656899998,34.095061011000041],[-118.31618169699999,34.094724849000045],[-118.31604018999997,34.094391427000062],[-118.31589210099997,34.094060874000036],[-118.31573748999995,34.093733321000059],[-118.31557641899997,34.093408897000074],[-118.31540894799997,34.093087729000047],[-118.31523514499997,34.092769944000054],[-118.31505507799994,34.092455666000035],[-118.31486881699999,34.092145018000053],[-118.31467643699995,34.09183812200007],[-118.31447801099995,34.091535100000044],[-118.31427361799996,34.091236070000036],[-118.31406333899997,34.090941150000049],[-118.31384725699996,34.090650456000049],[-118.31362545599995,34.090364101000034],[-118.31339802199994,34.090082198000061],[-118.31316504499995,34.089804858000036],[-118.31292661799995,34.089532190000057],[-118.31268283399999,34.089264301000071],[-118.31243378799996,34.089001298000028],[-118.31217957899997,34.088743280000074],[-118.31192030499994,34.088490352000065],[-118.31165606999997,34.088242613000034],[-118.31138697699998,34.088000159000046],[-118.31111313099996,34.087763087000042],[-118.31083464099999,34.087531488000025],[-118.31055161399996,34.087305453000056],[-118.31026416399999,34.087085074000072],[-118.30997240099998,34.086870434000048],[-118.30967644299994,34.08666161900004],[-118.30937640399998,34.086458711000034],[-118.30907240199997,34.086261790000037],[-118.30876455799995,34.086070932000041],[-118.30845298999998,34.085886213000038],[-118.30813782299998,34.085707705000061],[-118.30781917999997,34.085535479000043],[-118.30749718699997,34.085369602000071],[-118.30717196899997,34.085210140000072],[-118.30684365399998,34.085057154000026],[-118.30651237199999,34.084910706000073],[-118.30617825099995,34.084770852000077],[-118.30584142599997,34.084637647000079],[-118.30550202599994,34.084511144000032],[-118.30516018499998,34.084391393000033],[-118.30481603899995,34.084278442000027],[-118.30446972099998,34.084172332000037],[-118.30412136899997,34.084073108000041],[-118.30377111799999,34.083980807000046],[-118.30341910599998,34.083895466000058],[-118.30306547199996,34.08381711800007],[-118.30271035499999,34.083745794000038],[-118.30235389499995,34.083681523000052],[-118.30199622899994,34.083624330000077],[-118.30163750199995,34.083574236000061],[-118.30127785199994,34.083531262000065],[-118.30091741999996,34.083495424000034],[-118.30055634899998,34.083466738000027],[-118.30019477999997,34.083445212000072],[-118.29983285699996,34.083430858000042],[-118.29947071899994,34.083423679000077],[-118.29910850999994,34.083423679000077],[-118.29874637299997,34.083430858000042],[-118.29838444799998,34.083445213000061],[-118.29802287899997,34.083466737000037],[-118.29766180899998,34.083495425000024],[-118.29730137699994,34.083531262000065],[-118.29694172699999,34.083574236000061],[-118.29658299899995,34.083624330000077],[-118.29622533399998,34.083681524000042],[-118.29586887299996,34.083745795000027],[-118.29551375699998,34.083817119000059],[-118.29516012299996,34.083895466000058],[-118.29480811099995,34.083980808000035],[-118.29445785999997,34.08407310900003],[-118.29410950799996,34.084172333000026],[-118.29376318999999,34.084278443000073],[-118.29341904299997,34.084391394000079],[-118.29307720199995,34.084511146000068],[-118.29273780299997,34.084637648000069],[-118.29240097699994,34.084770853000066],[-118.29206685799994,34.084910707000063],[-118.29173557499996,34.085057155000072],[-118.29140725999997,34.085210141000061],[-118.29108204299996,34.085369603000061],[-118.29076004899997,34.085535481000079],[-118.29044140599996,34.08570770700004],[-118.29012623799997,34.085886214000027],[-118.28981467199998,34.086070934000077],[-118.28950682699997,34.086261792000073],[-118.28920282499996,34.08645871300007],[-118.28890278599999,34.086661621000076],[-118.28860682799996,34.086870436000027],[-118.28831506599994,34.087085075000061],[-118.28802761499998,34.087305456000024],[-118.28774458899994,34.08753149000006],[-118.28746609899997,34.087763088000031],[-118.28719225299994,34.088000161000025],[-118.28692315899997,34.08824261500007],[-118.28665892299995,34.088490355000033],[-118.28639964999996,34.088743283000042],[-118.28614544099997,34.089001299000074],[-118.28589639499995,34.089264304000039],[-118.28565261099999,34.089532193000025],[-118.28541418399999,34.089804861000061],[-118.28518120799998,34.09008220000004],[-118.28495377399997,34.09036410300007],[-118.28473197299996,34.090650458000027],[-118.28451588999997,34.090941153000074],[-118.28430561099998,34.091236073000061],[-118.28410121999997,34.091535103000069],[-118.28390279299998,34.091838125000038],[-118.28371041299999,34.092145020000032],[-118.28352415199998,34.092455668000071],[-118.28334408499995,34.092769947000079],[-118.28317028199996,34.093087732000072],[-118.28300281199995,34.093408900000043],[-118.28284173999998,34.093733325000073],[-118.28268712899995,34.094060877000061],[-118.28253903999996,34.094391429000041],[-118.28239753299999,34.09472485200007],[-118.28226266099995,34.095061014000066],[-118.28213447799999,34.095399782000072],[-118.28201303499998,34.095741025000052],[-118.28189837899998,34.096084608000069],[-118.28179055499999,34.096430396000073],[-118.28168960499994,34.096778253000025],[-118.28159556999998,34.097128042000065],[-118.28150848499996,34.097479626000052],[-118.28142838599996,34.097832867000079],[-118.28135530499998,34.098187627000073],[-118.28128926799997,34.098543764000055],[-118.28123030299997,34.098901141000056],[-118.28117843199999,34.09925961700003],[-118.28113367599997,34.099619050000058],[-118.28109605299994,34.09997930000003],[-118.28106557699999,34.100340224000036],[-118.28104226099998,34.100701681000032],[-118.28102611299994,34.101063530000033],[-118.28101713999996,34.101425627000026],[-118.28101534499996,34.101787831000024],[-118.28102072899998,34.102150000000051],[-118.28103328999998,34.102511991000029],[-118.28105302399996,34.102873662000036],[-118.28107992099996,34.103234870000051],[-118.28111397299995,34.103595475000077],[-118.28115516299999,34.103955334000034],[-118.28120347999999,34.104314306000049],[-118.28125889999995,34.104672249000032],[-118.28132140399998,34.105029025000078],[-118.28139096699999,34.105384490000063],[-118.28146756099994,34.105738508000059],[-118.28155115699997,34.106090938000079],[-118.28164172099997,34.10644164200005],[-118.28173921899997,34.106790482000065],[-118.28184361099994,34.107137321000039],[-118.28195485699996,34.107482023000046],[-118.28207291199999,34.107824453000035],[-118.28219773099994,34.108164475000024],[-118.28232926599998,34.108501957000044],[-118.28246746199994,34.108836766000024],[-118.28261226699999,34.109168770000053],[-118.28276362399998,34.109497839000028],[-118.28292147299999,34.109823842000026],[-118.28308575299997,34.110146655000051],[-118.28325639799999,34.110466147000068],[-118.28343334199997,34.110782194000024],[-118.28361651399996,34.111094673000025],[-118.28380584499996,34.11140345900003],[-118.28400125699994,34.111708434000036],[-118.28420267599995,34.112009475000036],[-118.28441002199997,34.112306464000028],[-118.28462321399996,34.112599286000034],[-118.28484216599998,34.11288782500003],[-118.28506679399999,34.113171967000028],[-118.28529701099995,34.113451603000044],[-118.28553272399995,34.113726620000079],[-118.28577384199997,34.113996911000072],[-118.28602026899995,34.114262371000052],[-118.28627190899999,34.11452289500005],[-118.28652866299996,34.114778380000075],[-118.28679042999994,34.115028725000059],[-118.28705710799994,34.11527383400005],[-118.28732859099995,34.115513609000061],[-118.28760477199995,34.115747957000053],[-118.28788554499999,34.115976784000054],[-118.28817079699996,34.116200002000028],[-118.28846041699995,34.116417522000063],[-118.28875429299995,34.116629260000025],[-118.28905230599997,34.116835132000062],[-118.28935434099998,34.117035056000077],[-118.28966027899997,34.11722895500003],[-118.28996999999998,34.117416753000043],[-118.29028338299997,34.117598375000057],[-118.29060030299996,34.117773751000072],[-118.29092063799999,34.117942810000045],[-118.29124425899994,34.118105488000026],[-118.29157104099994,34.118261720000078],[-118.29190085599998,34.118411445000049],[-118.29223357399997,34.118554603000064],[-118.29256906299997,34.118691138000031],[-118.29290719199997,34.118820998000047],[-118.29324782899994,34.118944131000035],[-118.29359083899999,34.119060488000059],[-118.29393608799995,34.119170024000027],[-118.29428344099995,34.119272696000053],[-118.29463275999996,34.119368464000047],[-118.29498390899994,34.119457289000025],[-118.29533674799995,34.11953913800005],[-118.29569114099996,34.119613977000029],[-118.29604694799997,34.119681777000039],[-118.29640402799998,34.119742513000062],[-118.29676224199994,34.119796159000032],[-118.29712144899997,34.119842696000035],[-118.29748150699999,34.119882103000066],[-118.29784227599998,34.119914367000035],[-118.29820361399999,34.119939474000034],[-118.29856537799998,34.119957415000044],[-118.29892742599998,34.119968182000036],[-118.29928961699994,34.119971772000042]]]},"properties":{"OBJECTID":28,"bid":28,"zone_id":"GAT002","zone_name":"Large Gathering/Public Safety","restrict":"Flight Restricted Airspace","note":"Valid time: Sun, Jun 28, 2026, daily 1:00 AM-1:00 PM; No person may operate a small unmanned aircraft in restricted airspace unless that person has permission from the appropriate authority. Individuals violating any of these restrictions may be subject","flight_cei":0,"height_met":0,"Area":10.733141577042442,"shape_":"面"}},{"type":"Feature","id":29,"geometry":{"type":"Polygon","coordinates":[[[-118.30148243099995,34.175561997000045],[-118.30210857699996,34.175558414000079],[-118.30273463999998,34.175547665000067],[-118.30336053999997,34.175529752000045],[-118.30398619299996,34.175504677000049],[-118.30461151999998,34.175472443000046],[-118.30523643499998,34.175433055000042],[-118.30586085999994,34.175386517000049],[-118.30648471099994,34.175332837000042],[-118.30710790599994,34.175272020000079],[-118.30773036499994,34.175204074000078],[-118.30835200499996,34.175129010000035],[-118.30897274599994,34.175046836000035],[-118.30959250499996,34.174957563000078],[-118.31021120199995,34.174861204000024],[-118.31082875599998,34.174757770000042],[-118.31144508499995,34.174647275000041],[-118.31206010999995,34.174529734000032],[-118.31267374899994,34.174405162000028],[-118.31328592299997,34.174273575000029],[-118.31389654999998,34.174134992000063],[-118.31450555099997,34.173989427000038],[-118.31511284699997,34.173836904000041],[-118.31571835599999,34.173677441000052],[-118.31632200299998,34.173511057000042],[-118.31692370399998,34.173337776000039],[-118.31752338399997,34.17315762100003],[-118.31812096199997,34.172970614000064],[-118.31871636099999,34.172776780000049],[-118.31930950199995,34.17257614500005],[-118.31990030899999,34.172368735000077],[-118.32048870299997,34.172154577000072],[-118.32107460799995,34.171933699000078],[-118.32165794599996,34.171706131000064],[-118.32223864199995,34.171471900000029],[-118.32281661799999,34.171231040000066],[-118.32339180099996,34.17098358100003],[-118.32396411499997,34.170729555000037],[-118.32453348299998,34.170468996000068],[-118.32509983199998,34.170201938000048],[-118.32566308699995,34.169928416000062],[-118.32622317699997,34.16964846500008],[-118.32678002399996,34.169362123000042],[-118.32733355899995,34.169069426000078],[-118.32788370699996,34.16877041500004],[-118.32843039699998,34.168465126000058],[-118.32897355799997,34.168153601000029],[-118.32951311699998,34.167835879000052],[-118.33004900499998,34.167512005000049],[-118.33058115199998,34.167182017000073],[-118.33110948699999,34.166845962000025],[-118.33163394099995,34.166503882000029],[-118.33215444599995,34.166155822000064],[-118.33267093399996,34.165801828000042],[-118.33318333699998,34.165441946000044],[-118.33369158699998,34.165076224000074],[-118.33419561799997,34.164704708000045],[-118.33469536499996,34.164327449000041],[-118.33519076199997,34.163944495000067],[-118.33568174399994,34.163555897000037],[-118.33616824399996,34.16316170500005],[-118.33665020299998,34.162761971000066],[-118.33712755599998,34.162356747000047],[-118.33760023899998,34.161946087000047],[-118.33806819199998,34.161530045000063],[-118.33853135199996,34.161108674000047],[-118.33898966099997,34.160682030000032],[-118.33944305499995,34.160250169000051],[-118.33989147799997,34.159813146000033],[-118.34033486999999,34.159371021000027],[-118.34077317299995,34.158923851000054],[-118.34120632999998,34.158471692000035],[-118.34163428399995,34.158014607000041],[-118.34205697799996,34.157552654000028],[-118.34247435799995,34.157085893000044],[-118.34288636899998,34.156614387000047],[-118.34329295599997,34.156138196000029],[-118.34369406799999,34.155657383000062],[-118.34408964999994,34.155172011000047],[-118.34447965099997,34.154682144000049],[-118.34486402199997,34.154187845000024],[-118.34524270899999,34.153689179000025],[-118.34561566399998,34.153186213000026],[-118.34598283899999,34.152679012000078],[-118.34634418599995,34.152167640000073],[-118.34669965599994,34.151652167000066],[-118.34704920299998,34.15113266000003],[-118.34739278199999,34.150609187000043],[-118.34773034899996,34.150081815000078],[-118.34806185699995,34.149550615000067],[-118.34838726399994,34.149015656000074],[-118.34870652699999,34.148477007000054],[-118.34901960499997,34.147934741000029],[-118.34932645699996,34.14738892500003],[-118.34962704099996,34.146839635000049],[-118.34992131899998,34.146286940000039],[-118.35020925499998,34.145730914000069],[-118.35049080499999,34.14517162900006],[-118.35076593899998,34.144609158000037],[-118.35103461499995,34.144043575000069],[-118.35129680199998,34.143474955000045],[-118.35155246499994,34.142903371000045],[-118.35180156899997,34.142328898000073],[-118.35204408199996,34.141751613000054],[-118.35227997199996,34.141171589000066],[-118.35250920899995,34.140588905000072],[-118.35273176199996,34.140003634000038],[-118.35294760199997,34.139415855000038],[-118.35315670299997,34.138825644000065],[-118.35335903299995,34.138233080000077],[-118.35355456999997,34.137638238000079],[-118.35374328599994,34.13704119700003],[-118.35392515599995,34.136442036000062],[-118.35410015699995,34.135840832000042],[-118.35426826799994,34.135237665000034],[-118.35442946199998,34.134632613000065],[-118.35458372399995,34.134025757000074],[-118.35473102899999,34.133417174000044],[-118.35487135899996,34.132806946000073],[-118.35500469699997,34.132195151000076],[-118.35513102399995,34.131581872000027],[-118.35525032399994,34.130967186000078],[-118.35536258199994,34.130351174000054],[-118.35546778199995,34.129733919000046],[-118.35556591199997,34.129115500000069],[-118.35565695699995,34.128495999000052],[-118.35574090599999,34.127875496000058],[-118.35581774899998,34.127254073000074],[-118.35588747499997,34.126631811000038],[-118.35595007499995,34.12600879200005],[-118.35600553999996,34.125385098000038],[-118.35605386399999,34.124760809000065],[-118.35609503899997,34.12413600800005],[-118.35612906299997,34.123510778000025],[-118.35615592799996,34.122885198000063],[-118.35617563099999,34.122259353000061],[-118.35618817099999,34.121633322000037],[-118.35619354599999,34.121007189000068],[-118.35619175399995,34.120381036000026],[-118.35618279699997,34.119754943000032],[-118.35616667399995,34.11912899500004],[-118.35614338999994,34.118503272000055],[-118.35611294499995,34.117877857000053],[-118.35607534499997,34.11725283100003],[-118.35603059399995,34.116628277000075],[-118.35597869899999,34.11600427500008],[-118.35591966499999,34.115380908000077],[-118.35585350199995,34.114758257000062],[-118.35578021499998,34.114136405000067],[-118.35569981899999,34.113515431000053],[-118.35561231899999,34.11289541900004],[-118.35551773099996,34.112276449000035],[-118.35541606399994,34.111658601000045],[-118.35530733299998,34.111041959000033],[-118.35519155199995,34.110426600000039],[-118.35506873599996,34.109812607000038],[-118.35493890099997,34.109200059000045],[-118.35480206499994,34.108589038000048],[-118.35465824499994,34.107979622000073],[-118.35450745899999,34.107371894000039],[-118.35434972899998,34.106765930000051],[-118.35418507199995,34.10616181000006],[-118.35401351399997,34.105559615000061],[-118.35383507499995,34.104959423000025],[-118.35364977899997,34.104361312000037],[-118.35345764999994,34.103765361000058],[-118.35325871299995,34.103171648000057],[-118.35305299399994,34.102580250000074],[-118.35284051999997,34.101991246000068],[-118.35262131999997,34.101404711000043],[-118.35239541999999,34.100820724000073],[-118.35216285399997,34.100239361000035],[-118.35192364699998,34.099660696000058],[-118.35167783499998,34.099084809000033],[-118.35142544799999,34.098511771000062],[-118.35116651899995,34.097941659000071],[-118.35090108199995,34.097374549000051],[-118.35062917299996,34.096810513000037],[-118.35035082599995,34.096249625000041],[-118.35006607799994,34.095691961000057],[-118.34977496699997,34.095137591000025],[-118.34947752999994,34.094586589000073],[-118.34917380699994,34.094039028000054],[-118.34886383699995,34.09349497900007],[-118.34854766099994,34.092954512000063],[-118.34822532099997,34.092417699000066],[-118.34789685699997,34.091884610000079],[-118.34756231599999,34.09135531700008],[-118.34722173699998,34.090829885000062],[-118.34687516799994,34.090308386000061],[-118.34652265299997,34.089790888000039],[-118.34616423899996,34.089277458000026],[-118.34579997199995,34.088768163000054],[-118.34542990099999,34.088263071000029],[-118.34505407299997,34.087762247000057],[-118.34467253799994,34.087265756000079],[-118.34428534599999,34.086773665000067],[-118.34389254799999,34.086286037000036],[-118.34349419499995,34.085802937000039],[-118.34309033899996,34.085324428000035],[-118.34268103199997,34.084850571000061],[-118.34226632999997,34.084381430000064],[-118.34184628599996,34.083917066000026],[-118.34142095499999,34.083457539000051],[-118.34099039199998,34.083002910000062],[-118.34055465499995,34.082553239000049],[-118.34011380099997,34.082108583000036],[-118.33966788499998,34.081669002000069],[-118.33921696899995,34.081234554000048],[-118.33876110999995,34.080805294000072],[-118.33830036799998,34.08038128000004],[-118.33783480299996,34.079962566000063],[-118.33736447799998,34.07954920800006],[-118.33688945299997,34.079141260000029],[-118.33640978899996,34.078738774000044],[-118.33592555099995,34.078341805000036],[-118.33543680099996,34.077950403000045],[-118.33494360399999,34.077564621000079],[-118.33444602499998,34.077184509000062],[-118.33394412699994,34.076810115000058],[-118.33343797799995,34.076441490000036],[-118.33292764299995,34.076078682000059],[-118.33241318999995,34.075721739000073],[-118.33189468399996,34.075370707000047],[-118.33137219599996,34.075025631000074],[-118.33084579299998,34.074686558000053],[-118.33031554299998,34.074353531000042],[-118.32978151699996,34.074026594000031],[-118.32924378399997,34.073705791000066],[-118.32870241499995,34.073391162000064],[-118.32815748099995,34.073082751000072],[-118.32760905299995,34.07278059600003],[-118.32705720199999,34.072484737000025],[-118.32650200199998,34.072195213000043],[-118.32594352399997,34.07191206300007],[-118.32538184299995,34.071635322000077],[-118.32481703199994,34.07136502700007],[-118.32424916299999,34.071101214000066],[-118.32367831399995,34.070843918000037],[-118.32310455599998,34.070593171000041],[-118.32252796699998,34.070349008000051],[-118.32194862099999,34.070111459000032],[-118.32136659399998,34.069880556000044],[-118.32078196299994,34.069656329000054],[-118.32019480399998,34.06943880700004],[-118.31960519399996,34.069228020000025],[-118.31901320999998,34.069023994000077],[-118.31841892999995,34.068826756000078],[-118.31782243199996,34.068636333000029],[-118.31722379399997,34.068452749000073],[-118.31662309199999,34.068276028000071],[-118.31602040899998,34.068106193000062],[-118.31541582099999,34.067943267000032],[-118.31480940799997,34.067787271000043],[-118.31420124999994,34.067638225000053],[-118.31359142499997,34.067496149000078],[-118.31298001599998,34.067361061000042],[-118.31236709899997,34.067232980000028],[-118.31175275699997,34.067111921000048],[-118.31113706999997,34.066997901000036],[-118.31052011799994,34.06689093600005],[-118.30990198299997,34.06679103700003],[-118.30928274399997,34.066698220000035],[-118.30866248399997,34.066612495000072],[-118.30804128299997,34.066533875000061],[-118.30741922399994,34.066462370000067],[-118.30679638599997,34.066397987000073],[-118.30617285299996,34.066340738000065],[-118.30554870599997,34.066290628000047],[-118.30492402499999,34.066247664000059],[-118.30429889399994,34.066211852000038],[-118.30367339399999,34.066183198000033],[-118.30304760699994,34.066161704000024],[-118.30242161499996,34.066147372000046],[-118.30179549999997,34.066140207000046],[-118.30116934399996,34.066140206000057],[-118.30054322899997,34.066147373000035],[-118.29991723699999,34.066161704000024],[-118.29929144999994,34.066183198000033],[-118.29866595099998,34.066211853000027],[-118.29804081899999,34.066247665000049],[-118.29741613899995,34.066290628000047],[-118.29679199099996,34.066340739000054],[-118.29616845799995,34.066397988000062],[-118.29554561999998,34.066462370000067],[-118.29492356099996,34.066533876000051],[-118.29430235999996,34.066612496000062],[-118.29368210099994,34.066698221000024],[-118.29306286199994,34.066791038000076],[-118.29244472699997,34.066890937000039],[-118.29182777399996,34.066997903000072],[-118.29121208799995,34.067111923000027],[-118.29059774599995,34.067232982000064],[-118.28998482899999,34.067361063000078],[-118.28937341899996,34.067496151000057],[-118.28876359399999,34.067638227000032],[-118.28815543599995,34.067787273000079],[-118.28754902299994,34.067943270000058],[-118.28694443599994,34.068106195000041],[-118.28634175099995,34.06827603000005],[-118.28574105199999,34.068452751000052],[-118.28514241299996,34.068636335000065],[-118.28454591499997,34.068826759000046],[-118.28395163399995,34.069023996000055],[-118.28335965099996,34.069228023000051],[-118.28277004099999,34.069438810000065],[-118.28218288199997,34.069656332000079],[-118.28159825099999,34.069880559000069],[-118.28101622399998,34.070111462000057],[-118.28043687799999,34.070349011000076],[-118.27986028899994,34.070593175000056],[-118.27928653099997,34.070843922000051],[-118.27871568099999,34.071101218000024],[-118.27814781299998,34.071365031000028],[-118.27758300199997,34.071635325000045],[-118.27702132099995,34.071912066000039],[-118.27646284399998,34.072195217000058],[-118.27590764399997,34.072484741000039],[-118.27535579299996,34.072780600000044],[-118.27480736399997,34.07308275500003],[-118.27426242999996,34.073391167000068],[-118.27372106099995,34.073705795000023],[-118.27318332899995,34.074026599000035],[-118.27264930199999,34.074353536000046],[-118.27211905399997,34.074686562000068],[-118.27159264899996,34.075025635000031],[-118.27107016199994,34.075370711000062],[-118.27055165699994,34.075721743000031],[-118.27003720199997,34.076078687000063],[-118.26952686799996,34.07644149500004],[-118.26902071899997,34.076810120000061],[-118.26851882099999,34.077184514000066],[-118.26802124099999,34.077564626000026],[-118.26752804499995,34.077950409000039],[-118.26703929499996,34.07834181000004],[-118.26655505699995,34.078738780000037],[-118.26607539399998,34.079141265000032],[-118.26560036899997,34.079549214000053],[-118.26513004199995,34.079962572000056],[-118.26466447799999,34.080381286000033],[-118.26420373599996,34.080805300000065],[-118.26374787799995,34.081234560000041],[-118.26329696099998,34.081669009000052],[-118.26285104699997,34.082108590000075],[-118.26241019199995,34.082553245000042],[-118.26197445499997,34.083002917000044],[-118.26154389199996,34.083457545000044],[-118.26111856199998,34.083917073000066],[-118.26069851699998,34.084381437000047],[-118.26028381499998,34.084850578000044],[-118.25987450999997,34.085324434000029],[-118.25947065299999,34.085802944000079],[-118.25907229999996,34.086286044000076],[-118.25867950199995,34.086773672000049],[-118.25829230999994,34.087265763000062],[-118.25791077499997,34.087762253000051],[-118.25753494699995,34.088263078000068],[-118.25716487599999,34.088768170000037],[-118.25680060899998,34.089277465000066],[-118.25644219499998,34.089790895000078],[-118.25608967999995,34.090308394000033],[-118.25574311099996,34.090829892000045],[-118.25540253399998,34.091355324000062],[-118.25506799099998,34.091884618000051],[-118.25473952799996,34.092417707000038],[-118.25441718799999,34.092954520000035],[-118.25410101099999,34.093494986000053],[-118.25379104099994,34.094039036000026],[-118.25348731899999,34.094586597000045],[-118.25318988199996,34.095137599000054],[-118.25289876999994,34.095691969000029],[-118.25261402299998,34.09624963300007],[-118.25233567699996,34.096810521000066],[-118.25206376699998,34.09737455700008],[-118.25179832999999,34.097941668000033],[-118.25153940199999,34.098511779000034],[-118.25128701399996,34.099084816000072],[-118.25104120199995,34.099660705000076],[-118.25080199599995,34.100239369000064],[-118.25056942899994,34.100820733000035],[-118.25034352999995,34.101404719000072],[-118.25012432999995,34.10199125500003],[-118.24991185599998,34.102580258000046],[-118.24970613799996,34.103171656000029],[-118.24950719999998,34.10376536900003],[-118.24931507199994,34.104361321000056],[-118.24912977499997,34.104959432000044],[-118.24895133699999,34.105559623000033],[-118.24877977799997,34.106161819000079],[-118.24861512199999,34.106765938000024],[-118.24845739199998,34.107371902000068],[-118.24830660699996,34.107979632000024],[-118.24816278599997,34.108589046000077],[-118.24802594999994,34.109200068000064],[-118.24789611499995,34.109812616000056],[-118.24777329999995,34.110426609000058],[-118.24765751799998,34.111041967000062],[-118.24754878799996,34.111658611000053],[-118.24744712099999,34.112276458000053],[-118.24735253199998,34.112895428000058],[-118.24726503399995,34.113515440000072],[-118.24718463599999,34.11413641300004],[-118.24711135099994,34.114758266000024],[-118.24704518699997,34.115380916000049],[-118.24698615399996,34.116004284000041],[-118.24693425799995,34.116628285000047],[-118.24688950799998,34.117252840000049],[-118.24685190699995,34.117877866000072],[-118.24682146399999,34.118503281000073],[-118.24679817799995,34.119129004000058],[-118.24678205699996,34.119754952000051],[-118.24677309899994,34.120381045000045],[-118.24677130699996,34.121007198000029],[-118.24677668199996,34.121633331000055],[-118.24678922199996,34.122259361000033],[-118.24680892699996,34.122885207000024],[-118.24683579099997,34.123510787000043],[-118.24686981399998,34.124136018000058],[-118.24691098999995,34.124760818000027],[-118.24695931399998,34.125385107000056],[-118.24701477899998,34.126008801000069],[-118.24707737999995,34.126631820000057],[-118.24714710499995,34.127254082000036],[-118.24722394799994,34.127875505000077],[-118.24730789799997,34.12849600800007],[-118.24739894199996,34.12911550900003],[-118.24749707299998,34.129733928000064],[-118.24760227299998,34.130351183000073],[-118.24771452999994,34.130967195000039],[-118.24783382999999,34.131581880000056],[-118.24796015799996,34.132195160000038],[-118.24809349599997,34.132806954000046],[-118.24823382699998,34.133417183000063],[-118.24838113199996,34.134025765000047],[-118.24853539299994,34.134632622000026],[-118.24869658899996,34.135237673000063],[-118.24886469799998,34.135840841000061],[-118.24903969899998,34.136442044000034],[-118.24922156999997,34.137041206000049],[-118.24941028599994,34.137638246000051],[-118.24960582199998,34.13823308800005],[-118.24980815399999,34.138825653000026],[-118.25001725299995,34.139415864000057],[-118.25023309399995,34.140003643000057],[-118.25045564699997,34.140588913000045],[-118.25068488399995,34.141171598000028],[-118.25092077499994,34.141751621000026],[-118.25116328799999,34.142328907000035],[-118.25141239199996,34.142903379000074],[-118.25166805399999,34.143474963000074],[-118.25193024199996,34.144043583000041],[-118.25219891899997,34.144609166000066],[-118.25247405099998,34.145171637000033],[-118.25275560299997,34.145730922000041],[-118.25304353699994,34.146286948000068],[-118.25333781599994,34.146839643000078],[-118.25363840099999,34.147388933000059],[-118.25394525299998,34.147934748000068],[-118.25425833099996,34.148477015000026],[-118.25457759399995,34.149015663000057],[-118.25490300099995,34.149550623000039],[-118.25523450999998,34.15008182300005],[-118.25557207499998,34.150609194000026],[-118.25591565399998,34.151132668000059],[-118.25626520199995,34.151652175000038],[-118.25662067299999,34.152167647000056],[-118.25698201899996,34.152679018000072],[-118.25734919399997,34.153186220000066],[-118.25772214999995,34.153689187000055],[-118.25810083799996,34.154187852000064],[-118.25848520799997,34.154682151000031],[-118.25887520899994,34.155172019000076],[-118.25927079099995,34.155657390000044],[-118.25967190299997,34.156138203000069],[-118.26007849099994,34.15661439400003],[-118.26049050099999,34.157085900000027],[-118.26090788099998,34.157552661000068],[-118.26133057599998,34.158014614000024],[-118.26175852899996,34.158471699000074],[-118.26219168699998,34.158923857000048],[-118.26262998899995,34.159371027000077],[-118.26307338099997,34.159813153000073],[-118.26352180499998,34.160250174000055],[-118.26397519899996,34.160682036000026],[-118.26443350799997,34.161108680000041],[-118.26489666799995,34.161530051000057],[-118.26536462099995,34.161946094000029],[-118.26583730399994,34.162356754000029],[-118.26631465599996,34.162761977000059],[-118.26679661499998,34.163161711000043],[-118.26728311699998,34.163555903000031],[-118.26777409799996,34.163944502000049],[-118.26826949499997,34.164327455000034],[-118.26876924199996,34.164704714000038],[-118.26927327299995,34.165076229000078],[-118.26978152299995,34.165441952000037],[-118.27029392599997,34.165801833000046],[-118.27081041399998,34.166155827000068],[-118.27133091899998,34.166503887000033],[-118.27185537399998,34.166845967000029],[-118.27238370899994,34.167182022000077],[-118.27291585599994,34.167512010000053],[-118.27345174399994,34.167835884000056],[-118.27399130399999,34.168153605000043],[-118.27453446399994,34.168465130000072],[-118.27508115399996,34.168770419000055],[-118.27563130299995,34.169069431000025],[-118.27618483699996,34.169362127000056],[-118.27674168499999,34.169648469000037],[-118.27730177299998,34.169928420000076],[-118.27786502999999,34.170201942000062],[-118.27843137899998,34.170469000000026],[-118.27900074699994,34.170729559000051],[-118.27957305999996,34.170983584000055],[-118.28014824299999,34.171231043000034],[-118.28072621999996,34.171471904000043],[-118.28130691499996,34.171706134000033],[-118.28189025399996,34.171933702000047],[-118.28247615899994,34.17215458000004],[-118.28306455299997,34.172368738000046],[-118.28365535899997,34.172576148000076],[-118.28424850099998,34.172776783000074],[-118.28484389999994,34.172970616000043],[-118.28544147799994,34.173157623000066],[-118.28604115699994,34.173337778000075],[-118.28664285899998,34.173511060000067],[-118.28724650399994,34.173677442000042],[-118.28785201499994,34.173836906000076],[-118.28845931099994,34.173989430000063],[-118.28906831199998,34.174134993000052],[-118.28967893899994,34.174273578000054],[-118.29029111299997,34.174405164000063],[-118.29090475199996,34.174529736000068],[-118.29151977599997,34.174647277000076],[-118.29213610599999,34.174757772000078],[-118.29275365999996,34.17486120600006],[-118.29337235699995,34.174957565000057],[-118.29399211599997,34.175046838000071],[-118.29461285699995,34.175129011000024],[-118.29523449799996,34.175204075000067],[-118.29585695599997,34.175272021000069],[-118.29648015199996,34.175332837000042],[-118.29710400199997,34.175386518000039],[-118.29772842699998,34.175433056000031],[-118.29835334299997,34.175472444000036],[-118.29897866799996,34.175504678000038],[-118.29960432199999,34.175529752000045],[-118.30023022199998,34.175547666000057],[-118.30085628499995,34.175558414000079],[-118.30148243099995,34.175561997000045]]]},"properties":{"OBJECTID":29,"bid":29,"zone_id":"STA_Dodger001","zone_name":"Dodger Stadium","restrict":"Flight Restricted Airspace","note":"Valid time: Tue, Aug 11, 2026 9:10 AM-2:10 PM; Flight operations within 3NM of an FAA-designated stadium or sporting venue are restricted from 1 hour before the planned start time until 1 hour after the end of any qualifying event. Check the stadium sch","flight_cei":0,"height_met":0,"Area":96.186413564144033,"shape_":"面"}},{"type":"Feature","id":30,"geometry":{"type":"Polygon","coordinates":[[[-118.50741890799998,33.015503666000029],[-118.50817632799999,33.015500082000074],[-118.50893367999998,33.015489332000072],[-118.50969089699998,33.015471416000025],[-118.51044790999998,33.015446334000046],[-118.51120465199995,33.015414092000071],[-118.51196105499997,33.015374690000044],[-118.51271705099998,33.015328132000036],[-118.51347257199996,33.015274422000061],[-118.51422755299996,33.015213566000057],[-118.51498192299999,33.015145569000026],[-118.51573561599997,33.01507043600003],[-118.51648856499997,33.014988175000042],[-118.51724069999995,33.014898793000043],[-118.51799195699999,33.014802298000063],[-118.51874226699999,33.014698698000075],[-118.51949156399996,33.014588003000028],[-118.52023977799996,33.014470223000046],[-118.52098684599997,33.014345368000079],[-118.52173269799999,33.014213451000046],[-118.52247726899998,33.014074480000033],[-118.52322049099996,33.013928471000042],[-118.52396229799996,33.01377543600006],[-118.52470262399999,33.013615388000062],[-118.52544140299995,33.013448342000061],[-118.52617856799998,33.013274312000078],[-118.52691405299998,33.013093316000038],[-118.52764779199998,33.01290536700003],[-118.52837971899999,33.012710484000024],[-118.52910977099998,33.012508684000068],[-118.52983787999995,33.012299985000027],[-118.53056398099994,33.012084406000042],[-118.53128801099996,33.011861965000037],[-118.53200990299996,33.011632683000073],[-118.53272959299994,33.011396581000042],[-118.53344701599997,33.011153680000064],[-118.53416210999995,33.01090399900005],[-118.53487480699999,33.010647565000056],[-118.53558504799997,33.010384397000053],[-118.53629276599997,33.010114521000048],[-118.53699789899997,33.009837960000027],[-118.53770038299996,33.009554739000066],[-118.53840015499998,33.009264884000061],[-118.53909715399999,33.008968420000031],[-118.53979131599999,33.008665374000032],[-118.54048257999995,33.008355772000073],[-118.54117088299995,33.008039645000053],[-118.54185616399997,33.007717018000051],[-118.54253836099997,33.007387920000042],[-118.54321741299998,33.00705238300003],[-118.54389326099999,33.00671043400007],[-118.54456584199994,33.006362107000029],[-118.54523509699999,33.006007429000078],[-118.54590096599998,33.005646435000074],[-118.54656338899997,33.005279158000064],[-118.54722230799996,33.004905627000028],[-118.54787766199996,33.004525879000028],[-118.54852939299997,33.004139946000066],[-118.54917744399995,33.003747864000047],[-118.54982175499998,33.003349667000066],[-118.55046226999997,33.002945391000026],[-118.55109892999997,33.002535073000047],[-118.55173167999999,33.002118748000044],[-118.55236046099998,33.001696454000069],[-118.55298521799995,33.001268230000051],[-118.55360589599997,33.000834112000064],[-118.55422243799995,33.000394142000061],[-118.55483478899998,32.999948357000051],[-118.55544289399995,32.999496798000052],[-118.55604669999997,32.999039504000052],[-118.55664614999995,32.99857651800005],[-118.55724119399997,32.998107880000077],[-118.55783177599994,32.997633632000031],[-118.55841784399996,32.997153817000026],[-118.55899934599995,32.996668478000061],[-118.55957622899996,32.996177659000068],[-118.56014844099997,32.995681402000059],[-118.56071593299998,32.995179754000048],[-118.56127865299999,32.994672757000046],[-118.56183654899996,32.994160459000057],[-118.56238957299996,32.993642904000069],[-118.56293767499994,32.99312014000003],[-118.56348080599997,32.992592214000069],[-118.56401891599995,32.992059170000061],[-118.56455195899997,32.991521059000036],[-118.56507988599998,32.990977928000063],[-118.56560264999996,32.990429827000071],[-118.56612020399996,32.989876802000026],[-118.56663250199995,32.989318906000051],[-118.56713949899995,32.988756186000046],[-118.56764114699996,32.988188695000076],[-118.56813740399997,32.987616483000068],[-118.56862822299996,32.98703959900007],[-118.56911356299997,32.986458097000025],[-118.56959337699999,32.985872030000053],[-118.57006762399999,32.985281447000034],[-118.57053626199996,32.984686404000058],[-118.57099924799996,32.98408695300003],[-118.57145654199996,32.983483147000072],[-118.57190810099996,32.982875042000046],[-118.57235388699996,32.982262691000074],[-118.57279385699997,32.981646149000028],[-118.57322797299997,32.981025471000066],[-118.57365619799998,32.980400714000041],[-118.57407849099997,32.979771933000052],[-118.57449481599997,32.979139183000029],[-118.57490513499999,32.978502523000031],[-118.57530940999999,32.977862008000045],[-118.57570760799996,32.977217696000025],[-118.57609968999998,32.97656964600003],[-118.57648562199995,32.975917914000036],[-118.57686537099994,32.975262560000033],[-118.57723890099999,32.974603641000044],[-118.57760617899999,32.973941219000039],[-118.57796717199994,32.973275349000062],[-118.57832184899996,32.972606094000071],[-118.57867017699999,32.971933512000078],[-118.57901212499996,32.971257665000053],[-118.57934766299996,32.970578613000043],[-118.57967675999998,32.969896415000051],[-118.57999938699999,32.969211135000023],[-118.58031551499994,32.968522832000076],[-118.58062511599996,32.967831568000065],[-118.58092816199996,32.967137406000063],[-118.58122462599999,32.96644040700005],[-118.58151448099994,32.965740635000031],[-118.58179770199996,32.965038151000044],[-118.58207426199999,32.964333017000058],[-118.58234413899999,32.963625300000047],[-118.58260730599994,32.962915060000057],[-118.58286374099998,32.962202361000038],[-118.58311341999996,32.961487268000042],[-118.58335632199999,32.960769844000026],[-118.58359242499995,32.960050154000044],[-118.58382170599998,32.959328262000042],[-118.58404414699999,32.958604232000027],[-118.58425972499998,32.957878131000029],[-118.58446842499995,32.957150022000064],[-118.58467022499997,32.956419971000059],[-118.58486510699998,32.955688043000066],[-118.58505305499995,32.954954303000079],[-118.58523405299997,32.954218818000072],[-118.58540808199996,32.953481654000029],[-118.58557512799996,32.952742875000069],[-118.58573517499997,32.952002549000042],[-118.58588821099994,32.951260742000045],[-118.58603421999999,32.950517519000073],[-118.58617318999995,32.949772948000032],[-118.58630510799998,32.949027097000055],[-118.58642996299994,32.948280029000045],[-118.58654774199999,32.947531814000058],[-118.58665843699998,32.946782518000077],[-118.58676203699997,32.946032208000076],[-118.58685853099996,32.945280951000029],[-118.58694791399995,32.944528815000069],[-118.58703017399995,32.943775867000056],[-118.58710530699994,32.943022174000077],[-118.58717330399998,32.942267804000039],[-118.58723416099997,32.941512824000029],[-118.58728786999995,32.940757302000065],[-118.58733442799996,32.940001305000067],[-118.58737382999999,32.939244903000031],[-118.58740607199996,32.938488161000066],[-118.58743115399994,32.937731147000079],[-118.58744906999999,32.936973930000079],[-118.58745981999999,32.936216578000028],[-118.58746340399995,32.935459159000061],[-118.58745981999999,32.934701739000047],[-118.58744906899994,32.933944386000064],[-118.58743115299995,32.933187169000064],[-118.58740607199996,32.932430156000066],[-118.58737382899994,32.931673414000045],[-118.58733442699997,32.930917011000076],[-118.58728786899997,32.930161015000067],[-118.58723415999998,32.929405493000047],[-118.58717330399998,32.928650513000036],[-118.58710530599996,32.927896143000055],[-118.58703017399995,32.927142450000076],[-118.58694791299996,32.926389501000074],[-118.58685853099996,32.925637366000046],[-118.58676203499999,32.924886108000067],[-118.58665843499995,32.924135799000055],[-118.58654774099995,32.923386503000074],[-118.58642995999998,32.922638287000041],[-118.58630510699999,32.921891221000067],[-118.58617318799998,32.921145368000055],[-118.58603421799995,32.92040079800006],[-118.58588820899996,32.919657575000031],[-118.58573517299999,32.918915768000033],[-118.58557512499999,32.918175442000063],[-118.58540807899999,32.917436663000046],[-118.58523404999994,32.91669949900006],[-118.58505305299997,32.915964013000064],[-118.58486510499995,32.915230274000066],[-118.58467022099995,32.914498346000073],[-118.58446842099994,32.913768295000068],[-118.58425972299995,32.913040186000046],[-118.58404414299997,32.912314085000048],[-118.58382170299996,32.911590055000033],[-118.58359241999995,32.910868163000032],[-118.58335631799997,32.910148473000049],[-118.58311341699999,32.909431050000023],[-118.58286373699997,32.908715957000027],[-118.58260730199999,32.908003258000065],[-118.58234413499997,32.907293018000075],[-118.58207425899997,32.906585300000074],[-118.58179769699996,32.905880167000078],[-118.58151447699998,32.90517768400008],[-118.58122462099999,32.904477911000072],[-118.58092815799995,32.903780912000059],[-118.58062511099996,32.903086750000057],[-118.58031550999999,32.902395486000046],[-118.57999938199998,32.901707183000042],[-118.57967675499998,32.901021903000071],[-118.57934765799996,32.900339705000079],[-118.57901211999996,32.899660653000069],[-118.57867017099994,32.898984806000044],[-118.57832184399996,32.898312224000051],[-118.57796716699994,32.89764296900006],[-118.57760617299999,32.896977100000072],[-118.57723889399995,32.896314677000078],[-118.57686536499995,32.895655759000078],[-118.57648561599996,32.895000404000029],[-118.57609968299994,32.894348672000035],[-118.57570760199997,32.89370062200004],[-118.57530940499998,32.893056310000077],[-118.57490512899994,32.89241579600008],[-118.57449480999998,32.891779136000025],[-118.57407848499997,32.891146386000059],[-118.57365619099994,32.89051760500007],[-118.57322796699998,32.889892847000056],[-118.57279384999998,32.889272169000037],[-118.57235387899999,32.888655628000038],[-118.57190809399998,32.888043277000065],[-118.57145653499998,32.887435172000039],[-118.57099924099998,32.886831366000024],[-118.57053625499998,32.886231915000053],[-118.57006761699995,32.885636872000077],[-118.56959336899996,32.885046290000048],[-118.56911355499994,32.88446022200003],[-118.56862821599998,32.883878720000041],[-118.56813739599994,32.883301837000033],[-118.56764113899999,32.882729624000035],[-118.56713949099998,32.882162133000065],[-118.56663249499996,32.88159941300006],[-118.56612019699998,32.881041518000075],[-118.56560264299998,32.88048849300003],[-118.56507987799995,32.879940392000037],[-118.56455195099994,32.879397260000076],[-118.56401890799998,32.878859150000039],[-118.56348079699995,32.878326107000078],[-118.56293766599998,32.87779818000007],[-118.56238956499999,32.877275416000032],[-118.56183653999994,32.876757861000044],[-118.56127864399997,32.876245563000055],[-118.56071592399996,32.875738567000042],[-118.56014843299999,32.875236919000031],[-118.55957621999994,32.874740662000079],[-118.55899933699999,32.87424984300003],[-118.55841783499994,32.873764504000064],[-118.55783176699998,32.873284689000059],[-118.55724118399996,32.87281044100007],[-118.55664614099999,32.87234180300004],[-118.55604668999996,32.871878817000038],[-118.55544288499999,32.871421524000027],[-118.55483477999996,32.870969964000039],[-118.55422242799995,32.870524179000029],[-118.55360588699995,32.870084209000026],[-118.55298520899998,32.869650092000029],[-118.55236045199996,32.869221867000078],[-118.55173166999998,32.868799575000025],[-118.55109892099995,32.868383250000079],[-118.55046225999996,32.867972931000054],[-118.54982174499997,32.867568655000071],[-118.54917743399994,32.867170458000032],[-118.54852938299996,32.86677837600007],[-118.54787765199995,32.866392443000052],[-118.54722229699996,32.866012696000041],[-118.54656337899996,32.865639166000051],[-118.54590095599997,32.865271888000052],[-118.54523508699998,32.864910894000047],[-118.54456583099994,32.864556217000029],[-118.54389324999994,32.864207889000056],[-118.54321740299997,32.863865941000029],[-118.54253834999997,32.863530403000027],[-118.54185615299997,32.863201306000065],[-118.54117087199995,32.862878679000062],[-118.54048256899995,32.862562551000053],[-118.53979130599998,32.862252950000027],[-118.53909714299999,32.861949904000028],[-118.53840014399998,32.861653440000055],[-118.53770037199996,32.861363585000049],[-118.53699788799997,32.861080364000031],[-118.53629275499998,32.860803804000057],[-118.53558503699998,32.860533927000063],[-118.53487479699999,32.860270760000049],[-118.53416209899996,32.860014325000066],[-118.53344700499997,32.859764646000031],[-118.53272958199994,32.859521744000062],[-118.53200989099997,32.859285641000042],[-118.53128799899997,32.859056360000068],[-118.53056396999995,32.858833920000052],[-118.52983786799996,32.858618340000078],[-118.52910975899999,32.858409641000037],[-118.52837970799999,32.858207841000024],[-118.52764777999994,32.858012959000064],[-118.52691404099994,32.857825010000056],[-118.52617855599999,32.857644014000073],[-118.52544139099996,32.85746998500008],[-118.52470261199994,32.857302938000032],[-118.52396228599997,32.857142890000034],[-118.52322047899997,32.856989855000052],[-118.52247725699999,32.856843846000061],[-118.52173268699994,32.856704876000038],[-118.52098683399998,32.856572958000072],[-118.52023976699996,32.856448104000037],[-118.51949155199998,32.856330324000055],[-118.51874225499995,32.856219629000066],[-118.51799194599994,32.856116030000067],[-118.51724068899995,32.85601953400004],[-118.51648855199994,32.855930152000042],[-118.51573560399999,32.855847891000053],[-118.51498191099995,32.855772759000047],[-118.51422754099997,32.855704762000073],[-118.51347256099996,32.855643905000079],[-118.51271703999998,32.855590196000037],[-118.51196104299999,32.855543638000029],[-118.51120463999996,32.855504236000058],[-118.51044789799994,32.855471993000037],[-118.50969088499994,32.855446912000048],[-118.50893366899999,32.855428996000057],[-118.50817631599995,32.855418246000056],[-118.50741889499994,32.855414662000044],[-118.50666147599998,32.855418246000056],[-118.50590412399998,32.855428997000047],[-118.50514690699998,32.855446913000037],[-118.50438989299994,32.855471994000027],[-118.50363315199996,32.855504237000048],[-118.50287674799995,32.855543639000075],[-118.50212075199994,32.855590197000026],[-118.50136522999998,32.855643907000058],[-118.50061025099996,32.855704762000073],[-118.49985587999998,32.855772760000036],[-118.49910218799999,32.855847893000032],[-118.49834923899999,32.855930153000031],[-118.49759710299998,32.85601953500003],[-118.49684584599999,32.856116031000056],[-118.49609553599998,32.856219630000055],[-118.49534623999995,32.856330325000044],[-118.49459802399997,32.856448105000027],[-118.49385095699995,32.856572960000051],[-118.49310510499998,32.856704878000073],[-118.49236053499999,32.85684384800004],[-118.49161731199996,32.85698985700003],[-118.49087550599995,32.857142893000059],[-118.49013517899999,32.857302940000068],[-118.48939640099996,32.857469987000059],[-118.48865923599999,32.857644016000052],[-118.48792375099998,32.857825013000024],[-118.48719001199999,32.858012961000043],[-118.48645808399999,32.858207844000049],[-118.48572803199994,32.858409644000062],[-118.48499992299998,32.858618343000046],[-118.48427382199998,32.858833923000077],[-118.48354979299995,32.859056364000025],[-118.48282789999996,32.859285645000057],[-118.48210820999998,32.859521747000031],[-118.48139078699995,32.859764649000056],[-118.48067569399996,32.860014329000023],[-118.47996299599998,32.860270764000063],[-118.47925275599999,32.860533932000067],[-118.47854503799999,32.860803807000025],[-118.47783990499994,32.861080368000046],[-118.47713741999996,32.861363589000064],[-118.47643764799994,32.861653445000059],[-118.47574064899999,32.861949909000032],[-118.47504648799998,32.862252955000031],[-118.47435522399996,32.862562556000057],[-118.47366692099996,32.862878684000066],[-118.47298163999994,32.863201311000068],[-118.47229944199995,32.863530408000031],[-118.47162038999994,32.863865946000033],[-118.47094454299997,32.86420789400006],[-118.47027196099998,32.864556223000079],[-118.46960270599999,32.864910899000051],[-118.46893683799999,32.865271893000056],[-118.46827441399995,32.865639171000055],[-118.46761549599995,32.866012701000045],[-118.46696014199995,32.866392450000035],[-118.46630840999995,32.866778382000064],[-118.46566035899997,32.867170465000072],[-118.46501604799994,32.867568662000053],[-118.46437553399994,32.867972937000047],[-118.46373887299995,32.868383256000072],[-118.46310612399998,32.868799581000076],[-118.46247734199994,32.869221875000051],[-118.46185258399998,32.869650099000069],[-118.46123190699996,32.870084216000066],[-118.46061536599996,32.870524187000058],[-118.46000301499998,32.870969972000069],[-118.45939490899997,32.871421531000067],[-118.45879110399994,32.871878825000067],[-118.45819165199998,32.872341811000069],[-118.45759660999994,32.872810449000042],[-118.45700602699998,32.873284697000031],[-118.45641995999995,32.873764511000047],[-118.45583845799996,32.874249850000069],[-118.45526157399996,32.874740670000051],[-118.45468936099996,32.875236926000071],[-118.45412186999999,32.875738575000071],[-118.45355915199997,32.876245571000027],[-118.45300125399996,32.876757870000063],[-118.45244822999996,32.877275423000071],[-118.45190012899997,32.877798188000043],[-118.45135699899998,32.87832611500005],[-118.45081888699997,32.878859158000068],[-118.45028584499994,32.879397269000037],[-118.44975791699994,32.879940400000066],[-118.44923515299996,32.880488501000059],[-118.44871759899996,32.881041526000047],[-118.44820530099997,32.881599422000079],[-118.44769830499996,32.882162142000027],[-118.44719665599996,32.882729634000043],[-118.44670039999994,32.883301846000052],[-118.44620957999996,32.88387872900006],[-118.44572424199998,32.884460231000048],[-118.44524442599999,32.885046299000066],[-118.44477017899999,32.885636881000039],[-118.44430154099996,32.886231924000072],[-118.44383855499996,32.886831375000042],[-118.44338126199995,32.887435181000058],[-118.44292970199996,32.888043286000027],[-118.44248391699995,32.888655637000056],[-118.44204394599996,32.889272180000034],[-118.44160982999995,32.889892857000063],[-118.44118160599999,32.890517615000078],[-118.44075931199995,32.891146396000067],[-118.44034298799994,32.891779145000044],[-118.43993266899997,32.892415806000031],[-118.43952839299999,32.893056320000028],[-118.43913019599995,32.893700632000048],[-118.43873811299994,32.894348683000032],[-118.43835218099997,32.895000414000037],[-118.43797243199998,32.89565576900003],[-118.43759890299998,32.896314686000039],[-118.43723162399999,32.89697711000008],[-118.43687063099998,32.897642979000068],[-118.43651595399996,32.898312234000059],[-118.43616762699997,32.898984816000052],[-118.43582567799996,32.899660663000077],[-118.43549014099995,32.900339716000076],[-118.43516104399998,32.901021913000079],[-118.43483841599999,32.901707194000039],[-118.43452228799998,32.902395497000043],[-118.43421268799995,32.903086761000054],[-118.43390964199995,32.903780923000056],[-118.43361317699998,32.90447792100008],[-118.43332332199998,32.905177694000031],[-118.43304010199995,32.905880178000075],[-118.43276354099999,32.906585311000072],[-118.43249366499998,32.907293029000073],[-118.43223049799997,32.908003270000052],[-118.43197406199999,32.908715968000024],[-118.43172438299996,32.909431061000078],[-118.43148148199998,32.910148484000047],[-118.43124537899996,32.910868175000076],[-118.43101609699994,32.911590067000077],[-118.43079365699998,32.912314096000046],[-118.43057807799994,32.913040197000043],[-118.43036937899996,32.913768306000065],[-118.43016757799995,32.91449835800006],[-118.42997269599999,32.915230286000053],[-118.42978474799997,32.915964025000051],[-118.42960375099995,32.916699510000058],[-118.42942972199995,32.917436675000033],[-118.42926267599995,32.91817545400005],[-118.42910262799995,32.918915779000031],[-118.42894959199998,32.919657587000074],[-118.42880358299999,32.920400809000057],[-118.42866461399996,32.921145380000041],[-118.42853269499994,32.921891232000064],[-118.42840784099997,32.922638299000027],[-118.42829006099998,32.923386515000061],[-118.42817936599999,32.924135811000042],[-118.42807576699994,32.924886121000043],[-118.42797927199996,32.925637377000044],[-118.42788988999996,32.926389513000061],[-118.42780762899997,32.927142461000074],[-118.42773249599998,32.927896155000042],[-118.42766449899995,32.928650525000023],[-118.42760364299994,32.929405504000044],[-118.42754993399996,32.930161027000054],[-118.42750337499996,32.930917023000063],[-118.42746397399998,32.931673426000032],[-118.42743173099996,32.932430168000053],[-118.42740665099996,32.933187181000051],[-118.42738873399998,32.933944398000051],[-118.42737798299999,32.934701750000045],[-118.42737439899997,32.935459171000048],[-118.42737798299999,32.936216590000072],[-118.42738873399998,32.936973943000055],[-118.42740664999997,32.937731159000066],[-118.42743173099996,32.938488172000064],[-118.42746397399998,32.939244914000028],[-118.42750337599995,32.940001317000053],[-118.42754993399996,32.940757314000052],[-118.42760364299994,32.941512836000072],[-118.42766449999999,32.942267815000037],[-118.42773249799995,32.943022186000064],[-118.42780762999996,32.943775879000043],[-118.42788988999996,32.944528826000067],[-118.42797927299995,32.945280963000073],[-118.42807576799999,32.946032220000063],[-118.42817936799997,32.946782529000075],[-118.42829006299996,32.947531826000045],[-118.42840784299995,32.948280041000032],[-118.42853269699998,32.949027108000053],[-118.42866461599999,32.949772960000075],[-118.42880358499997,32.95051753100006],[-118.42894959499995,32.951260753000042],[-118.42910263099998,32.952002560000039],[-118.42926267799999,32.952742887000056],[-118.42942972399999,32.953481665000027],[-118.42960375399997,32.954218830000059],[-118.42978475099994,32.954954315000066],[-118.42997269899996,32.955688054000063],[-118.43016758199997,32.956419982000057],[-118.43036938199998,32.957150034000051],[-118.43057808099996,32.957878142000027],[-118.43079365999995,32.958604244000071],[-118.43101610099995,32.959328274000029],[-118.43124538199999,32.960050165000041],[-118.43148148499995,32.960769855000024],[-118.43172438699997,32.961487279000039],[-118.43197406599995,32.962202372000036],[-118.43223050099999,32.962915070000065],[-118.43249366899994,32.963625311000044],[-118.43276354499994,32.964333029000045],[-118.43304010599996,32.965038162000042],[-118.43332332699998,32.965740646000029],[-118.43361318199999,32.966440418000047],[-118.43390964599996,32.967137416000071],[-118.43421269199996,32.967831579000062],[-118.43452229299999,32.968522843000073],[-118.43483842199998,32.969211145000031],[-118.43516104899999,32.969896426000048],[-118.43549014599995,32.970578623000051],[-118.43582568299996,32.97125767600005],[-118.43616763199998,32.971933523000075],[-118.43651595999995,32.972606104000079],[-118.43687063699997,32.973275360000059],[-118.43723163099997,32.973941228000058],[-118.43759890799998,32.974603652000042],[-118.43797243899996,32.975262570000041],[-118.43835218699996,32.975917924000044],[-118.43873811999998,32.976569656000038],[-118.43913020199994,32.977217706000033],[-118.43952839899998,32.977862018000053],[-118.43993267599996,32.97850253200005],[-118.44034299399999,32.979139193000037],[-118.44075931899999,32.97977194200007],[-118.44118161099999,32.980400724000049],[-118.44160983699999,32.981025482000064],[-118.44204395399998,32.981646159000036],[-118.44248392399999,32.982262701000025],[-118.44292970899994,32.982875052000054],[-118.44338126799994,32.983483157000023],[-118.44383856199994,32.984086962000049],[-118.44430154799994,32.984686414000066],[-118.44477018599997,32.985281457000042],[-118.44524443399996,32.985872038000025],[-118.44572424899997,32.986458107000033],[-118.44620958799999,32.987039608000032],[-118.44670040699998,32.987616492000029],[-118.44719666399999,32.988188704000038],[-118.44769831199994,32.988756196000054],[-118.44820530899995,32.989318915000069],[-118.44871760699999,32.989876812000034],[-118.44923516099999,32.990429836000033],[-118.44975792599996,32.990977937000025],[-118.45028585299997,32.991521068000054],[-118.45081889599999,32.992059178000034],[-118.45135700599997,32.992592222000042],[-118.45190013699994,32.99312014800006],[-118.45244823899998,32.993642912000041],[-118.45300126299998,32.994160467000029],[-118.45355915899995,32.994672765000075],[-118.45412187999995,32.995179761000031],[-118.45468937099997,32.995681410000032],[-118.45526158399997,32.99617766700004],[-118.45583846599999,32.996668486000033],[-118.45641996799998,32.997153825000055],[-118.45700603699999,32.99763364000006],[-118.45759661799997,32.99810788700006],[-118.45819166199999,32.998576525000033],[-118.45879111299996,32.999039511000035],[-118.45939491899998,32.999496804000046],[-118.46000302399995,32.999948364000034],[-118.46061537499997,33.000394149000044],[-118.46123191599997,33.000834120000036],[-118.46185259399999,33.001268237000033],[-118.46247735199995,33.001696461000051],[-118.46310613299994,33.002118754000037],[-118.46373888299996,33.00253507900004],[-118.46437554299996,33.002945398000065],[-118.46501605899999,33.003349673000059],[-118.46566036899998,33.003747870000041],[-118.46630842099995,33.004139953000049],[-118.46696015099997,33.004525885000078],[-118.46761550599996,33.004905633000078],[-118.46827442499995,33.005279163000068],[-118.46893684799994,33.005646441000067],[-118.46960271699999,33.006007435000072],[-118.47027197199998,33.006362111000044],[-118.47094455299998,33.006710440000063],[-118.47162040099994,33.007052387000044],[-118.47229945299995,33.007387925000046],[-118.47298164999995,33.007717023000055],[-118.47366693099997,33.008039649000068],[-118.47435523399997,33.008355778000066],[-118.47504649799998,33.008665378000046],[-118.47574065999999,33.008968424000045],[-118.47643765899994,33.009264888000075],[-118.47713743199995,33.00955474400007],[-118.47783991599999,33.009837965000031],[-118.47854504899999,33.010114525000063],[-118.47925276599995,33.010384401000067],[-118.47996300699998,33.010647569000071],[-118.48067570499995,33.010904003000064],[-118.48139079899994,33.011153683000032],[-118.48210822199997,33.011396584000067],[-118.48282791199995,33.011632687000031],[-118.48354980399995,33.011861968000062],[-118.48427383299997,33.012084409000067],[-118.48499993499996,33.012299989000041],[-118.48572804399998,33.012508688000025],[-118.48645809499999,33.012710487000049],[-118.48719002299998,33.012905370000055],[-118.48792376199998,33.013093318000074],[-118.48865924799998,33.013274315000046],[-118.48939641199996,33.013448345000029],[-118.49013519099998,33.013615390000041],[-118.49087551699995,33.013775438000039],[-118.49161732499999,33.013928473000078],[-118.49236054599999,33.014074482000069],[-118.49310511699997,33.014213452000035],[-118.49385096899999,33.014345371000047],[-118.49459803599996,33.014470225000025],[-118.49534625199999,33.014588005000064],[-118.49609554799997,33.014698700000054],[-118.49684585699998,33.014802299000053],[-118.49759711499996,33.014898795000079],[-118.49834925099998,33.014988176000031],[-118.49910219899999,33.015070438000066],[-118.49985589199997,33.015145570000072],[-118.50061026199995,33.015213567000046],[-118.50136524199996,33.015274423000051],[-118.50212076399998,33.015328132000036],[-118.50287675999999,33.015374690000044],[-118.50363316399995,33.015414092000071],[-118.50438990599997,33.015446335000036],[-118.50514691899997,33.015471416000025],[-118.50590413599997,33.015489333000062],[-118.50666148699997,33.015500083000063],[-118.50741890799998,33.015503666000029]]]},"properties":{"OBJECTID":30,"bid":30,"zone_id":"D_NUC003","zone_name":"Class D - NUC","restrict":"Controlled Airspace","note":"Valid time: Jan 1, 2026-Dec 31, 2026, daily all hours; You must have an airspace authorization from the FAA. Use LAANC. Prior to flight, the remote pilot in command must assess local airspace and any flight restrictions.","flight_cei":0,"height_met":0,"Area":208.70183301699933,"shape_":"面"}},{"type":"Feature","id":31,"geometry":{"type":"Polygon","coordinates":[[[-118.46196231899995,32.953537130000029],[-118.49100246599994,32.932652842000039],[-118.44338505099995,32.872374341000068],[-118.41019848699995,32.893657029000053],[-118.46196231899995,32.953537130000029]]]},"properties":{"OBJECTID":31,"bid":31,"zone_id":"OTH001","zone_name":"NALF San Clemente Island","restrict":"Flight Restricted Airspace","note":"Valid time: Jan 1, 2026-Dec 31, 2026, daily all hours; No person may operate a small unmanned aircraft in restricted airspace unless that person has permission from the appropriate authority. Individuals violating any of these restrictions may be subjec","flight_cei":0,"height_met":0,"Area":30.251270055527733,"shape_":"面"}},{"type":"Feature","id":32,"geometry":{"type":"Polygon","coordinates":[[[-118.41657717399994,33.936257128000079],[-118.41693444199996,33.936253541000042],[-118.41729156499997,33.936242784000058],[-118.41764840199994,33.936224861000028],[-118.41800480599994,33.936199780000038],[-118.41836063499994,33.936167548000071],[-118.41871574599998,33.936128182000061],[-118.41906999399998,33.936081694000052],[-118.41942323799998,33.936028106000037],[-118.41977533499994,33.935967438000034],[-118.42012614299995,33.935899714000072],[-118.42047552199995,33.935824963000073],[-118.42082332999996,33.935743213000023],[-118.42116942599995,33.935654499000066],[-118.42151367299999,33.935558855000068],[-118.42185592999999,33.935456321000061],[-118.42219605999998,33.935346937000077],[-118.42253392499998,33.935230748000038],[-118.42286939099995,33.935107801000072],[-118.42320231999997,33.93497814400007],[-118.42353258199995,33.934841831000028],[-118.42386003899998,33.934698916000059],[-118.42418456099995,33.93454945700006],[-118.42450601899998,33.934393514000078],[-118.42482428199997,33.934231150000073],[-118.42513922099994,33.93406243000004],[-118.42545070999995,33.933887423000044],[-118.42575862399997,33.933706198000039],[-118.42606283699996,33.933518829000036],[-118.42636322899995,33.933325391000039],[-118.42665967699998,33.933125964000055],[-118.42695206199994,33.932920625000065],[-118.42724026799999,33.93270945900008],[-118.42752417599996,33.932492550000063],[-118.42780367299997,33.932269986000051],[-118.42807864599996,33.932041857000058],[-118.42834898399997,33.931808255000078],[-118.42861457999999,33.931569272000047],[-118.42887532299994,33.931325007000055],[-118.42913111299998,33.931075557000042],[-118.42938184399998,33.930821024000068],[-118.42962741299999,33.930561508000039],[-118.42986772499995,33.93029711500003],[-118.43010268199998,33.930027953000035],[-118.43033218799997,33.92975412800007],[-118.43055615099996,33.92947575200003],[-118.43077448299999,33.929192936000049],[-118.43098709199995,33.928905794000059],[-118.43119389499998,33.928614443000072],[-118.43139480899998,33.928319000000045],[-118.43158975099999,33.928019582000047],[-118.43177864499995,33.92771631200003],[-118.43196141099997,33.927409312000066],[-118.43213798099998,33.927098706000038],[-118.43230827899998,33.926784617000067],[-118.43247223699996,33.926467173000049],[-118.43262979199994,33.926146502000051],[-118.43278087799996,33.925822733000075],[-118.43292543399997,33.925495997000041],[-118.43306340299995,33.925166425000043],[-118.43319472899998,33.924834150000038],[-118.43331935799995,33.92449930500004],[-118.43343724099998,33.924162027000079],[-118.43354832999995,33.923822451000035],[-118.43365258099999,33.923480712000071],[-118.43374995099998,33.923136950000071],[-118.43384040099994,33.922791304000043],[-118.43392389499996,33.922443910000027],[-118.43400039899996,33.922094911000045],[-118.43406988199996,33.921744447000037],[-118.43413231599999,33.921392659000048],[-118.43418767599996,33.921039687000075],[-118.43423594099994,33.920685677000051],[-118.43427708899998,33.920330768000042],[-118.43431110599994,33.919975106000038],[-118.43433797599999,33.919618831000037],[-118.43435768899997,33.919262090000075],[-118.43437023899997,33.918905025000072],[-118.43437561699994,33.91854777900005],[-118.43437382399998,33.918190498000058],[-118.43436485899997,33.917833325000061],[-118.43434872799997,33.91747640400007],[-118.43432543399996,33.917119877000061],[-118.43429498999996,33.916763892000063],[-118.43425740599997,33.916408588000024],[-118.43421269599997,33.916054111000051],[-118.43416088199996,33.915700602000072],[-118.43410198099997,33.915348205000043],[-118.43403601999995,33.914997060000076],[-118.43396302199994,33.914647311000067],[-118.43388301899995,33.914299098000072],[-118.43379604299997,33.913952560000041],[-118.43370212799999,33.913607838000075],[-118.43360131199995,33.913265071000069],[-118.43349363699997,33.912924396000051],[-118.43337914499995,33.912585952000029],[-118.43325788199996,33.912249874000054],[-118.43312989799995,33.911916297000062],[-118.43299524399998,33.911585357000035],[-118.43285397399995,33.911257186000057],[-118.43270614599999,33.910931918000074],[-118.43255181799998,33.910609682000029],[-118.43239105299995,33.910290608000025],[-118.43222391699999,33.909974826000052],[-118.43205047399999,33.909662463000075],[-118.43187079699999,33.909353644000078],[-118.43168495699996,33.909048493000057],[-118.43149302899997,33.908747135000056],[-118.43129509199997,33.908449689000065],[-118.43109122299995,33.908156277000046],[-118.43088150599999,33.907867016000068],[-118.43066602499999,33.907582023000032],[-118.43044486599996,33.907301413000027],[-118.43021811999995,33.907025298000065],[-118.42998587699998,33.906753791000028],[-118.42974823099996,33.906487000000027],[-118.42950527799997,33.906225033000055],[-118.42925711499998,33.905967995000026],[-118.42900384199999,33.905715990000033],[-118.42874556199996,33.905469121000067],[-118.42848237899995,33.905227485000069],[-118.42821439899996,33.904991181000071],[-118.42794172899994,33.904760303000046],[-118.42766447999998,33.90453494500008],[-118.42738276299997,33.904315198000063],[-118.42709669299995,33.904101150000031],[-118.42680638299998,33.90389288700004],[-118.42651195099995,33.903690493000056],[-118.42621351699995,33.903494051000052],[-118.42591119799999,33.903303639000058],[-118.42560511999994,33.903119332000074],[-118.42529540199996,33.902941207000026],[-118.42498217299999,33.902769335000073],[-118.42466555499999,33.902603785000053],[-118.42434567899994,33.902444623000065],[-118.42402267199998,33.902291915000035],[-118.42369666599996,33.902145720000078],[-118.42336779099998,33.902006099000062],[-118.42303617899995,33.901873108000075],[-118.42270196399994,33.90174679900008],[-118.42236528099994,33.901627225000027],[-118.42202626599999,33.901514433000045],[-118.42168505599994,33.901408469000046],[-118.42134178699996,33.901309375000039],[-118.42099659899998,33.901217192000047],[-118.42064962799998,33.901131955000039],[-118.42030101799998,33.901053701000023],[-118.41995090599994,33.90098246000008],[-118.41959943599994,33.900918261000072],[-118.41924674699999,33.900861130000067],[-118.41889298299998,33.900811089000058],[-118.41853828599994,33.900768160000041],[-118.41818279799998,33.900732359000074],[-118.41782666399996,33.900703702000044],[-118.41747002499994,33.900682198000027],[-118.41711302799996,33.900667858000077],[-118.41675581299995,33.900660686000037],[-118.41639852799995,33.900660686000037],[-118.41604131399998,33.900667858000077],[-118.41568431599995,33.900682198000027],[-118.41532767799998,33.900703702000044],[-118.41497154299998,33.900732359000074],[-118.41461605599994,33.90076816100003],[-118.41426135799998,33.900811090000047],[-118.41390759499996,33.900861130000067],[-118.41355490599994,33.900918261000072],[-118.41320343499996,33.90098246000008],[-118.41285332399997,33.901053701000023],[-118.41250471399997,33.901131956000029],[-118.41215774299997,33.901217192000047],[-118.41181255399999,33.901309376000029],[-118.41146928599994,33.901408470000035],[-118.41112807499997,33.901514434000035],[-118.41078906099995,33.901627226000073],[-118.41045237799995,33.901746801000058],[-118.41011816299999,33.901873109000064],[-118.40978655199996,33.90200610100004],[-118.40945767599999,33.902145721000068],[-118.40913166899998,33.902291915000035],[-118.40880866299995,33.902444624000054],[-118.40848878699995,33.902603786000043],[-118.40817216999994,33.902769337000052],[-118.40785893999998,33.902941208000072],[-118.40754922299999,33.903119334000053],[-118.40724314399995,33.903303640000047],[-118.40694082599998,33.903494053000031],[-118.40664239099999,33.903690495000035],[-118.40634795899996,33.903892889000076],[-118.40605764999998,33.904101152000067],[-118.40577157899997,33.904315200000042],[-118.40548986199997,33.904534947000059],[-118.40521261299995,33.904760305000025],[-118.40493994399998,33.90499118200006],[-118.40467196299994,33.905227487000047],[-118.40440877999998,33.905469122000056],[-118.40415049999996,33.905715992000069],[-118.40389722799995,33.905967997000062],[-118.40364906499997,33.906225035000034],[-118.40340611199997,33.906487002000063],[-118.40316846599995,33.906753792000075],[-118.40293622299998,33.907025300000043],[-118.40270947599998,33.907301415000063],[-118.40248831799994,33.907582025000067],[-118.40227283699994,33.907867018000047],[-118.40206311999998,33.908156279000025],[-118.40185925099996,33.908449692000033],[-118.40166131299998,33.908747136000045],[-118.40146938599997,33.909048496000025],[-118.40128354699999,33.909353646000056],[-118.40110386899994,33.909662465000054],[-118.40093042699999,33.909974829000078],[-118.40076328999999,33.91029061100005],[-118.40060252499995,33.910609684000065],[-118.40044819799999,33.910931920000053],[-118.40030036799999,33.911257189000025],[-118.40015909899995,33.911585360000061],[-118.40002444499999,33.91191630000003],[-118.39989646099997,33.912249877000079],[-118.39977519899998,33.912585955000054],[-118.39966070699995,33.912924399000076],[-118.39955303199997,33.913265074000037],[-118.39945221599999,33.913607841000044],[-118.39935830099995,33.913952563000066],[-118.39927132499997,33.914299100000051],[-118.39919132199998,33.914647314000035],[-118.39911832499996,33.914997063000044],[-118.39905236199996,33.915348207000079],[-118.39899346199996,33.915700604000051],[-118.39894164799995,33.91605411300003],[-118.39889693899994,33.916408591000049],[-118.39885935499996,33.916763894000042],[-118.39882890999996,33.91711988000003],[-118.39880561599995,33.917476406000048],[-118.39878948499995,33.917833328000029],[-118.39878051999995,33.918190501000026],[-118.39877872699998,33.918547783000065],[-118.39878410599999,33.91890502800004],[-118.39879665499996,33.919262093000043],[-118.39881636899997,33.919618834000062],[-118.39884323999996,33.919975109000063],[-118.39887725499995,33.920330771000067],[-118.39891840399997,33.920685680000076],[-118.39896666799996,33.921039691000033],[-118.39902202899998,33.921392662000073],[-118.39908446399994,33.921744450000062],[-118.39915394699995,33.92209491400007],[-118.39923044999995,33.922443913000052],[-118.39931394499996,33.922791306000079],[-118.39940439499998,33.923136953000039],[-118.39950176499997,33.923480715000039],[-118.39960601499996,33.92382245400006],[-118.39971710499998,33.924162030000048],[-118.39983498799995,33.924499308000065],[-118.39995961799997,33.924834153000063],[-118.40009094199996,33.925166427000079],[-118.40022891199999,33.925496000000066],[-118.40037346799994,33.925822736000043],[-118.40052455399996,33.926146505000077],[-118.40068210799996,33.926467176000074],[-118.40084606699997,33.926784619000045],[-118.40101636599996,33.927098708000074],[-118.40119293499998,33.927409315000034],[-118.40137570199994,33.927716315000055],[-118.40156459499997,33.928019585000072],[-118.40175953699998,33.928319001000034],[-118.40196045099998,33.92861444600004],[-118.40216725399995,33.928905796000038],[-118.40237986399995,33.929192938000028],[-118.40259819499994,33.929475754000066],[-118.40282215799999,33.929754130000049],[-118.40305166499996,33.930027955000071],[-118.40328662099995,33.930297118000055],[-118.40352693299997,33.930561510000075],[-118.40377250399996,33.930821026000046],[-118.40402323399996,33.931075559000078],[-118.40427902299996,33.93132501000008],[-118.40453976699996,33.931569274000026],[-118.40480536199999,33.931808256000068],[-118.40507570099999,33.932041859000037],[-118.40535067499997,33.93226998800003],[-118.40563017199997,33.932492552000042],[-118.40591407999995,33.932709460000069],[-118.40620228399996,33.932920627000044],[-118.40649466999997,33.933125965000045],[-118.40679111799994,33.933325393000075],[-118.40709150999999,33.933518831000072],[-118.40739572399997,33.933706199000028],[-118.40770363699994,33.933887424000034],[-118.40801512599995,33.934062431000029],[-118.40833006499997,33.934231151000063],[-118.40864832799997,33.934393515000068],[-118.40896978599994,33.934549458000049],[-118.40929430899996,33.934698917000048],[-118.40962176599999,33.934841832000075],[-118.40995202699997,33.934978145000059],[-118.41028495699999,33.935107801000072],[-118.41062042199997,33.935230749000027],[-118.41095828699997,33.935346938000066],[-118.41129841799994,33.93545632200005],[-118.41164067499994,33.935558856000057],[-118.41198492099994,33.935654500000055],[-118.41233101699999,33.93574321400007],[-118.41267882499994,33.935824963000073],[-118.41302820399994,33.935899715000062],[-118.41337901199995,33.935967438000034],[-118.41373110999996,33.936028107000027],[-118.41408435399995,33.936081695000041],[-118.41443860199996,33.936128182000061],[-118.41479371199995,33.936167549000061],[-118.41514954099995,33.936199780000038],[-118.41550594599994,33.936224862000074],[-118.41586278199998,33.936242785000047],[-118.41621990599998,33.936253541000042],[-118.41657717399994,33.936257128000079]]]},"properties":{"OBJECTID":32,"bid":32,"zone_id":"SEC005","zone_name":"Security","restrict":"Flight Restricted Airspace","note":"Valid time: Jun 13, 2026 5:06 AM to Jul 16, 2026 2:29 PM, daily; No person may operate a small unmanned aircraft in restricted airspace unless that person has permission from the appropriate authority. Individuals violating any of these restrictions may","flight_cei":0,"height_met":0,"Area":10.203757709749521,"shape_":"面"}}]}