{"type": "FeatureCollection", "features": [{"type": "Feature", "properties": {"height": 3.366788387298584, "confidence": -1.0}, "geometry": {"type": "Polygon", "coordinates": [[[-118.20854092588978, 34.08050420206747], [-118.20847888517278, 34.08054808526571], [-118.20857292996362, 34.08063929405769], [-118.20863497068066, 34.080595410906696], [-118.20854092588978, 34.08050420206747]]]}},{"type": "Feature", "properties": {"height": 2.994831085205078, "confidence": -1.0}, "geometry": {"type": "Polygon", "coordinates": [[[-118.20872720125888, 34.034805205196925], [-118.20878063520502, 34.03481950775186], [-118.20879946328668, 34.03477120164825], [-118.20874602934053, 34.03475689908518], [-118.20872720125888, 34.034805205196925]]]}},{"type": "Feature", "properties": {"height": 2.8689544200897217, "confidence": -1.0}, "geometry": {"type": "Polygon", "coordinates": [[[-118.20932527542156, 34.06735536702222], [-118.20932478140152, 34.0673919118027], [-118.20941060132819, 34.06739270789954], [-118.20940982049177, 34.067450469681006], [-118.20946613981866, 34.067450992119205], [-118.20946741456372, 34.06735669379798], [-118.20932527542156, 34.06735536702222]]]}},{"type": "Feature", "properties": {"height": -1.0, "confidence": -1.0}, "geometry": {"type": "Polygon", "coordinates": [[[-118.20964773980279, 34.043053714128156], [-118.2096057485985, 34.043037631837386], [-118.2096363937383, 34.04298269291686], [-118.20955020126634, 34.04294968186807], [-118.20949197550068, 34.043054065827285], [-118.20962015917696, 34.04310315911683], [-118.20964773980279, 34.043053714128156]]]}},{"type": "Feature", "properties": {"height": 7.125924587249756, "confidence": -1.0}, "geometry": {"type": "Polygon", "coordinates": [[[-118.2097992209487, 34.05988469897065], [-118.21010264788731, 34.060007219492775], [-118.21014701515774, 34.05993180711194], [-118.20984358821914, 34.05980928648081], [-118.2097992209487, 34.05988469897065]]]}},{"type": "Feature", "properties": {"height": 3.236717462539673, "confidence": -1.0}, "geometry": {"type": "Polygon", "coordinates": [[[-118.20994129880042, 34.053606013139486], [-118.21007176748559, 34.053394616311195], [-118.20998326955502, 34.053357123984995], [-118.20995018477558, 34.0534107382639], [-118.20997063930652, 34.05341940267695], [-118.20987325841081, 34.05357718776501], [-118.20994129880042, 34.053606013139486]]]}},{"type": "Feature", "properties": {"height": 4.26600980758667, "confidence": -1.0}, "geometry": {"type": "Polygon", "coordinates": [[[-118.21010260510315, 34.03014072795531], [-118.21002934705578, 34.0302521256867], [-118.21012033752937, 34.0302932230547], [-118.21019359557673, 34.03018182537727], [-118.21010260510315, 34.03014072795531]]]}},{"type": "Feature", "properties": {"height": 3.290147304534912, "confidence": -1.0}, "geometry": {"type": "Polygon", "coordinates": [[[-118.21104193547785, 34.08018126660018], [-118.21115717277847, 34.08018404553662], [-118.2111595135971, 34.080117455433864], [-118.21104427629648, 34.08011467649527], [-118.21104193547785, 34.08018126660018]]]}},{"type": "Feature", "properties": {"height": 3.9923527240753174, "confidence": -1.0}, "geometry": {"type": "Polygon", "coordinates": [[[-118.21106371259816, 34.080998702001146], [-118.21121658005455, 34.081000093243226], [-118.21121772935346, 34.0809134640108], [-118.21106486189707, 34.08091207276728], [-118.21106371259816, 34.080998702001146]]]}},{"type": "Feature", "properties": {"height": 3.5551393032073975, "confidence": -1.0}, "geometry": {"type": "Polygon", "coordinates": [[[-118.21106462149724, 34.080454935632964], [-118.21098917315715, 34.08035135552005], [-118.21089602095914, 34.08039790250901], [-118.21094773378081, 34.08046890525677], [-118.21099369664469, 34.08044594087509], [-118.21101742488034, 34.080478516430894], [-118.21106462149724, 34.080454935632964]]]}},{"type": "Feature", "properties": {"height": 5.292355537414551, "confidence": -1.0}, "geometry": {"type": "Polygon", "coordinates": [[[-118.21111641872655, 34.01971683661986], [-118.2109888916482, 34.01966495562322], [-118.21091038353943, 34.0197975287241], [-118.21103791061776, 34.01984940963971], [-118.21111641872655, 34.01971683661986]]]}},{"type": "Feature", "properties": {"height": 4.69559383392334, "confidence": -1.0}, "geometry": {"type": "Polygon", "coordinates": [[[-118.21124327377801, 34.056521264305644], [-118.21113951351063, 34.05648653099204], [-118.21110690606878, 34.056553391789144], [-118.21121066633614, 34.05658812507535], [-118.21124327377801, 34.056521264305644]]]}},{"type": "Feature", "properties": {"height": -1.0, "confidence": -1.0}, "geometry": {"type": "Polygon", "coordinates": [[[-118.21133578573654, 34.05190819869865], [-118.21124858592479, 34.05204705725325], [-118.21133724196852, 34.052085270047236], [-118.21142443923966, 34.051946415600966], [-118.21133578573654, 34.05190819869865]]]}},{"type": "Feature", "properties": {"height": 4.2417778968811035, "confidence": -1.0}, "geometry": {"type": "Polygon", "coordinates": [[[-118.21150686736637, 34.08002202885636], [-118.21150535942205, 34.080084207200954], [-118.21172156356434, 34.08008781671884], [-118.21172307676068, 34.080025638464576], [-118.21150686736637, 34.08002202885636]]]}},{"type": "Feature", "properties": {"height": -1.0, "confidence": -1.0}, "geometry": {"type": "Polygon", "coordinates": [[[-118.21219110457517, 34.05119118565423], [-118.2121561218738, 34.051270293604595], [-118.21231929384383, 34.051319818040604], [-118.21235427285617, 34.05124071847863], [-118.21219110457517, 34.05119118565423]]]}},{"type": "Feature", "properties": {"height": 4.329960346221924, "confidence": -1.0}, "geometry": {"type": "Polygon", "coordinates": [[[-118.21227225149603, 34.03826968326768], [-118.21209601905971, 34.03820786671871], [-118.2120609925606, 34.0382764368441], [-118.21223723433575, 34.03833824639732], [-118.21227225149603, 34.03826968326768]]]}},{"type": "Feature", "properties": {"height": 6.7855916023254395, "confidence": -1.0}, "geometry": {"type": "Polygon", "coordinates": [[[-118.21245357475968, 34.02410075629187], [-118.21284401692272, 34.02426264640857], [-118.21288763705218, 34.02419038205163], [-118.21249718395454, 34.0240285099122], [-118.21245357475968, 34.02410075629187]]]}},{"type": "Feature", "properties": {"height": 3.63140869140625, "confidence": -1.0}, "geometry": {"type": "Polygon", "coordinates": [[[-118.21266040930986, 34.065461665249614], [-118.21265971498043, 34.06552165201129], [-118.21274553777849, 34.06552233370706], [-118.21274623210792, 34.065462346945864], [-118.21266040930986, 34.065461665249614]]]}},{"type": "Feature", "properties": {"height": 8.196671485900879, "confidence": -1.0}, "geometry": {"type": "Polygon", "coordinates": [[[-118.21286687885318, 34.02487937482223], [-118.2127655512237, 34.024837884511946], [-118.2127076513092, 34.02493500068946], [-118.21281896152637, 34.02498058494242], [-118.21279978922398, 34.02501274737457], [-118.21294071093259, 34.0250704581996], [-118.21306999100504, 34.02485361547382], [-118.21291907751434, 34.02479182136853], [-118.21286687885318, 34.02487937482223]]]}},{"type": "Feature", "properties": {"height": -1.0, "confidence": -1.0}, "geometry": {"type": "Polygon", "coordinates": [[[-118.21303715930405, 34.0469899368925], [-118.21294455953975, 34.046954231926826], [-118.21288402580157, 34.04706201393362], [-118.21297662556587, 34.04709771885393], [-118.21303715930405, 34.0469899368925]]]}},{"type": "Feature", "properties": {"height": 4.825698375701904, "confidence": -1.0}, "geometry": {"type": "Polygon", "coordinates": [[[-118.21305109354097, 34.027353928086924], [-118.21302004860227, 34.027418445051694], [-118.21322138117557, 34.02748498750934], [-118.21325242126602, 34.027420480670685], [-118.21305109354097, 34.027353928086924]]]}},{"type": "Feature", "properties": {"height": 6.364460468292236, "confidence": 0.9638000130653381}, "geometry": {"type": "Polygon", "coordinates": [[[-118.21350709912826, 33.99409548709641], [-118.21351129294864, 33.99426219990804], [-118.21378744035295, 33.99425742473246], [-118.213787999529, 33.99427965308388], [-118.21390864645322, 33.99427756684258], [-118.21390702484265, 33.994213104605855], [-118.2140464390662, 33.99421069383624], [-118.21404381093873, 33.9941062204492], [-118.21390975880075, 33.994108538499766], [-118.21390925554229, 33.99408853294345], [-118.21350709912826, 33.99409548709641]]]}},{"type": "Feature", "properties": {"height": 4.362634658813477, "confidence": -1.0}, "geometry": {"type": "Polygon", "coordinates": [[[-118.21379748914833, 34.0676935049398], [-118.21380178064915, 34.06781560466154], [-118.21389825838921, 34.06781327777041], [-118.21389396688839, 34.0676911780453], [-118.21379748914833, 34.0676935049398]]]}},{"type": "Feature", "properties": {"height": 5.810692310333252, "confidence": -1.0}, "geometry": {"type": "Polygon", "coordinates": [[[-118.21437223938382, 34.019815742122894], [-118.21455453817063, 34.019881910607225], [-118.21464915419726, 34.019702832301746], [-118.21446685541045, 34.01963666367782], [-118.21437223938382, 34.019815742122894]]]}},{"type": "Feature", "properties": {"height": 3.9086599349975586, "confidence": -1.0}, "geometry": {"type": "Polygon", "coordinates": [[[-118.21441905303365, 34.06922791177985], [-118.21442115319552, 34.06937675435297], [-118.21451929919745, 34.06937579841548], [-118.21451896491698, 34.06935224834098], [-118.21458064724729, 34.069351651133864], [-118.21457927867489, 34.069255235078984], [-118.21452027823358, 34.06925580974137], [-118.21451986829975, 34.06922692984209], [-118.21441905303365, 34.06922791177985]]]}},{"type": "Feature", "properties": {"height": 6.100080966949463, "confidence": -1.0}, "geometry": {"type": "Polygon", "coordinates": [[[-118.2146146573974, 34.035442193114925], [-118.21457944037958, 34.03550956772292], [-118.2147547105238, 34.03557249218814], [-118.21478993233265, 34.03550511935016], [-118.2146146573974, 34.035442193114925]]]}},{"type": "Feature", "properties": {"height": 2.7907822132110596, "confidence": -1.0}, "geometry": {"type": "Polygon", "coordinates": [[[-118.21498512117797, 34.06897202925541], [-118.2150708567114, 34.06896966324041], [-118.21506764342907, 34.068889765459616], [-118.21498190789566, 34.06889213147685], [-118.21498512117797, 34.06897202925541]]]}},{"type": "Feature", "properties": {"height": -1.0, "confidence": -1.0}, "geometry": {"type": "Polygon", "coordinates": [[[-118.21581021329335, 34.069760399116255], [-118.21568688266092, 34.06976247981681], [-118.21568821206544, 34.069816735785764], [-118.21581154287297, 34.069814662233775], [-118.21581021329335, 34.069760399116255]]]}},{"type": "Feature", "properties": {"height": 4.756170749664307, "confidence": -1.0}, "geometry": {"type": "Polygon", "coordinates": [[[-118.21587919885954, 34.0702361949698], [-118.21573269559453, 34.07023712926299], [-118.21573376041916, 34.07035169933536], [-118.21588027328417, 34.07035075648809], [-118.21587919885954, 34.0702361949698]]]}},{"type": "Feature", "properties": {"height": 5.06809663772583, "confidence": -1.0}, "geometry": {"type": "Polygon", "coordinates": [[[-118.21598272282503, 34.02783494039586], [-118.21601741710603, 34.027758020483674], [-118.21586545942196, 34.02771095258353], [-118.21585980003576, 34.027723502243205], [-118.21579524382086, 34.0277035026278], [-118.21576621334412, 34.027767865492685], [-118.21598272282503, 34.02783494039586]]]}},{"type": "Feature", "properties": {"height": 6.418136119842529, "confidence": 0.9998000264167786}, "geometry": {"type": "Polygon", "coordinates": [[[-118.21626376283321, 33.99144656203112], [-118.2176048640166, 33.99144477210181], [-118.21760460994187, 33.99130795874272], [-118.21763527250977, 33.99130791959754], [-118.21763457529289, 33.990948806655545], [-118.21729125342861, 33.99094926488009], [-118.21729141318185, 33.99103154851818], [-118.21660363436665, 33.991032466481336], [-118.21660347517248, 33.99094674369914], [-118.21626283543517, 33.99094717857674], [-118.21626376283321, 33.99144656203112]]]}},{"type": "Feature", "properties": {"height": 3.6020326614379883, "confidence": -1.0}, "geometry": {"type": "Polygon", "coordinates": [[[-118.2164368850176, 34.037040269308065], [-118.21636550092951, 34.03718113523345], [-118.21645898834296, 34.037213662267646], [-118.2165303700953, 34.037072801005536], [-118.2164368850176, 34.037040269308065]]]}},{"type": "Feature", "properties": {"height": 3.6241893768310547, "confidence": 0.9922000169754028}, "geometry": {"type": "Polygon", "coordinates": [[[-118.2167960706293, 34.012858262315724], [-118.21694206958813, 34.01285538249336], [-118.21694385571486, 34.012917600072484], [-118.21712346201521, 34.01291405734943], [-118.21712103798608, 34.01282961919176], [-118.21679543085179, 34.01283604177844], [-118.2167960706293, 34.012858262315724]]]}},{"type": "Feature", "properties": {"height": 4.2125983238220215, "confidence": -1.0}, "geometry": {"type": "Polygon", "coordinates": [[[-118.2170061960831, 34.080039207022885], [-118.21707600194254, 34.08008450408179], [-118.2171267852586, 34.080030816791876], [-118.21705697939916, 34.07998551970427], [-118.2170061960831, 34.080039207022885]]]}},{"type": "Feature", "properties": {"height": -1.0, "confidence": -1.0}, "geometry": {"type": "Polygon", "coordinates": [[[-118.21721518345562, 34.03552102508685], [-118.21713598434873, 34.03565730514283], [-118.21722089896552, 34.035691188868], [-118.21731267826037, 34.035533261783605], [-118.21727566520934, 34.03551849018624], [-118.21726308269811, 34.035540141270616], [-118.21721518345562, 34.03552102508685]]]}},{"type": "Feature", "properties": {"height": 4.441183090209961, "confidence": -1.0}, "geometry": {"type": "Polygon", "coordinates": [[[-118.21779768196501, 34.068381912053205], [-118.21779470177373, 34.068481834892594], [-118.21801182854763, 34.06848626595868], [-118.21801404777344, 34.068411857547815], [-118.2178719774138, 34.068408949974014], [-118.21787273813376, 34.068383443781585], [-118.21779768196501, 34.068381912053205]]]}},{"type": "Feature", "properties": {"height": -1.0, "confidence": -1.0}, "geometry": {"type": "Polygon", "coordinates": [[[-118.21902522390398, 34.04187066491256], [-118.21908682704405, 34.04186873925015], [-118.21908106777732, 34.04174223352617], [-118.21901946463726, 34.04174415919143], [-118.21902522390398, 34.04187066491256]]]}},{"type": "Feature", "properties": {"height": 5.474520206451416, "confidence": -1.0}, "geometry": {"type": "Polygon", "coordinates": [[[-118.21953312584186, 34.05133833250481], [-118.21952675416745, 34.051312754786814], [-118.2196090767485, 34.05129867224003], [-118.21959714667007, 34.05125078147479], [-118.2194710884713, 34.051272338374666], [-118.21948939197068, 34.05134581385459], [-118.21953312584186, 34.05133833250481]]]}},{"type": "Feature", "properties": {"height": -1.0, "confidence": -1.0}, "geometry": {"type": "Polygon", "coordinates": [[[-118.21976094447818, 34.03022283242123], [-118.21998885008453, 34.030303614541886], [-118.22002137478073, 34.03024058228847], [-118.21996806451016, 34.03022168931918], [-118.2199801467169, 34.030198278042754], [-118.22002891899051, 34.030215565596016], [-118.22008709796793, 34.03010281567497], [-118.21984220922606, 34.03001601360051], [-118.2197782123509, 34.030140038632275], [-118.21979973582941, 34.03014766773239], [-118.21976094447818, 34.03022283242123]]]}},{"type": "Feature", "properties": {"height": 4.340770244598389, "confidence": -1.0}, "geometry": {"type": "Polygon", "coordinates": [[[-118.22068471526163, 34.07040146178051], [-118.22071710642966, 34.070468483512386], [-118.22081882181625, 34.07043475285696], [-118.22078643064823, 34.070367731098436], [-118.22068471526163, 34.07040146178051]]]}},{"type": "Feature", "properties": {"height": 5.4764723777771, "confidence": -1.0}, "geometry": {"type": "Polygon", "coordinates": [[[-118.22097990227059, 34.048805635449796], [-118.22086616210288, 34.04890638440266], [-118.22094770239683, 34.048969580982146], [-118.22106144256455, 34.048868832104354], [-118.22097990227059, 34.048805635449796]]]}},{"type": "Feature", "properties": {"height": 3.3015692234039307, "confidence": -1.0}, "geometry": {"type": "Polygon", "coordinates": [[[-118.22217409096939, 34.068704649516626], [-118.22237297828879, 34.06904839452228], [-118.22290776509223, 34.06845679041035], [-118.22287402028383, 34.06839846758289], [-118.22285728544367, 34.068388087103635], [-118.22274299004593, 34.068190544371596], [-118.222676245096, 34.068149142936775], [-118.22217409096939, 34.068704649516626]]]}},{"type": "Feature", "properties": {"height": 3.995185136795044, "confidence": -1.0}, "geometry": {"type": "Polygon", "coordinates": [[[-118.2224226920474, 34.04398712194824], [-118.22242990777067, 34.044042920780846], [-118.22251476416061, 34.044035386580425], [-118.22250754906649, 34.043979592608146], [-118.2224226920474, 34.04398712194824]]]}},{"type": "Feature", "properties": {"height": 6.327393054962158, "confidence": -1.0}, "geometry": {"type": "Polygon", "coordinates": [[[-118.22437426270236, 34.04269419970591], [-118.22447659528832, 34.04298418232521], [-118.22556969316265, 34.04271932560728], [-118.22546740374604, 34.04242939501841], [-118.22437426270236, 34.04269419970591]]]}},{"type": "Feature", "properties": {"height": 6.441822528839111, "confidence": -1.0}, "geometry": {"type": "Polygon", "coordinates": [[[-118.2262029562556, 34.06785051493509], [-118.22667643493537, 34.06854744129805], [-118.22698288378685, 34.06840459589434], [-118.22689690909719, 34.06827803184374], [-118.22703136153524, 34.06821535918342], [-118.2269408015288, 34.06808204474705], [-118.22706710533421, 34.06802317029491], [-118.22677020607266, 34.067586099671715], [-118.2262029562556, 34.06785051493509]]]}},{"type": "Feature", "properties": {"height": 4.771883964538574, "confidence": 1.0}, "geometry": {"type": "Polygon", "coordinates": [[[-118.22640232065534, 33.997494953219864], [-118.22690924830351, 33.99749680633373], [-118.22691018259066, 33.9973211358789], [-118.22640325494245, 33.997319282761225], [-118.22640232065534, 33.997494953219864]]]}},{"type": "Feature", "properties": {"height": 3.072000026702881, "confidence": 1.0}, "geometry": {"type": "Polygon", "coordinates": [[[-118.22828255198297, 33.99416917793576], [-118.22821551367882, 33.994168294893555], [-118.22821423559694, 33.99423499217323], [-118.22828127390106, 33.99423587521473], [-118.22828255198297, 33.99416917793576]]]}},{"type": "Feature", "properties": {"height": 5.332885265350342, "confidence": 1.0}, "geometry": {"type": "Polygon", "coordinates": [[[-118.22838073268564, 33.99132008933062], [-118.22863820658954, 33.99132188225345], [-118.228639603162, 33.99118401135635], [-118.22838212925811, 33.99118221843059], [-118.22838073268564, 33.99132008933062]]]}},{"type": "Feature", "properties": {"height": 6.700428009033203, "confidence": 0.988099992275238}, "geometry": {"type": "Polygon", "coordinates": [[[-118.22874244191127, 34.00081939112905], [-118.22873327887814, 34.001573121998845], [-118.230149341403, 34.00158495349373], [-118.23015336881286, 34.00125366852417], [-118.22967866603463, 34.00124970226912], [-118.2296838016579, 34.00082725645415], [-118.22874244191127, 34.00081939112905]]]}},{"type": "Feature", "properties": {"height": 4.131008625030518, "confidence": -1.0}, "geometry": {"type": "Polygon", "coordinates": [[[-118.23315686888907, 34.02833894904655], [-118.23288181063513, 34.028339012864436], [-118.23288183917713, 34.02840660788985], [-118.23276260703071, 34.02840664246952], [-118.23276258525466, 34.0283421781148], [-118.23255190028863, 34.02834223921763], [-118.23255193181043, 34.028416891213325], [-118.23249170738694, 34.02841690518634], [-118.23249172046653, 34.028455624997264], [-118.23235882913299, 34.02845566353833], [-118.23235889859107, 34.02862015846732], [-118.23249300902539, 34.02862011957275], [-118.23249297711222, 34.02854454086116], [-118.23255198570332, 34.028544523747534], [-118.23255201534785, 34.028614729765366], [-118.23261515582192, 34.02861471511582], [-118.2326151110799, 34.02848226408986], [-118.23275312507337, 34.02848222406313], [-118.23275318139072, 34.028615598312584], [-118.23288192740769, 34.0286155609738], [-118.23288189455589, 34.028537759353746], [-118.2331569360203, 34.028537679586414], [-118.23315686888907, 34.02833894904655]]]}},{"type": "Feature", "properties": {"height": 6.388462543487549, "confidence": -1.0}, "geometry": {"type": "Polygon", "coordinates": [[[-118.23317638338861, 34.07630918461162], [-118.23304125878227, 34.0763971137125], [-118.2331110961366, 34.07647074387157], [-118.23324622148967, 34.07638282219457], [-118.23317638338861, 34.07630918461162]]]}},{"type": "Feature", "properties": {"height": 7.0669026374816895, "confidence": -1.0}, "geometry": {"type": "Polygon", "coordinates": [[[-118.23662750418335, 34.04676433598047], [-118.23665162664074, 34.04676379880492], [-118.23665011392224, 34.04671716150837], [-118.236695678564, 34.046716146842876], [-118.23669373364022, 34.046656184566075], [-118.23666693090979, 34.04665678142856], [-118.23666513005445, 34.04660126076446], [-118.23662224568571, 34.04660221574507], [-118.23662750418335, 34.04676433598047]]]}},{"type": "Feature", "properties": {"height": 9.315077781677246, "confidence": -1.0}, "geometry": {"type": "Polygon", "coordinates": [[[-118.23739107266682, 34.06060745392114], [-118.23702503691831, 34.06050190962126], [-118.23692880581149, 34.06073096073621], [-118.23676752863602, 34.060725396804294], [-118.2367555334439, 34.060753947947795], [-118.23675282018033, 34.06080783448437], [-118.23684105895984, 34.06083327754844], [-118.2368060364308, 34.06083206727037], [-118.23684415876677, 34.0608430595897], [-118.2366898918618, 34.06121024684052], [-118.23657450852792, 34.06120625954139], [-118.23656397027642, 34.06141555226477], [-118.23657781879342, 34.06141954536421], [-118.23653747665303, 34.06151556753154], [-118.23653611132049, 34.06154268336074], [-118.2365447346388, 34.06154298135535], [-118.23655293143541, 34.06152347139489], [-118.23669169008515, 34.06156348118556], [-118.23667170572118, 34.06161104780479], [-118.23671493425712, 34.061623512347886], [-118.23673854634478, 34.061624326937164], [-118.23675295390167, 34.06159003419649], [-118.2369539147048, 34.061647979358916], [-118.23739107266682, 34.06060745392114]]]}},{"type": "Feature", "properties": {"height": -1.0, "confidence": -1.0}, "geometry": {"type": "Polygon", "coordinates": [[[-118.2393998322776, 34.04856157798411], [-118.2393287954128, 34.04912941594339], [-118.2394833209346, 34.04920140777422], [-118.2394979661711, 34.04924272723773], [-118.2395386947896, 34.04926169989551], [-118.2395830543473, 34.04919633431712], [-118.239635727197, 34.04918351770205], [-118.2396910347127, 34.04920928488804], [-118.2397310719514, 34.04915028104043], [-118.2397921093331, 34.04913543265788], [-118.2398214178893, 34.04909223989591], [-118.2397671827207, 34.04906697227034], [-118.2397719010812, 34.04902923034422], [-118.2398149533835, 34.04901875712381], [-118.2398223620631, 34.049007838752], [-118.2398831902541, 34.04901306285734], [-118.2399842568806, 34.04886411810057], [-118.2399854230927, 34.04885479590744], [-118.2399811900159, 34.0488428528274], [-118.2400390762581, 34.0487575547081], [-118.240071539683, 34.04874965739088], [-118.2400494493613, 34.04868733230224], [-118.2400317216068, 34.04867907307912], [-118.2400244677675, 34.04865860238518], [-118.2400043753987, 34.04868821317214], [-118.2399678206888, 34.04869710577505], [-118.2399288150746, 34.04867893562533], [-118.2399129816563, 34.04870226694711], [-118.2399040725216, 34.04870150180142], [-118.2398183108504, 34.04872236489448], [-118.2398337559625, 34.0485988196621], [-118.2393998322776, 34.04856157798411]]]}},{"type": "Feature", "properties": {"height": 4.375908851623535, "confidence": -1.0}, "geometry": {"type": "Polygon", "coordinates": [[[-118.2405147079381, 34.074671041078446], [-118.24051912078801, 34.07476865875651], [-118.24066515121665, 34.07476412960219], [-118.24066074660351, 34.07466651166343], [-118.2405147079381, 34.074671041078446]]]}},{"type": "Feature", "properties": {"height": 4.351243019104004, "confidence": -1.0}, "geometry": {"type": "Polygon", "coordinates": [[[-118.24136554559159, 34.065119286642364], [-118.24133696899035, 34.065197618792645], [-118.24147706011826, 34.065232690927935], [-118.24150563400441, 34.065154366252486], [-118.24136554559159, 34.065119286642364]]]}},{"type": "Feature", "properties": {"height": 6.211843013763428, "confidence": -1.0}, "geometry": {"type": "Polygon", "coordinates": [[[-118.24155289093727, 34.01897932346481], [-118.2418361492261, 34.01903238212003], [-118.24196071823329, 34.01857551338343], [-118.24167745994444, 34.01852245444263], [-118.24155289093727, 34.01897932346481]]]}},{"type": "Feature", "properties": {"height": 2.59297513961792, "confidence": 0.9764999747276306}, "geometry": {"type": "Polygon", "coordinates": [[[-118.24217968014945, 33.99311926739884], [-118.24218390562187, 33.99336706899461], [-118.24230056745337, 33.99336570152765], [-118.24229636300981, 33.99311790645227], [-118.24217968014945, 33.99311926739884]]]}},{"type": "Feature", "properties": {"height": 4.1175537109375, "confidence": -1.0}, "geometry": {"type": "Polygon", "coordinates": [[[-118.24226332852044, 34.06265209316798], [-118.24214220765356, 34.0626061720451], [-118.24210769934989, 34.062668637125824], [-118.24222881585351, 34.0627145565606], [-118.24226332852044, 34.06265209316798]]]}},{"type": "Feature", "properties": {"height": 2.0404536724090576, "confidence": 0.9545000195503235}, "geometry": {"type": "Polygon", "coordinates": [[[-118.24230643679515, 33.99457071047345], [-118.24228022978946, 33.99424079549515], [-118.24216272227798, 33.994247211836324], [-118.24218892928367, 33.99457712678973], [-118.24230643679515, 33.99457071047345]]]}},{"type": "Feature", "properties": {"height": 3.941511631011963, "confidence": 0.9693999886512756}, "geometry": {"type": "Polygon", "coordinates": [[[-118.24247097753572, 34.015661627807816], [-118.242466831916, 34.01583151347584], [-118.2425589804878, 34.015833058403864], [-118.24256314031547, 34.01566317832376], [-118.24247097753572, 34.015661627807816]]]}},{"type": "Feature", "properties": {"height": 2.757871150970459, "confidence": -1.0}, "geometry": {"type": "Polygon", "coordinates": [[[-118.24321967440476, 34.06391872433052], [-118.24321727967303, 34.06404090064959], [-118.24331381363638, 34.064042204749924], [-118.2433162083681, 34.06392002843275], [-118.24321967440476, 34.06391872433052]]]}},{"type": "Feature", "properties": {"height": -1.0, "confidence": -1.0}, "geometry": {"type": "Polygon", "coordinates": [[[-118.2437375179074, 34.02667620755543], [-118.2436963049264, 34.02665444625006], [-118.2436666328763, 34.02669304915034], [-118.2436570931992, 34.02668801255861], [-118.2436308576598, 34.02672214459643], [-118.2436816056464, 34.02674894055956], [-118.2437375179074, 34.02667620755543]]]}},{"type": "Feature", "properties": {"height": 1.7048532962799072, "confidence": 0.8540999889373779}, "geometry": {"type": "Polygon", "coordinates": [[[-118.24419359713012, 34.005849661416256], [-118.24426152127697, 34.00585268803882], [-118.24426534550419, 34.00579370891073], [-118.24427336897988, 34.00579406596238], [-118.24427897552954, 34.0057075989005], [-118.24420301540815, 34.00570421860546], [-118.24419359713012, 34.005849661416256]]]}},{"type": "Feature", "properties": {"height": 3.550837993621826, "confidence": 1.0}, "geometry": {"type": "Polygon", "coordinates": [[[-118.2444221969379, 34.00533533373389], [-118.24442270817066, 34.005308658314384], [-118.24437980365603, 34.005308093241474], [-118.24437716228678, 34.00544591615298], [-118.24446297131608, 34.00544704629695], [-118.24446510145258, 34.005335898806585], [-118.2444221969379, 34.00533533373389]]]}},{"type": "Feature", "properties": {"height": 4.130664825439453, "confidence": 0.9818999767303467}, "geometry": {"type": "Polygon", "coordinates": [[[-118.24469135630575, 34.012044958016354], [-118.24477210494317, 34.01207056426393], [-118.24485087402354, 34.011899889027816], [-118.24477013795679, 34.011874286715056], [-118.24469135630575, 34.012044958016354]]]}},{"type": "Feature", "properties": {"height": 5.5202484130859375, "confidence": -1.0}, "geometry": {"type": "Polygon", "coordinates": [[[-118.24514757486979, 34.03302140102649], [-118.24506587308386, 34.032959669081556], [-118.24509480077288, 34.03297041222488], [-118.2448923069498, 34.03281741248774], [-118.2448840359326, 34.03281434079821], [-118.24472890930848, 34.03310120733301], [-118.24467615609298, 34.033149160142095], [-118.24458280404168, 34.03332179003049], [-118.24449312357534, 34.03340330957791], [-118.24445889240222, 34.033466610915355], [-118.24465864215502, 34.03361752455665], [-118.2447973549291, 34.033669039190166], [-118.24514757486979, 34.03302140102649]]]}},{"type": "Feature", "properties": {"height": 5.072718143463135, "confidence": -1.0}, "geometry": {"type": "Polygon", "coordinates": [[[-118.24526955215407, 34.01887237284117], [-118.2453520782758, 34.018908938823564], [-118.24546764617281, 34.01872975163314], [-118.2453851058814, 34.01869318408339], [-118.24526955215407, 34.01887237284117]]]}},{"type": "Feature", "properties": {"height": 3.581409215927124, "confidence": 0.9934999942779541}, "geometry": {"type": "Polygon", "coordinates": [[[-118.24550586995032, 34.007923165552015], [-118.24538671195589, 34.007904568771295], [-118.24536817963596, 34.00798616733891], [-118.24548733763042, 34.008004764101756], [-118.24550586995032, 34.007923165552015]]]}},{"type": "Feature", "properties": {"height": 1.118936538696289, "confidence": 0.9944000244140625}, "geometry": {"type": "Polygon", "coordinates": [[[-118.24550700889226, 34.00417659282974], [-118.24559547629823, 34.00417492976281], [-118.24559152485017, 34.00403047364275], [-118.24550305744418, 34.00403213671251], [-118.24550700889226, 34.00417659282974]]]}},{"type": "Feature", "properties": {"height": 3.76989483833313, "confidence": 0.9995999932289124}, "geometry": {"type": "Polygon", "coordinates": [[[-118.24560393554336, 33.99966864587385], [-118.24570314916716, 33.99966726425888], [-118.24569989269263, 33.99950720588185], [-118.24560067906883, 33.99950858749939], [-118.24560393554336, 33.99966864587385]]]}},{"type": "Feature", "properties": {"height": 4.71918249130249, "confidence": 0.9980000257492065}, "geometry": {"type": "Polygon", "coordinates": [[[-118.24566093061455, 34.01230049836907], [-118.24555089546675, 34.01226160896449], [-118.24551509562626, 34.0123312195465], [-118.24562512580069, 34.01237010716148], [-118.24566093061455, 34.01230049836907]]]}},{"type": "Feature", "properties": {"height": 11.758464813232422, "confidence": -1.0}, "geometry": {"type": "Polygon", "coordinates": [[[-118.24568161873896, 34.04995490486035], [-118.24611529475855, 34.050222610497485], [-118.24634871107881, 34.04996305271152], [-118.2459150355018, 34.049695321379446], [-118.24568161873896, 34.04995490486035]]]}},{"type": "Feature", "properties": {"height": 2.848571538925171, "confidence": 0.9995999932289124}, "geometry": {"type": "Polygon", "coordinates": [[[-118.2463339360331, 34.01295146259278], [-118.24630398251284, 34.01301515269324], [-118.24650295537171, 34.01307944886035], [-118.24653291356007, 34.013015760316556], [-118.2463339360331, 34.01295146259278]]]}},{"type": "Feature", "properties": {"height": -1.0, "confidence": -1.0}, "geometry": {"type": "Polygon", "coordinates": [[[-118.24643042748434, 34.016661346193786], [-118.24727362634493, 34.01711807011912], [-118.24742717075581, 34.016923337480506], [-118.24745983391367, 34.016941029674946], [-118.24747825786028, 34.01691766098423], [-118.24660238431946, 34.01644323744496], [-118.24643042748434, 34.016661346193786]]]}},{"type": "Feature", "properties": {"height": 2.558255434036255, "confidence": 0.9972000122070312}, "geometry": {"type": "Polygon", "coordinates": [[[-118.24644986803305, 34.01214516123788], [-118.2465334467093, 34.01217761923941], [-118.24663958287222, 34.01198983396398], [-118.246556004196, 34.011957375890645], [-118.24644986803305, 34.01214516123788]]]}},{"type": "Feature", "properties": {"height": 3.7480127811431885, "confidence": 0.9587000012397766}, "geometry": {"type": "Polygon", "coordinates": [[[-118.24646512293212, 34.00611354438371], [-118.24654589766507, 34.00612213939302], [-118.24657422178863, 34.005939214854656], [-118.24649346296324, 34.005930616833936], [-118.24646512293212, 34.00611354438371]]]}},{"type": "Feature", "properties": {"height": 4.747575283050537, "confidence": 0.982699990272522}, "geometry": {"type": "Polygon", "coordinates": [[[-118.2467782858476, 33.99377965377889], [-118.24687215527227, 33.99378036733811], [-118.24687483556646, 33.99353799154795], [-118.24678096614178, 33.99353727798668], [-118.2467782858476, 33.99377965377889]]]}},{"type": "Feature", "properties": {"height": 2.51241135597229, "confidence": 0.9876000285148621}, "geometry": {"type": "Polygon", "coordinates": [[[-118.24704235403472, 34.002362881589306], [-118.24694579923985, 34.002362321361666], [-118.24694403471511, 34.00257132834605], [-118.24704058950995, 34.00257188857231], [-118.24704235403472, 34.002362881589306]]]}},{"type": "Feature", "properties": {"height": 3.19319486618042, "confidence": 0.9959999918937683}, "geometry": {"type": "Polygon", "coordinates": [[[-118.24722894872873, 33.997398661966535], [-118.24732009146321, 33.99739684798757], [-118.24731681905119, 33.99728350331166], [-118.24722567631672, 33.997285317293056], [-118.24722894872873, 33.997398661966535]]]}},{"type": "Feature", "properties": {"height": 8.054240226745605, "confidence": -1.0}, "geometry": {"type": "Polygon", "coordinates": [[[-118.24755435035142, 34.07066641470011], [-118.24794089984916, 34.07081550975889], [-118.24799016670835, 34.07072786606115], [-118.24760361112472, 34.070578768500766], [-118.24755435035142, 34.07066641470011]]]}},{"type": "Feature", "properties": {"height": 4.265631198883057, "confidence": 0.989799976348877}, "geometry": {"type": "Polygon", "coordinates": [[[-118.24763543285825, 34.01111215751774], [-118.24772498080928, 34.01113658011169], [-118.24777561951541, 34.0110090004692], [-118.24780224132606, 34.011016262643565], [-118.24780813995535, 34.01100140156908], [-118.24769196964051, 34.010969718152154], [-118.24763543285825, 34.01111215751774]]]}},{"type": "Feature", "properties": {"height": 4.789970397949219, "confidence": -1.0}, "geometry": {"type": "Polygon", "coordinates": [[[-118.2478915451274, 34.03024472026966], [-118.24776453774639, 34.030467487455084], [-118.24788294295651, 34.03051385196934], [-118.24781456475796, 34.0306337849971], [-118.24790665769916, 34.03066984621745], [-118.24792488068128, 34.030637883758565], [-118.24806520898854, 34.03069284083473], [-118.24824236589552, 34.03038211352995], [-118.2478915451274, 34.03024472026966]]]}},{"type": "Feature", "properties": {"height": -1.0, "confidence": -1.0}, "geometry": {"type": "Polygon", "coordinates": [[[-118.24792373097259, 34.0693176433271], [-118.24808525881313, 34.06936988914407], [-118.24812615943283, 34.06928313575763], [-118.24796462523213, 34.06923088783], [-118.24792373097259, 34.0693176433271]]]}},{"type": "Feature", "properties": {"height": 3.2744083404541016, "confidence": 0.9993000030517578}, "geometry": {"type": "Polygon", "coordinates": [[[-118.24796803156171, 34.00190614944506], [-118.24824019572574, 34.001908233925825], [-118.24824117931931, 34.001819297328666], [-118.24796902266297, 34.00181721290323], [-118.24796803156171, 34.00190614944506]]]}},{"type": "Feature", "properties": {"height": 4.663787364959717, "confidence": -1.0}, "geometry": {"type": "Polygon", "coordinates": [[[-118.24833694619909, 34.01845302485391], [-118.24821080200262, 34.01839691257373], [-118.24816545170324, 34.01846696224161], [-118.24829159498599, 34.01852306675139], [-118.24833694619909, 34.01845302485391]]]}},{"type": "Feature", "properties": {"height": -1.0, "confidence": -1.0}, "geometry": {"type": "Polygon", "coordinates": [[[-118.2483530500705, 34.03459017007047], [-118.2482940301252, 34.03456686533287], [-118.2482409107057, 34.03465925052091], [-118.2482919822045, 34.03467941669687], [-118.2483086451254, 34.03465043233845], [-118.2483165955669, 34.03465357166352], [-118.2483530500705, 34.03459017007047]]]}},{"type": "Feature", "properties": {"height": 2.9723989963531494, "confidence": -1.0}, "geometry": {"type": "Polygon", "coordinates": [[[-118.24862829923397, 34.06940354004912], [-118.24844836794146, 34.069346238822995], [-118.248407934035, 34.06943334470245], [-118.24858786532752, 34.069490645869664], [-118.24862829923397, 34.06940354004912]]]}},{"type": "Feature", "properties": {"height": 2.892284870147705, "confidence": 0.9889000058174133}, "geometry": {"type": "Polygon", "coordinates": [[[-118.24876407630387, 33.99079594901079], [-118.2486874209222, 33.99079510383689], [-118.24868406875369, 33.991004112560674], [-118.24876070649552, 33.991004957538], [-118.24876407630387, 33.99079594901079]]]}},{"type": "Feature", "properties": {"height": 4.355441093444824, "confidence": 1.0}, "geometry": {"type": "Polygon", "coordinates": [[[-118.24882588722274, 34.000700232334026], [-118.2488230742363, 34.00079356663034], [-118.24892225405185, 34.00079562105501], [-118.2489250670383, 34.000702286760955], [-118.24882588722274, 34.000700232334026]]]}},{"type": "Feature", "properties": {"height": 3.8568038940429688, "confidence": 0.9395999908447266}, "geometry": {"type": "Polygon", "coordinates": [[[-118.24907052533646, 33.99284887443691], [-118.24917507805651, 33.99285083408093], [-118.24917956275787, 33.99268635387953], [-118.24911917741515, 33.99268522206772], [-118.2491179086678, 33.992731898988424], [-118.24907373735229, 33.99273107107908], [-118.24907052533646, 33.99284887443691]]]}},{"type": "Feature", "properties": {"height": 5.0003981590271, "confidence": 0.9936000108718872}, "geometry": {"type": "Polygon", "coordinates": [[[-118.2490912609956, 33.99518173035992], [-118.2491636336675, 33.99518020172633], [-118.24915728293625, 33.99497352423925], [-118.24908491026436, 33.994975052876555], [-118.2490912609956, 33.99518173035992]]]}},{"type": "Feature", "properties": {"height": 4.474607944488525, "confidence": -1.0}, "geometry": {"type": "Polygon", "coordinates": [[[-118.25002382105777, 34.017963084718374], [-118.25007510800135, 34.01797957928459], [-118.25012757230482, 34.017867507915795], [-118.25003199209175, 34.017836767999185], [-118.24996415032004, 34.01798168789709], [-118.25000844358952, 34.01799593320135], [-118.25002382105777, 34.017963084718374]]]}},{"type": "Feature", "properties": {"height": 4.636250019073486, "confidence": 0.9807999730110168}, "geometry": {"type": "Polygon", "coordinates": [[[-118.25012467015094, 34.006324993389924], [-118.25022484407026, 34.00632752160693], [-118.2502290864683, 34.006212007306516], [-118.25019425004119, 34.00621112809398], [-118.25019514747156, 34.0061866923562], [-118.25023266362382, 34.00618763920074], [-118.25023396897706, 34.00615209629728], [-118.25017501502349, 34.006150608398066], [-118.25017289382447, 34.00620836560967], [-118.25012898420253, 34.00620725740499], [-118.25012467015094, 34.006324993389924]]]}},{"type": "Feature", "properties": {"height": 5.611820220947266, "confidence": -1.0}, "geometry": {"type": "Polygon", "coordinates": [[[-118.25017020930466, 34.01970359785142], [-118.25009416256317, 34.01966497107569], [-118.25002007556411, 34.01976517415582], [-118.25009612230562, 34.01980380088593], [-118.25017020930466, 34.01970359785142]]]}},{"type": "Feature", "properties": {"height": 2.433357000350952, "confidence": 0.9943000078201294}, "geometry": {"type": "Polygon", "coordinates": [[[-118.25038255464834, 33.99386570573285], [-118.25025923625044, 33.99386801707649], [-118.25026109211025, 33.99393587131558], [-118.25038441031252, 33.99393355282158], [-118.25038255464834, 33.99386570573285]]]}},{"type": "Feature", "properties": {"height": 9.744938850402832, "confidence": -1.0}, "geometry": {"type": "Polygon", "coordinates": [[[-118.25185393812397, 34.043489077754415], [-118.25151292017165, 34.04310671237895], [-118.25130474664314, 34.0432341888901], [-118.25138551405293, 34.04332474913027], [-118.25132479677379, 34.043361929703536], [-118.2513632574451, 34.04340505357455], [-118.25119845340174, 34.04350597213998], [-118.25118563317795, 34.04349159753585], [-118.25126543303054, 34.04344273171088], [-118.2511654352851, 34.043330609650475], [-118.25099195734472, 34.04343683980927], [-118.25132656518518, 34.04381201642109], [-118.25185393812397, 34.043489077754415]]]}},{"type": "Feature", "properties": {"height": 2.5333333015441895, "confidence": 1.0}, "geometry": {"type": "Polygon", "coordinates": [[[-118.25194812464179, 33.99172421197177], [-118.2520244096792, 33.99172494681134], [-118.2520257494765, 33.99162933331162], [-118.25194947250907, 33.99162859854897], [-118.25194812464179, 33.99172421197177]]]}},{"type": "Feature", "properties": {"height": 4.775479316711426, "confidence": -1.0}, "geometry": {"type": "Polygon", "coordinates": [[[-118.25250523243449, 34.07046739992917], [-118.25263929430045, 34.07046951398365], [-118.25264210164299, 34.07034735885512], [-118.2525365334543, 34.07034569412205], [-118.2525347296834, 34.07042447075276], [-118.25250622931462, 34.07042402297553], [-118.25250523243449, 34.07046739992917]]]}},{"type": "Feature", "properties": {"height": 4.394202709197998, "confidence": 0.9952999949455261}, "geometry": {"type": "Polygon", "coordinates": [[[-118.25290970878787, 34.009834604155635], [-118.25290908065313, 34.009884534180586], [-118.25298834946238, 34.00988521941763], [-118.25298898175409, 34.00983529402815], [-118.25290970878787, 34.009834604155635]]]}},{"type": "Feature", "properties": {"height": 4.63392448425293, "confidence": 0.9697999954223633}, "geometry": {"type": "Polygon", "coordinates": [[[-118.25310662379076, 34.01187734596435], [-118.25320316677812, 34.01187629858411], [-118.25320113106586, 34.011747366787056], [-118.25310458807847, 34.01174841416888], [-118.25310662379076, 34.01187734596435]]]}},{"type": "Feature", "properties": {"height": 5.561369895935059, "confidence": -1.0}, "geometry": {"type": "Polygon", "coordinates": [[[-118.25336085600678, 34.0645669586573], [-118.25321601306639, 34.064458651147675], [-118.25314130344384, 34.06452721628732], [-118.25328614638423, 34.064635523709306], [-118.25336085600678, 34.0645669586573]]]}},{"type": "Feature", "properties": {"height": 3.2692909240722656, "confidence": -1.0}, "geometry": {"type": "Polygon", "coordinates": [[[-118.2534340505579, 34.01707748681131], [-118.25336194851359, 34.01727015306332], [-118.25344758595972, 34.017292171062415], [-118.25351968800403, 34.01709950486034], [-118.2534340505579, 34.01707748681131]]]}},{"type": "Feature", "properties": {"height": 5.153360366821289, "confidence": -1.0}, "geometry": {"type": "Polygon", "coordinates": [[[-118.25354372602268, 34.0804257730441], [-118.25371580816643, 34.080471041026726], [-118.25374255387273, 34.08040129437453], [-118.253570462901, 34.080356034008176], [-118.25354372602268, 34.0804257730441]]]}},{"type": "Feature", "properties": {"height": 3.731975555419922, "confidence": 0.9617000222206116}, "geometry": {"type": "Polygon", "coordinates": [[[-118.25378513870916, 33.993147973182936], [-118.25368065097419, 33.99315088959027], [-118.25368633315293, 33.993290832250736], [-118.25379082088791, 33.99328791584819], [-118.25378513870916, 33.993147973182936]]]}},{"type": "Feature", "properties": {"height": 3.2518439292907715, "confidence": 1.0}, "geometry": {"type": "Polygon", "coordinates": [[[-118.25446716960785, 33.99441548658743], [-118.2543934433637, 33.99441308228135], [-118.25438981756939, 33.994489508235034], [-118.2544635504575, 33.99449190847709], [-118.25446716960785, 33.99441548658743]]]}},{"type": "Feature", "properties": {"height": 1.133357048034668, "confidence": 0.9539999961853027}, "geometry": {"type": "Polygon", "coordinates": [[[-118.25490388302565, 34.013070366863914], [-118.255017735646, 34.01306897979429], [-118.2550150161041, 34.012915604406516], [-118.25494673819485, 34.012916436239664], [-118.25494699187884, 34.01293067559097], [-118.25490140426747, 34.012931233631754], [-118.25490388302565, 34.013070366863914]]]}},{"type": "Feature", "properties": {"height": 7.313011169433594, "confidence": -1.0}, "geometry": {"type": "Polygon", "coordinates": [[[-118.25505134682628, 34.06652181250301], [-118.25495011533869, 34.066715723326375], [-118.25507213123319, 34.06675944190342], [-118.25517336583202, 34.06656552522046], [-118.25505134682628, 34.06652181250301]]]}},{"type": "Feature", "properties": {"height": 3.1181640625, "confidence": 0.9965999722480774}, "geometry": {"type": "Polygon", "coordinates": [[[-118.25542378941805, 34.00767215918015], [-118.25542682810193, 34.00781441533368], [-118.25551263188717, 34.007813155857995], [-118.25550959320329, 34.007670899702376], [-118.25542378941805, 34.00767215918015]]]}},{"type": "Feature", "properties": {"height": 3.064110517501831, "confidence": -1.0}, "geometry": {"type": "Polygon", "coordinates": [[[-118.25547713267498, 34.06841052012205], [-118.25557259721262, 34.068451178069765], [-118.25567294247419, 34.06828950354455], [-118.25557747793655, 34.06824884551925], [-118.25547713267498, 34.06841052012205]]]}},{"type": "Feature", "properties": {"height": 4.583425998687744, "confidence": 0.9854999780654907}, "geometry": {"type": "Polygon", "coordinates": [[[-118.2555546351385, 34.01183334719085], [-118.25565112854834, 34.01183544087666], [-118.25565463659464, 34.01172434981163], [-118.2555581431848, 34.01172225612307], [-118.2555546351385, 34.01183334719085]]]}},{"type": "Feature", "properties": {"height": 3.8541886806488037, "confidence": 0.9898999929428101}, "geometry": {"type": "Polygon", "coordinates": [[[-118.25556575216949, 34.00079307627526], [-118.25557075340392, 34.00066201309197], [-118.25548500852628, 34.00065976431693], [-118.25548000729185, 34.00079082750369], [-118.25556575216949, 34.00079307627526]]]}},{"type": "Feature", "properties": {"height": 5.053228855133057, "confidence": 0.9883000254631042}, "geometry": {"type": "Polygon", "coordinates": [[[-118.25576850651312, 33.99405904360899], [-118.25567463063966, 33.994059348661885], [-118.25567539804602, 33.99422168396437], [-118.25576927391946, 33.994221378912044], [-118.25576850651312, 33.99405904360899]]]}},{"type": "Feature", "properties": {"height": 3.2219533920288086, "confidence": 0.7384999990463257}, "geometry": {"type": "Polygon", "coordinates": [[[-118.25660080745804, 33.99215045300536], [-118.25660150126154, 33.9922438513864], [-118.25682535327097, 33.99224269529164], [-118.2568252864436, 33.99223380021593], [-118.25689233906729, 33.9922334539193], [-118.25689207175785, 33.992197873606926], [-118.2569564422766, 33.99219754116202], [-118.25695626930192, 33.992174517305045], [-118.2569669977264, 33.992174462520076], [-118.25696631274565, 33.992083287836756], [-118.25689926009271, 33.992083630243144], [-118.25689975052218, 33.99214890909747], [-118.25660080745804, 33.99215045300536]]]}},{"type": "Feature", "properties": {"height": 9.192326545715332, "confidence": -1.0}, "geometry": {"type": "Polygon", "coordinates": [[[-118.25693845112063, 34.06786961530112], [-118.25698104284194, 34.067885256086015], [-118.25698402409927, 34.06787968526053], [-118.25742563299936, 34.06804185534453], [-118.25747693707011, 34.06794598785712], [-118.25699274900403, 34.06776815332487], [-118.25693845112063, 34.06786961530112]]]}},{"type": "Feature", "properties": {"height": 4.290178298950195, "confidence": -1.0}, "geometry": {"type": "Polygon", "coordinates": [[[-118.25767396494672, 34.0659052630994], [-118.25788343975506, 34.06599715205259], [-118.25792738806588, 34.06592840937527], [-118.25771791932125, 34.06583651086282], [-118.25767396494672, 34.0659052630994]]]}},{"type": "Feature", "properties": {"height": 3.0, "confidence": 0.9728000164031982}, "geometry": {"type": "Polygon", "coordinates": [[[-118.25767567021497, 34.00001654944262], [-118.2577373558369, 34.00001701831855], [-118.25773795534248, 33.999962809787405], [-118.25767626968096, 33.99996234449009], [-118.25767567021497, 34.00001654944262]]]}},{"type": "Feature", "properties": {"height": -1.0, "confidence": -1.0}, "geometry": {"type": "Polygon", "coordinates": [[[-118.25769500553177, 34.02150467506703], [-118.25760166208306, 34.021469490158985], [-118.25757499854838, 34.0215180756845], [-118.2576683395349, 34.02155326505888], [-118.25769500553177, 34.02150467506703]]]}},{"type": "Feature", "properties": {"height": 5.3817644119262695, "confidence": -1.0}, "geometry": {"type": "Polygon", "coordinates": [[[-118.2578978091929, 34.05768334511582], [-118.25783594026824, 34.05778517448322], [-118.25773070554285, 34.057958378853435], [-118.25772734939363, 34.05797542192835], [-118.25770353029947, 34.0579722039197], [-118.25766687499005, 34.05803253429047], [-118.25757908100111, 34.05802066805856], [-118.25754754559489, 34.05800751720481], [-118.25751535580636, 34.058003166433224], [-118.25750068050527, 34.058077689948824], [-118.2576345268026, 34.05813351405691], [-118.25762780502207, 34.05816764828448], [-118.25766195971087, 34.05818189140102], [-118.25755962689952, 34.05835031876773], [-118.25773724660903, 34.05842438917996], [-118.25785250567024, 34.05823468691944], [-118.25776040958687, 34.05819628122273], [-118.25788559200224, 34.058213200837216], [-118.25811790983553, 34.05783088598423], [-118.25811981400744, 34.05782121627155], [-118.25814520804494, 34.057779420543326], [-118.25812409523333, 34.057776566928226], [-118.25810564047627, 34.057806937161914], [-118.2580836475006, 34.057797765657114], [-118.25801989055331, 34.057789148247075], [-118.25804649872086, 34.05774536026875], [-118.2578978091929, 34.05768334511582]]]}},{"type": "Feature", "properties": {"height": 4.072224140167236, "confidence": -1.0}, "geometry": {"type": "Polygon", "coordinates": [[[-118.25843535484545, 34.01758625935276], [-118.25844847324028, 34.01759143730236], [-118.25847700080509, 34.01754178307727], [-118.25835979816293, 34.017495528890635], [-118.25827089648224, 34.01765029122837], [-118.258374966893, 34.017691368725124], [-118.25843535484545, 34.01758625935276]]]}},{"type": "Feature", "properties": {"height": 4.362091541290283, "confidence": 1.0}, "geometry": {"type": "Polygon", "coordinates": [[[-118.25883381345905, 33.999188538284876], [-118.2590144880478, 33.999185235999825], [-118.2590124721177, 33.999109667917544], [-118.25883180390538, 33.99911297008897], [-118.25883381345905, 33.999188538284876]]]}},{"type": "Feature", "properties": {"height": 2.735353469848633, "confidence": 1.0}, "geometry": {"type": "Polygon", "coordinates": [[[-118.25886650955148, 33.99611352088095], [-118.25874584087289, 33.996111924442964], [-118.2587444287926, 33.99618528960585], [-118.25886509747122, 33.99618688604245], [-118.25886650955148, 33.99611352088095]]]}},{"type": "Feature", "properties": {"height": 5.770779609680176, "confidence": -1.0}, "geometry": {"type": "Polygon", "coordinates": [[[-118.25889541681103, 34.063205603710635], [-118.25891170024018, 34.063303739236474], [-118.25907228086673, 34.06328545345975], [-118.2590559974376, 34.06318731791275], [-118.25889541681103, 34.063205603710635]]]}},{"type": "Feature", "properties": {"height": -1.0, "confidence": -1.0}, "geometry": {"type": "Polygon", "coordinates": [[[-118.25940402719803, 34.02590981196902], [-118.25944966956519, 34.02593028255109], [-118.25951590919472, 34.02582883552365], [-118.25947026682758, 34.025808364917104], [-118.25940402719803, 34.02590981196902]]]}},{"type": "Feature", "properties": {"height": 5.170248985290527, "confidence": -1.0}, "geometry": {"type": "Polygon", "coordinates": [[[-118.25943365858268, 34.0215371400729], [-118.2593913094636, 34.021611780659974], [-118.25934079041528, 34.02159209037123], [-118.25929740839088, 34.0216685514101], [-118.25943359017329, 34.021721629521494], [-118.25951932131679, 34.02157052797274], [-118.25943365858268, 34.0215371400729]]]}},{"type": "Feature", "properties": {"height": 4.468096733093262, "confidence": -1.0}, "geometry": {"type": "Polygon", "coordinates": [[[-118.25944350915036, 34.025949011703375], [-118.25935521280931, 34.02591275529748], [-118.25927518874875, 34.026046618569524], [-118.25936348508978, 34.02608287491823], [-118.25944350915036, 34.025949011703375]]]}},{"type": "Feature", "properties": {"height": 3.4804718494415283, "confidence": 0.9861000180244446}, "geometry": {"type": "Polygon", "coordinates": [[[-118.25944966751761, 33.99450796080073], [-118.25944641324443, 33.99461685987767], [-118.25955899691336, 33.99461917252251], [-118.25956583752841, 33.994390262062524], [-118.25947879644657, 33.99438847409758], [-118.2594752202294, 33.994508485694126], [-118.25944966751761, 33.99450796080073]]]}},{"type": "Feature", "properties": {"height": 2.3317830562591553, "confidence": 0.9451000094413757}, "geometry": {"type": "Polygon", "coordinates": [[[-118.25948139692028, 33.9979127556227], [-118.2593956237509, 33.997910914144285], [-118.2593932637581, 33.99798646947267], [-118.25943346993125, 33.997987332664906], [-118.25943267694439, 33.998012720176604], [-118.25947824385811, 33.99801370110308], [-118.25948139692028, 33.9979127556227]]]}},{"type": "Feature", "properties": {"height": 3.6401515007019043, "confidence": 0.9300000071525574}, "geometry": {"type": "Polygon", "coordinates": [[[-118.26055347919464, 33.99633278323697], [-118.260617852211, 33.99633278323697], [-118.260617852211, 33.99630832200494], [-118.26055347919464, 33.99630832200494], [-118.26055347919464, 33.99633278323697]]]}},{"type": "Feature", "properties": {"height": 4.971415996551514, "confidence": 0.9987000226974487}, "geometry": {"type": "Polygon", "coordinates": [[[-118.26115030750789, 34.0053045215844], [-118.2610001344163, 34.00530274413216], [-118.26099860289582, 34.00539166648759], [-118.26114877598741, 34.005393443937976], [-118.26115030750789, 34.0053045215844]]]}},{"type": "Feature", "properties": {"height": 2.2939274311065674, "confidence": 0.9235000014305115}, "geometry": {"type": "Polygon", "coordinates": [[[-118.2615513171547, 33.99940741625674], [-118.26163981183497, 33.99940636362411], [-118.2616366953096, 33.99922628342904], [-118.26155624560027, 33.99922724036983], [-118.26155643797838, 33.999238356442184], [-118.26152425809465, 33.99923873921843], [-118.26152479675335, 33.99926986421315], [-118.26154893166616, 33.99926957713107], [-118.2615513171547, 33.99940741625674]]]}},{"type": "Feature", "properties": {"height": 3.713825225830078, "confidence": 0.9312999844551086}, "geometry": {"type": "Polygon", "coordinates": [[[-118.26178367273062, 34.00934194304279], [-118.26176323720286, 34.00953388422501], [-118.26172065354697, 34.00953076883763], [-118.26171008344637, 34.009630048592854], [-118.2618579670612, 34.0096408676308], [-118.26188899708751, 34.00934964850837], [-118.26178367273062, 34.00934194304279]]]}},{"type": "Feature", "properties": {"height": 3.9185447692871094, "confidence": 0.9714999794960022}, "geometry": {"type": "Polygon", "coordinates": [[[-118.26186057226164, 33.99647404615971], [-118.261952779023, 33.99647184715889], [-118.26194712584153, 33.99630851444403], [-118.26185490511779, 33.99631070843089], [-118.26186057226164, 33.99647404615971]]]}},{"type": "Feature", "properties": {"height": 3.775749683380127, "confidence": 0.9526000022888184}, "geometry": {"type": "Polygon", "coordinates": [[[-118.26193604421395, 34.00512604841222], [-118.26197776431177, 34.00512464204732], [-118.26197504211324, 34.00506914584597], [-118.26187060864447, 34.00507266625137], [-118.26187235085153, 34.00510818382295], [-118.26193506590644, 34.00510606972747], [-118.26193604421395, 34.00512604841222]]]}},{"type": "Feature", "properties": {"height": 3.903937816619873, "confidence": -1.0}, "geometry": {"type": "Polygon", "coordinates": [[[-118.26219226646009, 34.02290434889249], [-118.26213503044245, 34.02288470036365], [-118.26205395999597, 34.02304692461975], [-118.26215567275439, 34.0230818473808], [-118.26221447264179, 34.022964207100884], [-118.26216998600565, 34.02294893273255], [-118.26219226646009, 34.02290434889249]]]}},{"type": "Feature", "properties": {"height": 5.257199764251709, "confidence": 0.9696000218391418}, "geometry": {"type": "Polygon", "coordinates": [[[-118.26223231131073, 34.01083858005154], [-118.26204339355273, 34.0108328807257], [-118.26204149546405, 34.0108761958227], [-118.26210183399364, 34.010878012631515], [-118.26209954361167, 34.01093017946384], [-118.26222811934119, 34.01093405836943], [-118.26223231131073, 34.01083858005154]]]}},{"type": "Feature", "properties": {"height": -1.0, "confidence": -1.0}, "geometry": {"type": "Polygon", "coordinates": [[[-118.2622782250405, 34.02169040388571], [-118.26221136128271, 34.0217987829879], [-118.26227514914797, 34.02182581690281], [-118.26234201471547, 34.02171743490179], [-118.2622782250405, 34.02169040388571]]]}},{"type": "Feature", "properties": {"height": 6.005192756652832, "confidence": 0.9991000294685364}, "geometry": {"type": "Polygon", "coordinates": [[[-118.26272548954113, 33.99880808457088], [-118.26272223543313, 33.99895924674922], [-118.26281340150138, 33.99896059565464], [-118.26281665560936, 33.99880943347869], [-118.26272548954113, 33.99880808457088]]]}},{"type": "Feature", "properties": {"height": 16.13189125061035, "confidence": -1.0}, "geometry": {"type": "Polygon", "coordinates": [[[-118.26279402740073, 34.045308493418396], [-118.26237139653924, 34.045057370050095], [-118.26197954564677, 34.045510187144245], [-118.2622240045116, 34.04565542749024], [-118.26251677609955, 34.045317105782445], [-118.26269494981207, 34.04542297472904], [-118.26279402740073, 34.045308493418396]]]}},{"type": "Feature", "properties": {"height": 4.717570781707764, "confidence": 0.9987999796867371}, "geometry": {"type": "Polygon", "coordinates": [[[-118.26293863786864, 34.009426343297804], [-118.26302445806265, 34.009427129983315], [-118.2630260298762, 34.00930930383213], [-118.26294020968221, 34.00930851714555], [-118.26293863786864, 34.009426343297804]]]}},{"type": "Feature", "properties": {"height": 4.44566535949707, "confidence": 0.9894999861717224}, "geometry": {"type": "Polygon", "coordinates": [[[-118.2638812093125, 33.99618681506191], [-118.26388303745394, 33.99629455546848], [-118.26383744896759, 33.996295089821494], [-118.26384026097814, 33.9964608136889], [-118.26394752811039, 33.99645956261317], [-118.26394288791353, 33.996186095691044], [-118.2638812093125, 33.99618681506191]]]}},{"type": "Feature", "properties": {"height": 3.435344934463501, "confidence": 0.9983000159263611}, "geometry": {"type": "Polygon", "coordinates": [[[-118.26418091710812, 34.00861635478772], [-118.26417844816032, 34.008520791227845], [-118.2641060617184, 34.008522076330614], [-118.26410853066616, 34.00861763988904], [-118.26418091710812, 34.00861635478772]]]}},{"type": "Feature", "properties": {"height": 2.809485912322998, "confidence": 0.9927999973297119}, "geometry": {"type": "Polygon", "coordinates": [[[-118.26430389530032, 34.01209035959452], [-118.26421947562537, 34.01208891479816], [-118.26421507216612, 34.01226570384159], [-118.26429947679817, 34.01226715327423], [-118.26430389530032, 34.01209035959452]]]}},{"type": "Feature", "properties": {"height": -1.0, "confidence": -1.0}, "geometry": {"type": "Polygon", "coordinates": [[[-118.26443951173498, 34.021488178963665], [-118.2645444481821, 34.02153187912725], [-118.26459286935459, 34.02145200482502], [-118.26448793290747, 34.02140830462031], [-118.26443951173498, 34.021488178963665]]]}},{"type": "Feature", "properties": {"height": 0.9108433723449707, "confidence": 0.9391000270843506}, "geometry": {"type": "Polygon", "coordinates": [[[-118.26453280944011, 34.00989179030485], [-118.26458107234879, 34.009892537918006], [-118.26458339928256, 34.00978931691015], [-118.26453513643702, 34.009788566496994], [-118.26453280944011, 34.00989179030485]]]}},{"type": "Feature", "properties": {"height": 3.2200376987457275, "confidence": 0.9901999831199646}, "geometry": {"type": "Polygon", "coordinates": [[[-118.26499836299203, 34.00077578716477], [-118.26499572629147, 34.000915841732585], [-118.26510835163522, 34.00091729899941], [-118.26511098833578, 34.00077724443401], [-118.26499836299203, 34.00077578716477]]]}},{"type": "Feature", "properties": {"height": 17.779678344726562, "confidence": -1.0}, "geometry": {"type": "Polygon", "coordinates": [[[-118.26549260616973, 34.04634551197305], [-118.2654173202677, 34.04647271273509], [-118.2656984054719, 34.04658693079378], [-118.26583095107401, 34.0463629859641], [-118.26574662551275, 34.04632872047215], [-118.26568936581263, 34.04642546475024], [-118.26549260616973, 34.04634551197305]]]}},{"type": "Feature", "properties": {"height": 5.6695170402526855, "confidence": 1.0}, "geometry": {"type": "Polygon", "coordinates": [[[-118.26554680249666, 33.99538037199561], [-118.26534717593093, 33.995382619220045], [-118.26534993630926, 33.99555030754727], [-118.26554954853218, 33.99554804890597], [-118.26554680249666, 33.99538037199561]]]}},{"type": "Feature", "properties": {"height": 4.102578639984131, "confidence": -1.0}, "geometry": {"type": "Polygon", "coordinates": [[[-118.26574541533705, 34.01702441514333], [-118.26584905460838, 34.01685142116738], [-118.26575653365188, 34.0168133400924], [-118.26565289438055, 34.01698633414592], [-118.26574541533705, 34.01702441514333]]]}},{"type": "Feature", "properties": {"height": 5.133175373077393, "confidence": 0.9800999760627747}, "geometry": {"type": "Polygon", "coordinates": [[[-118.26577216871156, 34.00582907335486], [-118.26577650324518, 34.006000207445304], [-118.26587943457012, 34.0059984218179], [-118.26587511447865, 34.005827287473295], [-118.26577216871156, 34.00582907335486]]]}},{"type": "Feature", "properties": {"height": 3.1097235679626465, "confidence": 0.9973000288009644}, "geometry": {"type": "Polygon", "coordinates": [[[-118.26615851575205, 34.005174064199544], [-118.26615423606862, 34.0051017517603], [-118.26606170946836, 34.00510551499495], [-118.26606598274479, 34.00517782232284], [-118.26615851575205, 34.005174064199544]]]}},{"type": "Feature", "properties": {"height": 5.967959403991699, "confidence": 0.9797999858856201}, "geometry": {"type": "Polygon", "coordinates": [[[-118.26632210247365, 34.00310806505448], [-118.26631990484931, 34.00304363299373], [-118.26605863790448, 34.003049757245364], [-118.26606160063987, 34.00313640706917], [-118.26625853868408, 34.00313179072976], [-118.26625778088258, 34.003109572789484], [-118.26632210247365, 34.00310806505448]]]}},{"type": "Feature", "properties": {"height": 2.5206847190856934, "confidence": 0.9503999948501587}, "geometry": {"type": "Polygon", "coordinates": [[[-118.26682086452368, 33.99579419661716], [-118.26688248345056, 33.99579245176663], [-118.2668796817481, 33.99572444227493], [-118.26681806296833, 33.9957261906982], [-118.26682086452368, 33.99579419661716]]]}},{"type": "Feature", "properties": {"height": 2.608637809753418, "confidence": 0.983299970626831}, "geometry": {"type": "Polygon", "coordinates": [[[-118.26712490671187, 33.99612024164131], [-118.26726854940145, 33.996123033869665], [-118.26727030929068, 33.99606080295784], [-118.26712667185161, 33.99605801082949], [-118.26712490671187, 33.99612024164131]]]}},{"type": "Feature", "properties": {"height": 2.968855857849121, "confidence": 1.0}, "geometry": {"type": "Polygon", "coordinates": [[[-118.26715327549095, 34.00097023413915], [-118.2672632311292, 34.000969168692286], [-118.2672609761802, 34.00080826361617], [-118.26715102045256, 34.00080932268598], [-118.26715327549095, 34.00097023413915]]]}},{"type": "Feature", "properties": {"height": 6.135703086853027, "confidence": -1.0}, "geometry": {"type": "Polygon", "coordinates": [[[-118.26724197746955, 34.05990132269993], [-118.26716314243549, 34.05997245345161], [-118.26745332833148, 34.06019320582179], [-118.26753216662578, 34.060122077735535], [-118.26724197746955, 34.05990132269993]]]}},{"type": "Feature", "properties": {"height": 12.98877239227295, "confidence": -1.0}, "geometry": {"type": "Polygon", "coordinates": [[[-118.26734803920836, 34.05750711599087], [-118.26770716333006, 34.05764934014317], [-118.26774056484466, 34.05759145959766], [-118.26738143674278, 34.05744923377197], [-118.26734803920836, 34.05750711599087]]]}},{"type": "Feature", "properties": {"height": 2.8863446712493896, "confidence": -1.0}, "geometry": {"type": "Polygon", "coordinates": [[[-118.26803816680876, 34.050284606427354], [-118.2679745475683, 34.050396831339974], [-118.2682931831242, 34.05052081410086], [-118.26835679378321, 34.050408604490094], [-118.26803816680876, 34.050284606427354]]]}},{"type": "Feature", "properties": {"height": 1.9709141254425049, "confidence": 0.9972000122070312}, "geometry": {"type": "Polygon", "coordinates": [[[-118.2683011997077, 34.00258667718885], [-118.26837223504428, 34.002585230513404], [-118.26837046211377, 34.00252522982088], [-118.26829942171472, 34.00252667660045], [-118.2683011997077, 34.00258667718885]]]}},{"type": "Feature", "properties": {"height": 3.925689458847046, "confidence": -1.0}, "geometry": {"type": "Polygon", "coordinates": [[[-118.2684920002088, 34.02000756058733], [-118.2683895766275, 34.01997443639065], [-118.2683105560929, 34.02014229288778], [-118.2684129796742, 34.02017541701896], [-118.2684920002088, 34.02000756058733]]]}},{"type": "Feature", "properties": {"height": 5.590338230133057, "confidence": 0.9970999956130981}, "geometry": {"type": "Polygon", "coordinates": [[[-118.26906739004158, 34.01085348649798], [-118.26913838387952, 34.01085265450569], [-118.26913747397255, 34.01079930432242], [-118.26908384051228, 34.010799932865034], [-118.26908330973322, 34.010768811909536], [-118.2689224093524, 34.01077069753807], [-118.26892335717214, 34.01082627066366], [-118.26906689961476, 34.010824588457886], [-118.26906739004158, 34.01085348649798]]]}},{"type": "Feature", "properties": {"height": 1.6431137323379517, "confidence": 0.9797000288963318}, "geometry": {"type": "Polygon", "coordinates": [[[-118.26961536127398, 34.00896702127584], [-118.26949740586055, 34.00896478346922], [-118.26949624013821, 34.00900700627265], [-118.26961419555167, 34.00900924407815], [-118.26961536127398, 34.00896702127584]]]}},{"type": "Feature", "properties": {"height": 6.487426280975342, "confidence": 1.0}, "geometry": {"type": "Polygon", "coordinates": [[[-118.26971709100089, 33.99089281284052], [-118.26971431894808, 33.990802594973665], [-118.26959101735892, 33.990805199446555], [-118.26959378963143, 33.99089542446112], [-118.26971709100089, 33.99089281284052]]]}},{"type": "Feature", "properties": {"height": 5.373074531555176, "confidence": -1.0}, "geometry": {"type": "Polygon", "coordinates": [[[-118.26992621975472, 34.058617642454195], [-118.27040403815855, 34.05881180220972], [-118.2704337309674, 34.058761648628], [-118.26995591256357, 34.058567488757596], [-118.26992621975472, 34.058617642454195]]]}},{"type": "Feature", "properties": {"height": 7.05924129486084, "confidence": -1.0}, "geometry": {"type": "Polygon", "coordinates": [[[-118.27029311378709, 34.0685726622754], [-118.27000516960614, 34.06845855880688], [-118.27000352075142, 34.06845963023446], [-118.26998344486216, 34.06843842993894], [-118.26992730664924, 34.06847491186644], [-118.26990471378843, 34.06851403446743], [-118.26984625385883, 34.06855202514935], [-118.26982358898647, 34.06854304244326], [-118.26985116389031, 34.068495292773356], [-118.26951284319574, 34.06836122649566], [-118.26941218882409, 34.06853552327887], [-118.2696537443734, 34.06863125828002], [-118.269683239348, 34.06866240513036], [-118.26964837079824, 34.06868506471603], [-118.26962957937292, 34.06866522087743], [-118.26937737893418, 34.06856528167779], [-118.26933206143477, 34.06864374348955], [-118.2696759898655, 34.068780051427275], [-118.26973313180068, 34.068681102696566], [-118.26971313809764, 34.06865998924555], [-118.26974651538814, 34.06860219203593], [-118.26981950097604, 34.06855476598844], [-118.26969985618334, 34.06876194676435], [-118.2700710137271, 34.068909024587164], [-118.27014131854389, 34.06886334067111], [-118.27019716775536, 34.06876664470405], [-118.27016906666934, 34.06875550750653], [-118.27019858741578, 34.06873632324687], [-118.27029311378709, 34.0685726622754]]]}},{"type": "Feature", "properties": {"height": 5.137362480163574, "confidence": 0.9987999796867371}, "geometry": {"type": "Polygon", "coordinates": [[[-118.27050817244562, 33.99623985110616], [-118.27045186721871, 33.99623894610218], [-118.270447812765, 33.996412333296455], [-118.2705041179919, 33.996413238298544], [-118.27050817244562, 33.99623985110616]]]}},{"type": "Feature", "properties": {"height": 3.7424657344818115, "confidence": 0.9678999781608582}, "geometry": {"type": "Polygon", "coordinates": [[[-118.27115497082353, 33.99955205724386], [-118.27114958335882, 33.99941210885643], [-118.27104079739122, 33.9994149872057], [-118.27104619665852, 33.99955493527612], [-118.27115497082353, 33.99955205724386]]]}},{"type": "Feature", "properties": {"height": 3.533099889755249, "confidence": 0.9775999784469604}, "geometry": {"type": "Polygon", "coordinates": [[[-118.27123303419371, 33.99758821644316], [-118.27112045288587, 33.997590568153825], [-118.27112504546842, 33.99774168471329], [-118.27123762677627, 33.99773933300682], [-118.27123303419371, 33.99758821644316]]]}},{"type": "Feature", "properties": {"height": 3.8569674491882324, "confidence": 0.9951000213623047}, "geometry": {"type": "Polygon", "coordinates": [[[-118.2712913369653, 33.992909387697466], [-118.27115855908262, 33.992907500006716], [-118.27115704177542, 33.992980865047706], [-118.27128981346682, 33.99298275264879], [-118.2712913369653, 33.992909387697466]]]}},{"type": "Feature", "properties": {"height": 3.4689064025878906, "confidence": 1.0}, "geometry": {"type": "Polygon", "coordinates": [[[-118.27138995681634, 34.009349136816276], [-118.2714972115479, 34.009350711132406], [-118.27149887332813, 34.00927291623544], [-118.2713916185966, 34.00927134191787], [-118.27138995681634, 34.009349136816276]]]}},{"type": "Feature", "properties": {"height": 3.097198009490967, "confidence": 0.9753000140190125}, "geometry": {"type": "Polygon", "coordinates": [[[-118.27152447809104, 34.00520852476475], [-118.27107924399172, 34.00521048802622], [-118.2710800349595, 34.00533375987005], [-118.27152526922455, 34.00533182244305], [-118.27152447809104, 34.00520852476475]]]}},{"type": "Feature", "properties": {"height": 3.499859094619751, "confidence": 0.9961000084877014}, "geometry": {"type": "Polygon", "coordinates": [[[-118.27156907043373, 34.00497020337519], [-118.27132499264627, 34.004970939767034], [-118.2713253733467, 34.00505765592884], [-118.27156945113417, 34.00505691953776], [-118.27156907043373, 34.00497020337519]]]}},{"type": "Feature", "properties": {"height": 6.423470497131348, "confidence": -1.0}, "geometry": {"type": "Polygon", "coordinates": [[[-118.27166201507481, 34.06553804630264], [-118.2712964979921, 34.065415831101625], [-118.27124291834663, 34.06552579759967], [-118.27160845229686, 34.065647997088846], [-118.27166201507481, 34.06553804630264]]]}},{"type": "Feature", "properties": {"height": 3.699427604675293, "confidence": 0.9725000262260437}, "geometry": {"type": "Polygon", "coordinates": [[[-118.27219330738774, 34.00001948163846], [-118.27219734135193, 33.99980711044003], [-118.27208471662645, 33.99980563355752], [-118.27208068253817, 34.00001801129288], [-118.27219330738774, 34.00001948163846]]]}},{"type": "Feature", "properties": {"height": 5.694117546081543, "confidence": 0.9760000109672546}, "geometry": {"type": "Polygon", "coordinates": [[[-118.27224146288329, 33.994100379694586], [-118.27235138531518, 33.99410228686913], [-118.27235452719988, 33.993977808130275], [-118.272244604768, 33.99397590095294], [-118.27224146288329, 33.994100379694586]]]}},{"type": "Feature", "properties": {"height": 6.891428470611572, "confidence": 0.9969000220298767}, "geometry": {"type": "Polygon", "coordinates": [[[-118.27266208554259, 34.01139436097421], [-118.27250796658038, 34.01139732948516], [-118.27251005463569, 34.01147181830568], [-118.27266417963257, 34.011468840739475], [-118.27266208554259, 34.01139436097421]]]}},{"type": "Feature", "properties": {"height": 4.040120601654053, "confidence": -1.0}, "geometry": {"type": "Polygon", "coordinates": [[[-118.27278009180752, 34.052805330495595], [-118.27274723649595, 34.052857903952926], [-118.27283184255016, 34.052894199047515], [-118.27286469786176, 34.052841625612686], [-118.27278009180752, 34.052805330495595]]]}},{"type": "Feature", "properties": {"height": 15.203771591186523, "confidence": -1.0}, "geometry": {"type": "Polygon", "coordinates": [[[-118.27305847626607, 34.06276234465718], [-118.27315471626082, 34.062791070684135], [-118.27317276542938, 34.06276979397127], [-118.27326396425862, 34.062797015292595], [-118.27328502329533, 34.06277219296164], [-118.27338933516755, 34.06280332830479], [-118.27345392321146, 34.06265485314477], [-118.27352842967771, 34.06267709642636], [-118.27357481653762, 34.062570441348214], [-118.27373900854973, 34.0625790473796], [-118.27383596773069, 34.062635500955786], [-118.27382678951898, 34.062755809107614], [-118.27379713860006, 34.0628239839071], [-118.27390629064246, 34.06288753647646], [-118.27406235578327, 34.062528703754296], [-118.27366043161669, 34.062408735684514], [-118.27363542855295, 34.062438206974065], [-118.27363551758461, 34.0624370412329], [-118.27376028165156, 34.062150176090995], [-118.27385993635019, 34.06215539368356], [-118.27388788217706, 34.06209113880717], [-118.27386176854965, 34.06208334274913], [-118.27391565532109, 34.061959442604135], [-118.27368300664065, 34.06188998668122], [-118.27371978650051, 34.06180541974227], [-118.27359549303641, 34.06176831258443], [-118.27347475334153, 34.06204587199511], [-118.27343359624629, 34.06209438435905], [-118.27336437887779, 34.06207372396468], [-118.27319453630491, 34.0624642364665], [-118.27318944530691, 34.062461272275485], [-118.27305847626607, 34.06276234465718]]]}},{"type": "Feature", "properties": {"height": 1.131369709968567, "confidence": 0.994700014591217}, "geometry": {"type": "Polygon", "coordinates": [[[-118.27318400866076, 34.00577315495624], [-118.27318855642045, 34.00589755640166], [-118.27335096020352, 34.00589346701197], [-118.27334640195062, 34.00576906582478], [-118.27318400866076, 34.00577315495624]]]}},{"type": "Feature", "properties": {"height": 3.463224411010742, "confidence": -1.0}, "geometry": {"type": "Polygon", "coordinates": [[[-118.27319357738301, 34.080526682245676], [-118.27314211878767, 34.08060750018752], [-118.27329741275177, 34.08067533110389], [-118.27334887583187, 34.080594506183296], [-118.27319357738301, 34.080526682245676]]]}},{"type": "Feature", "properties": {"height": 3.388484001159668, "confidence": -1.0}, "geometry": {"type": "Polygon", "coordinates": [[[-118.27355668360117, 34.080211401224545], [-118.27337718172595, 34.08015664770626], [-118.27334151866164, 34.08023685296195], [-118.27352102053689, 34.08029160642838], [-118.27355668360117, 34.080211401224545]]]}},{"type": "Feature", "properties": {"height": 3.439523696899414, "confidence": 0.9937999844551086}, "geometry": {"type": "Polygon", "coordinates": [[[-118.27370529192416, 33.9945360312361], [-118.27378574990827, 33.99453535426855], [-118.27378384469984, 33.994379704499785], [-118.27370338671572, 33.99438038146857], [-118.27370529192416, 33.9945360312361]]]}},{"type": "Feature", "properties": {"height": 7.930437088012695, "confidence": -1.0}, "geometry": {"type": "Polygon", "coordinates": [[[-118.27409661048726, 34.0524555030107], [-118.27392335273542, 34.05238539653457], [-118.2738593861096, 34.052493929583214], [-118.27403264864273, 34.05256402785723], [-118.27409661048726, 34.0524555030107]]]}},{"type": "Feature", "properties": {"height": 4.152322769165039, "confidence": -1.0}, "geometry": {"type": "Polygon", "coordinates": [[[-118.27424876796542, 34.06953600428911], [-118.27411586445236, 34.06949628403457], [-118.2740721951918, 34.06959654613275], [-118.27420509870488, 34.06963626634028], [-118.27424876796542, 34.06953600428911]]]}},{"type": "Feature", "properties": {"height": 5.990283966064453, "confidence": -1.0}, "geometry": {"type": "Polygon", "coordinates": [[[-118.27450596332457, 34.04421765124731], [-118.27443641771399, 34.04419123399736], [-118.27442069801083, 34.04421964735116], [-118.27439493643145, 34.04420986318085], [-118.27431109302981, 34.04436143307493], [-118.2744064015201, 34.04439763640952], [-118.27450596332457, 34.04421765124731]]]}},{"type": "Feature", "properties": {"height": 4.013309478759766, "confidence": -1.0}, "geometry": {"type": "Polygon", "coordinates": [[[-118.27474246656253, 34.02158259686042], [-118.27473585140922, 34.02160338181055], [-118.27475089794308, 34.02160667062696], [-118.27474128135863, 34.021636886126394], [-118.27479394331814, 34.021648399834824], [-118.27477908474444, 34.021695085741165], [-118.2748392708799, 34.02170824099175], [-118.27485514724779, 34.02165835716449], [-118.2748238679301, 34.02165152024955], [-118.2748311427936, 34.021628656422514], [-118.27478349461408, 34.021618241659816], [-118.27479143082881, 34.021593299292974], [-118.27474246656253, 34.02158259686042]]]}},{"type": "Feature", "properties": {"height": 1.977900505065918, "confidence": 0.993399977684021}, "geometry": {"type": "Polygon", "coordinates": [[[-118.2749553096247, 34.00961676480385], [-118.27490855638486, 34.00961618433479], [-118.27490646785408, 34.009731775140835], [-118.27495323085125, 34.009732355730264], [-118.2749553096247, 34.00961676480385]]]}},{"type": "Feature", "properties": {"height": 2.805835008621216, "confidence": 1.0}, "geometry": {"type": "Polygon", "coordinates": [[[-118.27505167583207, 33.99526952803164], [-118.27504957577084, 33.99519274646324], [-118.27497183168683, 33.995194208100834], [-118.2749739316247, 33.99527098515901], [-118.27505167583207, 33.99526952803164]]]}},{"type": "Feature", "properties": {"height": 2.532289743423462, "confidence": 0.9325000047683716}, "geometry": {"type": "Polygon", "coordinates": [[[-118.27506107730937, 34.0050404606884], [-118.2750075285056, 34.00503858722985], [-118.27500701503294, 34.00504867325115], [-118.27503914422047, 34.00504979918698], [-118.27503705886444, 34.00509076132632], [-118.27500070204186, 34.00508948934721], [-118.27499928227219, 34.00511733135266], [-118.27505706079235, 34.00511935614251], [-118.27506107730937, 34.0050404606884]]]}},{"type": "Feature", "properties": {"height": 6.037363529205322, "confidence": -1.0}, "geometry": {"type": "Polygon", "coordinates": [[[-118.27529821085655, 34.08088295993391], [-118.275246417842, 34.08086694845577], [-118.2752218137874, 34.08092154517374], [-118.27517002077285, 34.08090553370288], [-118.27511777848285, 34.081021459930845], [-118.27522136688712, 34.08105347755514], [-118.27529821085655, 34.08088295993391]]]}},{"type": "Feature", "properties": {"height": -1.0, "confidence": -1.0}, "geometry": {"type": "Polygon", "coordinates": [[[-118.27531384465229, 34.03903703249801], [-118.2752868294069, 34.03900107742631], [-118.2751708550409, 34.0390609130543], [-118.27519787392811, 34.039096872947596], [-118.27531384465229, 34.03903703249801]]]}},{"type": "Feature", "properties": {"height": 6.128097057342529, "confidence": -1.0}, "geometry": {"type": "Polygon", "coordinates": [[[-118.27531794341058, 34.08004137802009], [-118.27554955412589, 34.080135186495795], [-118.27560988908566, 34.08003299520687], [-118.27552840941047, 34.07999999375181], [-118.2755162987556, 34.08002050891693], [-118.27543326619295, 34.07998688330898], [-118.27541362529821, 34.08002014976457], [-118.27537899192023, 34.08000612231651], [-118.27539804506542, 34.07997385134729], [-118.27536557627356, 34.0799607006076], [-118.27531794341058, 34.08004137802009]]]}},{"type": "Feature", "properties": {"height": 2.462568759918213, "confidence": 0.9448000192642212}, "geometry": {"type": "Polygon", "coordinates": [[[-118.2756888062562, 34.00020078151544], [-118.27560029981156, 34.000201408037654], [-118.27560117003934, 34.00028590041301], [-118.2756574923223, 34.00028550171746], [-118.27565765262742, 34.0003010660933], [-118.27559328430402, 34.000301521745286], [-118.27559509346177, 34.000477176645404], [-118.27569164594684, 34.000476493168854], [-118.2756888062562, 34.00020078151544]]]}},{"type": "Feature", "properties": {"height": 7.256022930145264, "confidence": -1.0}, "geometry": {"type": "Polygon", "coordinates": [[[-118.27583833866406, 34.06048534467545], [-118.27612219810769, 34.0606066619443], [-118.27619917099243, 34.0604830705614], [-118.27625424662715, 34.06050661226924], [-118.27632200948871, 34.060397808825634], [-118.27616101917181, 34.06032899449596], [-118.27607030437328, 34.060474650805446], [-118.27603005679404, 34.06045744724388], [-118.27612139809101, 34.0603107849659], [-118.2759837050773, 34.06025193685322], [-118.27583833866406, 34.06048534467545]]]}},{"type": "Feature", "properties": {"height": 2.240860939025879, "confidence": 0.890500009059906}, "geometry": {"type": "Polygon", "coordinates": [[[-118.27588740842073, 34.00724342383248], [-118.2759839434714, 34.00724469521611], [-118.27598742790222, 34.007063683754545], [-118.27589089295937, 34.00706240676882], [-118.27588740842073, 34.00724342383248]]]}},{"type": "Feature", "properties": {"height": 2.2330827713012695, "confidence": 0.982699990272522}, "geometry": {"type": "Polygon", "coordinates": [[[-118.27596689348688, 34.000578878313554], [-118.27596977312686, 34.00066330880417], [-118.27606357526173, 34.00066110452228], [-118.27606069562172, 34.000576674029496], [-118.27596689348688, 34.000578878313554]]]}},{"type": "Feature", "properties": {"height": 2.2146596908569336, "confidence": 0.9211000204086304}, "geometry": {"type": "Polygon", "coordinates": [[[-118.27633242065875, 33.99784222817092], [-118.27632977165808, 33.99781572565438], [-118.27628714899927, 33.997818653891024], [-118.27628979799991, 33.99784515640664], [-118.27633242065875, 33.99784222817092]]]}},{"type": "Feature", "properties": {"height": 13.34872817993164, "confidence": -1.0}, "geometry": {"type": "Polygon", "coordinates": [[[-118.27645422643266, 34.053700007703696], [-118.27639115230997, 34.05380514119999], [-118.27679463739834, 34.05397132790706], [-118.27685771864226, 34.053866197549965], [-118.27645422643266, 34.053700007703696]]]}},{"type": "Feature", "properties": {"height": 3.7372372150421143, "confidence": 0.9758999943733215}, "geometry": {"type": "Polygon", "coordinates": [[[-118.27673134323815, 34.006400154803316], [-118.27680271889022, 34.00640126877055], [-118.2768052428914, 34.00629013386687], [-118.27673387661889, 34.00628902004456], [-118.27673134323815, 34.006400154803316]]]}},{"type": "Feature", "properties": {"height": 6.162835121154785, "confidence": -1.0}, "geometry": {"type": "Polygon", "coordinates": [[[-118.27689360970994, 34.04675278094172], [-118.27676294547962, 34.0467138937133], [-118.27671259991187, 34.04683003346931], [-118.27684326414219, 34.04686892064448], [-118.27689360970994, 34.04675278094172]]]}},{"type": "Feature", "properties": {"height": 2.6713225841522217, "confidence": 0.9916999936103821}, "geometry": {"type": "Polygon", "coordinates": [[[-118.27708342258362, 34.002350387020115], [-118.27718398143593, 34.00234983273316], [-118.27718229467693, 34.002141711698364], [-118.27708175344104, 34.00214227172319], [-118.27708342258362, 34.002350387020115]]]}},{"type": "Feature", "properties": {"height": 5.426856994628906, "confidence": -1.0}, "geometry": {"type": "Polygon", "coordinates": [[[-118.27719052739054, 34.048162112596344], [-118.27731225247281, 34.04821089656812], [-118.27746996012277, 34.04794074250528], [-118.27734823504048, 34.047891958378074], [-118.27719052739054, 34.048162112596344]]]}},{"type": "Feature", "properties": {"height": 2.8786656856536865, "confidence": -1.0}, "geometry": {"type": "Polygon", "coordinates": [[[-118.27719159819038, 34.07085470981026], [-118.27715137675565, 34.070928548267204], [-118.27725611594205, 34.07096769598222], [-118.27729633737677, 34.07089385755938], [-118.27719159819038, 34.07085470981026]]]}},{"type": "Feature", "properties": {"height": -1.0, "confidence": -1.0}, "geometry": {"type": "Polygon", "coordinates": [[[-118.27734082139239, 34.03878599837779], [-118.27730351041495, 34.03884363893793], [-118.27736913089645, 34.03887280641502], [-118.27740644374106, 34.038815170510524], [-118.27734082139239, 34.03878599837779]]]}},{"type": "Feature", "properties": {"height": 5.796510219573975, "confidence": -1.0}, "geometry": {"type": "Polygon", "coordinates": [[[-118.27795097154281, 34.04575798040007], [-118.27787460379538, 34.04593032304765], [-118.27798569209564, 34.04596411896684], [-118.27806205984307, 34.045791776387965], [-118.27795097154281, 34.04575798040007]]]}},{"type": "Feature", "properties": {"height": 5.081250190734863, "confidence": -1.0}, "geometry": {"type": "Polygon", "coordinates": [[[-118.27859125907048, 34.047985193621244], [-118.27852014634416, 34.04795965039133], [-118.27856126219636, 34.04788107828099], [-118.27849578529258, 34.047857559373355], [-118.27838907986659, 34.04806147261319], [-118.27852567840927, 34.04811053785773], [-118.27859125907048, 34.047985193621244]]]}},{"type": "Feature", "properties": {"height": 6.58226203918457, "confidence": -1.0}, "geometry": {"type": "Polygon", "coordinates": [[[-118.27913098139095, 34.05025723146274], [-118.27896812889703, 34.05020019178308], [-118.27891101998557, 34.050312105550155], [-118.27907387641191, 34.05036915597574], [-118.27913098139095, 34.05025723146274]]]}},{"type": "Feature", "properties": {"height": 3.6113457679748535, "confidence": 0.9991000294685364}, "geometry": {"type": "Polygon", "coordinates": [[[-118.27922918878365, 33.99689859076533], [-118.27902805432399, 33.996896513341454], [-118.27902882274921, 33.99684537539711], [-118.2789295964158, 33.996844350534026], [-118.27892809297512, 33.99694440300625], [-118.27922845376821, 33.9969475052908], [-118.27922918878365, 33.99689859076533]]]}},{"type": "Feature", "properties": {"height": 5.916501045227051, "confidence": -1.0}, "geometry": {"type": "Polygon", "coordinates": [[[-118.2796024820467, 34.045968650903205], [-118.27939436757003, 34.04589968883953], [-118.27936107624527, 34.045968665385956], [-118.27945588395131, 34.04600008141858], [-118.27934583762789, 34.04622808674109], [-118.27945914439852, 34.04626563261507], [-118.2796024820467, 34.045968650903205]]]}},{"type": "Feature", "properties": {"height": 2.6254546642303467, "confidence": 1.0}, "geometry": {"type": "Polygon", "coordinates": [[[-118.27971315521478, 34.00250585099773], [-118.27971166354313, 34.00245028884092], [-118.27962319446871, 34.00245192117424], [-118.27962468614035, 34.00250748332997], [-118.27971315521478, 34.00250585099773]]]}},{"type": "Feature", "properties": {"height": 5.353203773498535, "confidence": -1.0}, "geometry": {"type": "Polygon", "coordinates": [[[-118.27976882040383, 34.04766410441275], [-118.27965064283342, 34.04761313023565], [-118.27959351666362, 34.047704054690385], [-118.27971169423404, 34.047755028812794], [-118.27976882040383, 34.04766410441275]]]}},{"type": "Feature", "properties": {"height": 2.980630397796631, "confidence": 0.9966999888420105}, "geometry": {"type": "Polygon", "coordinates": [[[-118.27982219672874, 33.993619633266086], [-118.27982746999369, 33.99343960991191], [-118.2797202448761, 33.993437450863794], [-118.27971601324374, 33.993581914083144], [-118.27974818077902, 33.993582561796494], [-118.27974713914644, 33.993618121935604], [-118.27982219672874, 33.993619633266086]]]}},{"type": "Feature", "properties": {"height": 1.0531400442123413, "confidence": -1.0}, "geometry": {"type": "Polygon", "coordinates": [[[-118.28014821666108, 34.08037339255233], [-118.28006865320828, 34.08036637283671], [-118.28006272047433, 34.08041250185871], [-118.28014228392713, 34.0804195215705], [-118.28014821666108, 34.08037339255233]]]}},{"type": "Feature", "properties": {"height": 6.127967834472656, "confidence": -1.0}, "geometry": {"type": "Polygon", "coordinates": [[[-118.28062833303395, 34.04684559756901], [-118.2810496300394, 34.0470148593365], [-118.28120441915343, 34.04675035165858], [-118.28116532974056, 34.04673464692375], [-118.28118954844548, 34.04669326128639], [-118.2808073408529, 34.046539703650794], [-118.28062833303395, 34.04684559756901]]]}},{"type": "Feature", "properties": {"height": 13.608770370483398, "confidence": -1.0}, "geometry": {"type": "Polygon", "coordinates": [[[-118.28133234456683, 34.064296855897766], [-118.2819712871897, 34.06455069130913], [-118.28211618730033, 34.064300387631455], [-118.28157102929036, 34.06408377822586], [-118.28157879812025, 34.06407035812094], [-118.2814850283838, 34.064033105661515], [-118.28133234456683, 34.064296855897766]]]}},{"type": "Feature", "properties": {"height": 3.4078540802001953, "confidence": 0.9843999743461609}, "geometry": {"type": "Polygon", "coordinates": [[[-118.28146129846573, 33.995307629202884], [-118.28150421380997, 33.995307629202884], [-118.28150421380997, 33.9953876850608], [-118.28157126903534, 33.9953876850608], [-118.28157126903534, 33.995163083712804], [-118.28146129846573, 33.995163083712804], [-118.28146129846573, 33.995307629202884]]]}},{"type": "Feature", "properties": {"height": 6.9056477546691895, "confidence": -1.0}, "geometry": {"type": "Polygon", "coordinates": [[[-118.28164343799851, 34.04535679305489], [-118.28175268722825, 34.04534943740073], [-118.28175441937744, 34.045367100488484], [-118.28183702245357, 34.04536153889707], [-118.28182857822634, 34.045275431303835], [-118.28181149582967, 34.04527658144756], [-118.2818041404949, 34.045201512794904], [-118.28162936428643, 34.04521328034289], [-118.28164343799851, 34.04535679305489]]]}},{"type": "Feature", "properties": {"height": 6.058157920837402, "confidence": -1.0}, "geometry": {"type": "Polygon", "coordinates": [[[-118.28164349200688, 34.05393623794313], [-118.28141933463392, 34.053839181100074], [-118.28137969758032, 34.053902019506786], [-118.28141340644582, 34.05391661494563], [-118.28139468894827, 34.05394628861639], [-118.2815851435944, 34.054028752577715], [-118.28164349200688, 34.05393623794313]]]}},{"type": "Feature", "properties": {"height": 5.409090995788574, "confidence": 0.9745000004768372}, "geometry": {"type": "Polygon", "coordinates": [[[-118.28186213674338, 34.00804685608013], [-118.28186544089262, 34.008184654891224], [-118.28196732458218, 34.00818297614932], [-118.28196402043292, 34.008045177335504], [-118.28186213674338, 34.00804685608013]]]}},{"type": "Feature", "properties": {"height": 2.1117570400238037, "confidence": -1.0}, "geometry": {"type": "Polygon", "coordinates": [[[-118.28191830351011, 34.08043188022481], [-118.2820220604734, 34.080478361193755], [-118.28206695598362, 34.08040961169358], [-118.28196319902032, 34.0803631306869], [-118.28191830351011, 34.08043188022481]]]}},{"type": "Feature", "properties": {"height": 5.221470832824707, "confidence": 0.9965999722480774}, "geometry": {"type": "Polygon", "coordinates": [[[-118.28192493536815, 33.99626070774267], [-118.28192320858828, 33.99637187673011], [-118.28203852445178, 33.996373107928946], [-118.28204052751646, 33.99624415189188], [-118.28196811988124, 33.99624337881236], [-118.28196784359645, 33.996261165863764], [-118.28192493536815, 33.99626070774267]]]}},{"type": "Feature", "properties": {"height": 5.661498546600342, "confidence": 0.9467999935150146}, "geometry": {"type": "Polygon", "coordinates": [[[-118.28197975926278, 34.01359001439272], [-118.28186593285605, 34.013589274797106], [-118.28186566198596, 34.01361817588347], [-118.28174078401749, 34.013617364479785], [-118.28174009023002, 34.01369072869218], [-118.28197879216508, 34.01369227967404], [-118.28197975926278, 34.01359001439272]]]}},{"type": "Feature", "properties": {"height": 3.380833387374878, "confidence": -1.0}, "geometry": {"type": "Polygon", "coordinates": [[[-118.28202019280302, 34.080197697160855], [-118.28213239512026, 34.080245717663146], [-118.28219522714248, 34.08014499156318], [-118.28208302162284, 34.08009697613758], [-118.28202019280302, 34.080197697160855]]]}},{"type": "Feature", "properties": {"height": 8.737133026123047, "confidence": -1.0}, "geometry": {"type": "Polygon", "coordinates": [[[-118.28211944867252, 34.06844408570794], [-118.2820578355427, 34.06856468041965], [-118.28212022690474, 34.068586557429526], [-118.28218184867539, 34.06846596577877], [-118.28211944867252, 34.06844408570794]]]}},{"type": "Feature", "properties": {"height": 6.7022385597229, "confidence": -1.0}, "geometry": {"type": "Polygon", "coordinates": [[[-118.28212007980272, 34.04981176067861], [-118.28227082164022, 34.04987585269841], [-118.28234926550229, 34.04974919626587], [-118.2821985236648, 34.04968510415031], [-118.28212007980272, 34.04981176067861]]]}},{"type": "Feature", "properties": {"height": 9.216012001037598, "confidence": -1.0}, "geometry": {"type": "Polygon", "coordinates": [[[-118.28219032737988, 34.067214866636036], [-118.28208749915963, 34.06717562663718], [-118.28208081550808, 34.067187647168176], [-118.28187945327515, 34.06711081750414], [-118.28189677958181, 34.067079656152245], [-118.28179604763534, 34.06704122188577], [-118.28171042456464, 34.067195191488025], [-118.2821153510334, 34.06734969076464], [-118.28219032737988, 34.067214866636036]]]}},{"type": "Feature", "properties": {"height": -1.0, "confidence": -1.0}, "geometry": {"type": "Polygon", "coordinates": [[[-118.2825594838062, 34.03794998994324], [-118.2825354212152, 34.03785495955683], [-118.2824767409413, 34.03786516607622], [-118.2824511778675, 34.03785505775259], [-118.2817212589904, 34.03798197334818], [-118.2817581983807, 34.03812780916893], [-118.2819436348447, 34.03820113544726], [-118.2820410617971, 34.03818419526372], [-118.2820671721891, 34.0381388526238], [-118.2822208314187, 34.03819961337475], [-118.2824004235652, 34.03816838665405], [-118.2824275452866, 34.03817911126897], [-118.2825594838062, 34.03794998994324]]]}},{"type": "Feature", "properties": {"height": 6.103456974029541, "confidence": -1.0}, "geometry": {"type": "Polygon", "coordinates": [[[-118.28284741038793, 34.04199414231851], [-118.28266399432282, 34.041926319824874], [-118.28260310653134, 34.04203938080693], [-118.28278652259644, 34.04210720321015], [-118.28284741038793, 34.04199414231851]]]}},{"type": "Feature", "properties": {"height": 4.32781982421875, "confidence": 0.9678999781608582}, "geometry": {"type": "Polygon", "coordinates": [[[-118.28367278169468, 34.00717925195849], [-118.28357088555175, 34.00718064715637], [-118.28357491602554, 34.00738292695829], [-118.28359904932255, 34.00738259651748], [-118.28359838495874, 34.00734925372603], [-118.28367614780466, 34.007348188971854], [-118.28367278169468, 34.00717925195849]]]}},{"type": "Feature", "properties": {"height": 4.819478511810303, "confidence": -1.0}, "geometry": {"type": "Polygon", "coordinates": [[[-118.28382014979675, 34.08084614052566], [-118.28370534753081, 34.08079972282828], [-118.28365510946055, 34.08088497053608], [-118.28376991489375, 34.080931382812295], [-118.28382014979675, 34.08084614052566]]]}},{"type": "Feature", "properties": {"height": 8.291216850280762, "confidence": -1.0}, "geometry": {"type": "Polygon", "coordinates": [[[-118.28420575856255, 34.03262052513233], [-118.28440415103304, 34.03261700399869], [-118.28440498373986, 34.03264922576948], [-118.28474010665836, 34.03264329733904], [-118.28473473747559, 34.03243553541917], [-118.28466883937347, 34.032436705002496], [-118.28466946890168, 34.03246114465423], [-118.284417456467, 34.03246561746054], [-118.28441501206588, 34.03237072046981], [-118.28445050135207, 34.03230498908519], [-118.28441487945369, 34.032305621316496], [-118.28441275501025, 34.03222341515971], [-118.28445028872088, 34.032222748996205], [-118.2844490255383, 34.03217386962161], [-118.28441264034157, 34.032174515401216], [-118.28441172466418, 34.03213896669447], [-118.28445201218248, 34.03213825165453], [-118.28449124490392, 34.0320655866744], [-118.28424741054829, 34.03197517207463], [-118.28421096569377, 34.0319758189146], [-118.28419009625023, 34.03201446630845], [-118.28420575856255, 34.03262052513233]]]}},{"type": "Feature", "properties": {"height": 3.3585736751556396, "confidence": 0.9768000245094299}, "geometry": {"type": "Polygon", "coordinates": [[[-118.28450165261181, 33.991314928273205], [-118.28449838588593, 33.991172651435626], [-118.28439381763047, 33.991174301939914], [-118.28439708435636, 33.99131657877475], [-118.28450165261181, 33.991314928273205]]]}},{"type": "Feature", "properties": {"height": 7.004326343536377, "confidence": -1.0}, "geometry": {"type": "Polygon", "coordinates": [[[-118.28450316625198, 34.06727362793306], [-118.2849698676578, 34.067272653841016], [-118.28496905669267, 34.0670060283772], [-118.28481488932034, 34.067006350153996], [-118.28481508023583, 34.06706742212492], [-118.28486195476057, 34.06706732157125], [-118.28486206636705, 34.067104015074335], [-118.28461134837889, 34.06710453837013], [-118.28461122677191, 34.067065637529836], [-118.28467419459652, 34.067065502453325], [-118.28467400881603, 34.067004422302084], [-118.28450234852882, 34.06700478058996], [-118.28450316625198, 34.06727362793306]]]}},{"type": "Feature", "properties": {"height": 3.766674280166626, "confidence": -1.0}, "geometry": {"type": "Polygon", "coordinates": [[[-118.28487022312775, 34.04440915699101], [-118.2852859337074, 34.04440614345331], [-118.28528301306775, 34.04412952120814], [-118.28506577063183, 34.04413108343215], [-118.28506761207068, 34.04430549154345], [-118.28486914379394, 34.04430693026639], [-118.28487022312775, 34.04440915699101]]]}},{"type": "Feature", "properties": {"height": 3.6483325958251953, "confidence": 1.0}, "geometry": {"type": "Polygon", "coordinates": [[[-118.28500953936864, 34.00553726326504], [-118.28500726001916, 34.005683990272644], [-118.28510112176853, 34.00568499230136], [-118.285103401118, 34.00553826529549], [-118.28500953936864, 34.00553726326504]]]}},{"type": "Feature", "properties": {"height": 7.529386043548584, "confidence": -1.0}, "geometry": {"type": "Polygon", "coordinates": [[[-118.28511617320783, 34.05579669908336], [-118.28512325866811, 34.05551237944087], [-118.28501065389133, 34.0555104532581], [-118.28500356843104, 34.055794772907056], [-118.28511617320783, 34.05579669908336]]]}},{"type": "Feature", "properties": {"height": 6.142275810241699, "confidence": -1.0}, "geometry": {"type": "Polygon", "coordinates": [[[-118.28553968680062, 34.06712523209394], [-118.28553715179082, 34.06698632376756], [-118.28505714658603, 34.066992362774435], [-118.28505968108806, 34.067131243267795], [-118.28553968680062, 34.06712523209394]]]}},{"type": "Feature", "properties": {"height": 2.493842363357544, "confidence": 0.9987999796867371}, "geometry": {"type": "Polygon", "coordinates": [[[-118.28556277289138, 34.00737689030698], [-118.2854876888402, 34.00737784868187], [-118.28548888623922, 34.00744231368179], [-118.28556397029041, 34.007441355307634], [-118.28556277289138, 34.00737689030698]]]}},{"type": "Feature", "properties": {"height": 7.390305042266846, "confidence": -1.0}, "geometry": {"type": "Polygon", "coordinates": [[[-118.28565799176427, 34.05710981436123], [-118.2856601351786, 34.056984208922614], [-118.28553545662089, 34.05698274858165], [-118.28553330272167, 34.05710834666966], [-118.28565799176427, 34.05710981436123]]]}},{"type": "Feature", "properties": {"height": 4.491306304931641, "confidence": 0.9871000051498413}, "geometry": {"type": "Polygon", "coordinates": [[[-118.28585965133665, 33.99711279104668], [-118.28585887834573, 33.9972494567835], [-118.2859484115515, 33.99724980486086], [-118.28594919604949, 33.99711314436521], [-118.28585965133665, 33.99711279104668]]]}},{"type": "Feature", "properties": {"height": 6.668234825134277, "confidence": -1.0}, "geometry": {"type": "Polygon", "coordinates": [[[-118.28619897481836, 34.02660470822411], [-118.28669186340719, 34.026619403526524], [-118.28669600713359, 34.02652393995262], [-118.2866611834833, 34.02652290169647], [-118.28666262896925, 34.026489600424085], [-118.28653137059506, 34.02648568699542], [-118.28653098513212, 34.02649456733642], [-118.28620417856779, 34.02648482369795], [-118.28619897481836, 34.02660470822411]]]}},{"type": "Feature", "properties": {"height": 3.6205437183380127, "confidence": 1.0}, "geometry": {"type": "Polygon", "coordinates": [[[-118.28621812480795, 33.99080069467789], [-118.28612157495463, 33.99080149587144], [-118.28612280968333, 33.990903784633424], [-118.28621935953667, 33.99090298344083], [-118.28621812480795, 33.99080069467789]]]}},{"type": "Feature", "properties": {"height": 5.7956438064575195, "confidence": -1.0}, "geometry": {"type": "Polygon", "coordinates": [[[-118.28676345189987, 34.041033576233865], [-118.28659835702987, 34.04103166128846], [-118.28659681798976, 34.04112276906011], [-118.28676192055346, 34.04112468409269], [-118.28676345189987, 34.041033576233865]]]}},{"type": "Feature", "properties": {"height": 6.007188320159912, "confidence": -1.0}, "geometry": {"type": "Polygon", "coordinates": [[[-118.286912731879, 34.03053624456703], [-118.2867786248337, 34.03053680462199], [-118.28677921953012, 34.03063460758553], [-118.2869133265754, 34.03063404753121], [-118.286912731879, 34.03053624456703]]]}},{"type": "Feature", "properties": {"height": 4.742666244506836, "confidence": -1.0}, "geometry": {"type": "Polygon", "coordinates": [[[-118.28694332557647, 34.04610661967807], [-118.2869426277135, 34.04605773268696], [-118.28651772951861, 34.046061872314304], [-118.28651906786247, 34.046156184572276], [-118.28689838249603, 34.04615246705585], [-118.28689773436388, 34.0461070638563], [-118.28694332557647, 34.04610661967807]]]}},{"type": "Feature", "properties": {"height": 8.2257661819458, "confidence": -1.0}, "geometry": {"type": "Polygon", "coordinates": [[[-118.28722703931643, 34.05885706846181], [-118.28722514828918, 34.05895481614206], [-118.28730291237467, 34.058955848702695], [-118.28730480340192, 34.05885810102364], [-118.28722703931643, 34.05885706846181]]]}},{"type": "Feature", "properties": {"height": 5.414511203765869, "confidence": -1.0}, "geometry": {"type": "Polygon", "coordinates": [[[-118.28734724580309, 34.02890590205138], [-118.28723065492326, 34.02890559096763], [-118.28722974989552, 34.02913360482686], [-118.28709959938872, 34.02913325001555], [-118.28709992752783, 34.029048781081435], [-118.28721667426805, 34.02904909935225], [-118.28721697424871, 34.02897352183128], [-118.2869875695404, 34.028972896435796], [-118.28698667147543, 34.02920407457813], [-118.2873460836771, 34.02920505439307], [-118.28734724580309, 34.02890590205138]]]}},{"type": "Feature", "properties": {"height": 6.192224502563477, "confidence": -1.0}, "geometry": {"type": "Polygon", "coordinates": [[[-118.28737157332873, 34.04537427158271], [-118.28724716361116, 34.04537162374745], [-118.28724296379154, 34.045507104535005], [-118.28736738494524, 34.04550975260946], [-118.28737157332873, 34.04537427158271]]]}},{"type": "Feature", "properties": {"height": 5.480375289916992, "confidence": -1.0}, "geometry": {"type": "Polygon", "coordinates": [[[-118.2887483544589, 34.02193024862656], [-118.28871354061346, 34.02189972792518], [-118.28868804699137, 34.02191970414482], [-118.28872286083681, 34.02195022483899], [-118.2887483544589, 34.02193024862656]]]}},{"type": "Feature", "properties": {"height": 2.8887217044830322, "confidence": 1.0}, "geometry": {"type": "Polygon", "coordinates": [[[-118.28903956391214, 34.00523173283186], [-118.28892051007907, 34.00522916325063], [-118.28891736969807, 34.005329153593735], [-118.28903641509501, 34.005331722989865], [-118.28903956391214, 34.00523173283186]]]}},{"type": "Feature", "properties": {"height": 2.5059828758239746, "confidence": 0.9954000115394592}, "geometry": {"type": "Polygon", "coordinates": [[[-118.28905392840102, 34.00504458966618], [-118.28915853174676, 34.00504414055456], [-118.28915790664063, 34.00494408477959], [-118.28905330329489, 34.00494453389173], [-118.28905392840102, 34.00504458966618]]]}},{"type": "Feature", "properties": {"height": 24.57806396484375, "confidence": -1.0}, "geometry": {"type": "Polygon", "coordinates": [[[-118.28911757793686, 34.019626471947255], [-118.28909603962197, 34.01966378449002], [-118.28907203107458, 34.019654263761915], [-118.28901981865543, 34.01974471544705], [-118.28903946201237, 34.01975250512546], [-118.28900565211313, 34.019811076619455], [-118.28947492287156, 34.019997140888954], [-118.28949618900336, 34.019960300015455], [-118.28951904952568, 34.01996936545493], [-118.28957334397766, 34.01987529338605], [-118.28955806539483, 34.01986923459101], [-118.28959005525925, 34.019813808014575], [-118.28911757793686, 34.019626471947255]]]}},{"type": "Feature", "properties": {"height": 3.192378044128418, "confidence": 0.9678000211715698}, "geometry": {"type": "Polygon", "coordinates": [[[-118.28912475096755, 33.997148622210766], [-118.28903091419758, 33.99714700507362], [-118.28902656724787, 33.997320380668654], [-118.28912040401785, 33.9973219978025], [-118.28912475096755, 33.997148622210766]]]}},{"type": "Feature", "properties": {"height": 2.803907871246338, "confidence": -1.0}, "geometry": {"type": "Polygon", "coordinates": [[[-118.28914596766847, 34.03480044995718], [-118.28914444929543, 34.034869331904254], [-118.28921148215287, 34.0348703466392], [-118.28921300052589, 34.034801464692954], [-118.28914596766847, 34.03480044995718]]]}},{"type": "Feature", "properties": {"height": 3.203547239303589, "confidence": -1.0}, "geometry": {"type": "Polygon", "coordinates": [[[-118.28958461656632, 34.03370508176142], [-118.28948168591559, 34.0337041205898], [-118.28947991397274, 34.033834436286014], [-118.28958283353735, 34.03383540332197], [-118.28958461656632, 34.03370508176142]]]}},{"type": "Feature", "properties": {"height": 4.694584369659424, "confidence": -1.0}, "geometry": {"type": "Polygon", "coordinates": [[[-118.28979439773308, 34.02875628517467], [-118.28975541477165, 34.02875667409348], [-118.28975601087525, 34.02879747540097], [-118.28979499035864, 34.028797084256105], [-118.28979439773308, 34.02875628517467]]]}},{"type": "Feature", "properties": {"height": 3.48901104927063, "confidence": 0.9991999864578247}, "geometry": {"type": "Polygon", "coordinates": [[[-118.2900613093615, 33.99272194132794], [-118.29006221077306, 33.99261297804666], [-118.2899924765858, 33.99261258553007], [-118.28999157517428, 33.99272154881186], [-118.2900613093615, 33.99272194132794]]]}},{"type": "Feature", "properties": {"height": 4.152352333068848, "confidence": -1.0}, "geometry": {"type": "Polygon", "coordinates": [[[-118.29205435492497, 34.06930408460171], [-118.29185864969664, 34.069307670000605], [-118.29186148029166, 34.069413353952946], [-118.29212796729301, 34.06940845635959], [-118.29212725579048, 34.069381807430055], [-118.2920564714632, 34.069383108330165], [-118.29205435492497, 34.06930408460171]]]}},{"type": "Feature", "properties": {"height": 5.167028903961182, "confidence": 0.9957000017166138}, "geometry": {"type": "Polygon", "coordinates": [[[-118.29211339544537, 33.99399042745343], [-118.292220664637, 33.993991616343976], [-118.2922231382174, 33.993838200777375], [-118.29211586902579, 33.99383701188471], [-118.29211339544537, 33.99399042745343]]]}},{"type": "Feature", "properties": {"height": 6.153744697570801, "confidence": 1.0}, "geometry": {"type": "Polygon", "coordinates": [[[-118.29216980300795, 34.00042398005864], [-118.29204912844395, 34.00042254466768], [-118.29204718867882, 34.00053462734396], [-118.2921678631217, 34.00053606973348], [-118.29216980300795, 34.00042398005864]]]}},{"type": "Feature", "properties": {"height": 6.667453289031982, "confidence": -1.0}, "geometry": {"type": "Polygon", "coordinates": [[[-118.29231476841827, 34.050823497732424], [-118.29231375559328, 34.05030219085005], [-118.2921394124591, 34.05030242337954], [-118.29214012918975, 34.05067132913005], [-118.2920757563402, 34.05067141498672], [-118.2920760524614, 34.050823829959754], [-118.29231476841827, 34.050823497732424]]]}},{"type": "Feature", "properties": {"height": 4.297483921051025, "confidence": -1.0}, "geometry": {"type": "Polygon", "coordinates": [[[-118.29280427966181, 34.03550810186429], [-118.29280967571803, 34.0351804544953], [-118.29268197134424, 34.035179017582905], [-118.2926766030763, 34.035506657865014], [-118.29280427966181, 34.03550810186429]]]}},{"type": "Feature", "properties": {"height": 4.995148181915283, "confidence": -1.0}, "geometry": {"type": "Polygon", "coordinates": [[[-118.29289653101785, 34.045588296562705], [-118.29274633747023, 34.045587277486575], [-118.29274536287006, 34.045685058968424], [-118.29289555641763, 34.04568607804338], [-118.29289653101785, 34.045588296562705]]]}},{"type": "Feature", "properties": {"height": 7.517970561981201, "confidence": -1.0}, "geometry": {"type": "Polygon", "coordinates": [[[-118.29312962216379, 34.04958740826989], [-118.29279170943978, 34.049584155437756], [-118.29279043195862, 34.049675259573405], [-118.29315516315279, 34.04967877056307], [-118.29315597326278, 34.04962099722248], [-118.29312915479264, 34.049620739061304], [-118.29312962216379, 34.04958740826989]]]}},{"type": "Feature", "properties": {"height": 5.2582244873046875, "confidence": 1.0}, "geometry": {"type": "Polygon", "coordinates": [[[-118.29321039620756, 34.012340679312025], [-118.29310579695046, 34.0123413832368], [-118.29310737437122, 34.01250243730206], [-118.29321197368775, 34.01250173944652], [-118.29321039620756, 34.012340679312025]]]}},{"type": "Feature", "properties": {"height": 3.4177589416503906, "confidence": 0.9954000115394592}, "geometry": {"type": "Polygon", "coordinates": [[[-118.29321500073938, 33.991694666592764], [-118.29333028422336, 33.99169264627692], [-118.29332626083006, 33.991534821905226], [-118.29321097734608, 33.991536842224825], [-118.29321500073938, 33.991694666592764]]]}},{"type": "Feature", "properties": {"height": 3.1830523014068604, "confidence": 0.9918000102043152}, "geometry": {"type": "Polygon", "coordinates": [[[-118.29336306478126, 33.9921774479162], [-118.29345689005571, 33.99217561310025], [-118.29345250572163, 33.9920210341305], [-118.29335868029285, 33.99202286350826], [-118.29336306478126, 33.9921774479162]]]}},{"type": "Feature", "properties": {"height": 6.911289691925049, "confidence": -1.0}, "geometry": {"type": "Polygon", "coordinates": [[[-118.29344743551478, 34.01712730970281], [-118.29326342116718, 34.01712914579848], [-118.29326477709316, 34.017222506766785], [-118.29344878355862, 34.01722067075178], [-118.29344743551478, 34.01712730970281]]]}},{"type": "Feature", "properties": {"height": 3.596942901611328, "confidence": 0.9812999963760376}, "geometry": {"type": "Polygon", "coordinates": [[[-118.29389691375668, 34.01527393112669], [-118.29382988529385, 34.01527281901104], [-118.2938272359875, 34.01538291071348], [-118.29389426454388, 34.01538401894073], [-118.29389691375668, 34.01527393112669]]]}},{"type": "Feature", "properties": {"height": 3.491482973098755, "confidence": 1.0}, "geometry": {"type": "Polygon", "coordinates": [[[-118.29395229866631, 33.99125805990202], [-118.2939473575118, 33.99113811017559], [-118.29384823141206, 33.99114091726281], [-118.29385317256656, 33.9912608669853], [-118.29395229866631, 33.99125805990202]]]}},{"type": "Feature", "properties": {"height": 4.441737174987793, "confidence": -1.0}, "geometry": {"type": "Polygon", "coordinates": [[[-118.2939748566388, 34.030211749509924], [-118.29387563300976, 34.03021286027098], [-118.2938779681402, 34.030356126742774], [-118.29397719186301, 34.03035502173779], [-118.2939748566388, 34.030211749509924]]]}},{"type": "Feature", "properties": {"height": 2.5077719688415527, "confidence": 0.909600019454956}, "geometry": {"type": "Polygon", "coordinates": [[[-118.29397537980103, 33.99557138457648], [-118.29389927661416, 33.99557429913101], [-118.29390181943086, 33.99561986941745], [-118.2939779185335, 33.995616950605154], [-118.29397537980103, 33.99557138457648]]]}},{"type": "Feature", "properties": {"height": 4.666759967803955, "confidence": -1.0}, "geometry": {"type": "Polygon", "coordinates": [[[-118.29401059165026, 34.043605694961016], [-118.29421436890752, 34.04360883848651], [-118.29421601618309, 34.04353552104184], [-118.29401223892582, 34.04353237751362], [-118.29401059165026, 34.043605694961016]]]}},{"type": "Feature", "properties": {"height": 3.4174935817718506, "confidence": 0.9713000059127808}, "geometry": {"type": "Polygon", "coordinates": [[[-118.29406718005559, 34.01189411453951], [-118.29416236209867, 34.01189299909404], [-118.2941582675173, 34.01165292594682], [-118.29406306520808, 34.01165404163296], [-118.29406718005559, 34.01189411453951]]]}},{"type": "Feature", "properties": {"height": 4.748346328735352, "confidence": 1.0}, "geometry": {"type": "Polygon", "coordinates": [[[-118.29406916111702, 34.00558852571547], [-118.29388146533682, 34.005585770540186], [-118.29387890144729, 34.00570580213433], [-118.29406659722748, 34.00570855730571], [-118.29406916111702, 34.00558852571547]]]}},{"type": "Feature", "properties": {"height": -1.0, "confidence": -1.0}, "geometry": {"type": "Polygon", "coordinates": [[[-118.29409383591707, 34.02363786703789], [-118.29409107283236, 34.023695575000175], [-118.29415802262574, 34.023697776982694], [-118.29416078571042, 34.0236400690219], [-118.29409383591707, 34.02363786703789]]]}},{"type": "Feature", "properties": {"height": 9.339739799499512, "confidence": -1.0}, "geometry": {"type": "Polygon", "coordinates": [[[-118.2942578225882, 34.05311221394208], [-118.29388768540444, 34.05311081883665], [-118.2938832561343, 34.053917478965886], [-118.29425607547154, 34.05391888416742], [-118.29425808877613, 34.053552221429925], [-118.29421517432007, 34.053552059679404], [-118.2942153451459, 34.05352094882863], [-118.29425557744847, 34.053521100469794], [-118.2942578225882, 34.05311221394208]]]}},{"type": "Feature", "properties": {"height": 3.031592845916748, "confidence": -1.0}, "geometry": {"type": "Polygon", "coordinates": [[[-118.29460818747677, 34.06090269790502], [-118.29476636141604, 34.060899818149466], [-118.29476459390402, 34.06083318860574], [-118.29460641996474, 34.06083606836356], [-118.29460818747677, 34.06090269790502]]]}},{"type": "Feature", "properties": {"height": -1.0, "confidence": -1.0}, "geometry": {"type": "Polygon", "coordinates": [[[-118.29465856371561, 34.04355627609439], [-118.29476411805963, 34.04355705964308], [-118.294764334301, 34.04353705864525], [-118.29465877826773, 34.04353627508385], [-118.29465856371561, 34.04355627609439]]]}},{"type": "Feature", "properties": {"height": 3.6611390113830566, "confidence": -1.0}, "geometry": {"type": "Polygon", "coordinates": [[[-118.29469510781705, 34.03386266898547], [-118.29469233846591, 34.03376269733684], [-118.29446715194217, 34.03376699436625], [-118.29446992129331, 34.03386696600983], [-118.29469510781705, 34.03386266898547]]]}},{"type": "Feature", "properties": {"height": 3.3521828651428223, "confidence": 0.9891999959945679}, "geometry": {"type": "Polygon", "coordinates": [[[-118.29488004735971, 33.993860972817345], [-118.2948758162879, 33.99399322044409], [-118.29498441365998, 33.99399560245962], [-118.2949886333749, 33.99386336088846], [-118.29488004735971, 33.993860972817345]]]}},{"type": "Feature", "properties": {"height": 5.880486011505127, "confidence": -1.0}, "geometry": {"type": "Polygon", "coordinates": [[[-118.29490975735185, 34.01982170229616], [-118.29501965141222, 34.01981929894647], [-118.2950149129756, 34.019670452526846], [-118.29490501891524, 34.01967285588076], [-118.29490975735185, 34.01982170229616]]]}},{"type": "Feature", "properties": {"height": 4.070682048797607, "confidence": 0.9965000152587891}, "geometry": {"type": "Polygon", "coordinates": [[[-118.29491408051513, 34.01070231595599], [-118.29504549154925, 34.01070356628328], [-118.29504674594847, 34.01061241992502], [-118.29491533491434, 34.01061116959636], [-118.29491408051513, 34.01070231595599]]]}},{"type": "Feature", "properties": {"height": 3.880462646484375, "confidence": -1.0}, "geometry": {"type": "Polygon", "coordinates": [[[-118.29522783218067, 34.02683302384382], [-118.29511786678432, 34.02683364894113], [-118.29511949476225, 34.02703036069846], [-118.29522946021135, 34.027029741980826], [-118.29522783218067, 34.02683302384382]]]}},{"type": "Feature", "properties": {"height": 2.669943332672119, "confidence": -1.0}, "geometry": {"type": "Polygon", "coordinates": [[[-118.29529561535979, 34.051486189543134], [-118.29523395395462, 34.05148507394624], [-118.29523067559374, 34.05160946353182], [-118.29529233699888, 34.051610579127086], [-118.29529561535979, 34.051486189543134]]]}},{"type": "Feature", "properties": {"height": 3.8564014434814453, "confidence": 0.9814000129699707}, "geometry": {"type": "Polygon", "coordinates": [[[-118.29537448680922, 33.996270333889285], [-118.29548869779049, 33.99627155992022], [-118.29549104620905, 33.99612037001938], [-118.29537684798876, 33.99611914412327], [-118.29537448680922, 33.996270333889285]]]}},{"type": "Feature", "properties": {"height": 5.08096170425415, "confidence": -1.0}, "geometry": {"type": "Polygon", "coordinates": [[[-118.2954696004564, 34.04897045598283], [-118.2956209938497, 34.04897330925005], [-118.29562331817569, 34.04888890298321], [-118.29547191765623, 34.04888604957885], [-118.2954696004564, 34.04897045598283]]]}},{"type": "Feature", "properties": {"height": 3.314098358154297, "confidence": 0.9692000150680542}, "geometry": {"type": "Polygon", "coordinates": [[[-118.29550691067524, 33.99857880424688], [-118.2955058415537, 33.998504308535054], [-118.29538247750574, 33.99850553257372], [-118.29538354652458, 33.99858002112738], [-118.29550691067524, 33.99857880424688]]]}},{"type": "Feature", "properties": {"height": 4.248431205749512, "confidence": 0.993399977684021}, "geometry": {"type": "Polygon", "coordinates": [[[-118.29624278527385, 33.99712159251449], [-118.29607385865391, 33.99712406262344], [-118.29607570303752, 33.997210760975946], [-118.29627412478156, 33.99720785958104], [-118.29627303706816, 33.99715672979238], [-118.29624354194405, 33.99715716108108], [-118.29624278527385, 33.99712159251449]]]}},{"type": "Feature", "properties": {"height": 3.596353769302368, "confidence": 0.9510999917984009}, "geometry": {"type": "Polygon", "coordinates": [[[-118.29651948746654, 33.99822262743778], [-118.29662945021504, 33.9982233931026], [-118.29663002860273, 33.99816677066343], [-118.2965693105358, 33.99816634436331], [-118.29656997578705, 33.99810067547601], [-118.29661192530557, 33.998100967568725], [-118.29661366206908, 33.997930943222876], [-118.29649928372991, 33.99793014017301], [-118.29649691856825, 33.99816361240091], [-118.29652008863248, 33.9981637750774], [-118.29651948746654, 33.99822262743778]]]}},{"type": "Feature", "properties": {"height": 3.907057523727417, "confidence": 0.9980999827384949}, "geometry": {"type": "Polygon", "coordinates": [[[-118.29679465714177, 33.99351111701035], [-118.29690727320089, 33.993512803004144], [-118.29691003297893, 33.99338608638093], [-118.29686445028834, 33.99338540395385], [-118.29686483762559, 33.99336761914937], [-118.29679780425708, 33.99336661557993], [-118.29679465714177, 33.99351111701035]]]}},{"type": "Feature", "properties": {"height": 4.27101993560791, "confidence": -1.0}, "geometry": {"type": "Polygon", "coordinates": [[[-118.29736474286811, 34.028341415751704], [-118.29716902223873, 34.02833812350475], [-118.29716735982993, 34.028406003272856], [-118.29736308018141, 34.02840930686506], [-118.29736474286811, 34.028341415751704]]]}},{"type": "Feature", "properties": {"height": 4.416923522949219, "confidence": 1.0}, "geometry": {"type": "Polygon", "coordinates": [[[-118.29739643239333, 33.99765633823503], [-118.29751176602448, 33.99765666615419], [-118.29751252949146, 33.99747209991287], [-118.29739719586026, 33.997471771993], [-118.29739643239333, 33.99765633823503]]]}},{"type": "Feature", "properties": {"height": 6.690157890319824, "confidence": -1.0}, "geometry": {"type": "Polygon", "coordinates": [[[-118.29772034563827, 34.03850517724045], [-118.29758624928509, 34.03850404177064], [-118.29758496457475, 34.03860751696875], [-118.29771906083138, 34.03860866021354], [-118.29772034563827, 34.03850517724045]]]}},{"type": "Feature", "properties": {"height": 4.296182155609131, "confidence": 0.9869999885559082}, "geometry": {"type": "Polygon", "coordinates": [[[-118.29773343346625, 34.01624229649011], [-118.29783171382356, 34.016241732045124], [-118.2978298929833, 34.01602608923007], [-118.29773163083351, 34.01602665357193], [-118.29773343346625, 34.01624229649011]]]}},{"type": "Feature", "properties": {"height": 4.5285420417785645, "confidence": -1.0}, "geometry": {"type": "Polygon", "coordinates": [[[-118.29830337620008, 34.05428247701031], [-118.29830482062243, 34.054200271879516], [-118.29809297100667, 34.054197716729504], [-118.29809152658429, 34.05427992186278], [-118.29830337620008, 34.05428247701031]]]}},{"type": "Feature", "properties": {"height": 5.826694965362549, "confidence": -1.0}, "geometry": {"type": "Polygon", "coordinates": [[[-118.29834985734311, 34.02022383085377], [-118.2983504871498, 34.02035943920846], [-118.29848053555065, 34.020359024286556], [-118.2984798942931, 34.02022341596776], [-118.29834985734311, 34.02022383085377]]]}},{"type": "Feature", "properties": {"height": 3.831592559814453, "confidence": -1.0}, "geometry": {"type": "Polygon", "coordinates": [[[-118.29868188419904, 34.01849126948461], [-118.29867832253198, 34.01859567483816], [-118.29878552518379, 34.018598187271536], [-118.29878908685083, 34.01849378192106], [-118.29868188419904, 34.01849126948461]]]}},{"type": "Feature", "properties": {"height": 3.9304959774017334, "confidence": -1.0}, "geometry": {"type": "Polygon", "coordinates": [[[-118.29912437515449, 34.04950508292355], [-118.29933090142256, 34.04950581348133], [-118.2993313087774, 34.04942803245207], [-118.29912478250931, 34.04942730189365], [-118.29912437515449, 34.04950508292355]]]}},{"type": "Feature", "properties": {"height": 4.460474014282227, "confidence": -1.0}, "geometry": {"type": "Polygon", "coordinates": [[[-118.29928233962566, 34.05653637827593], [-118.29922065196212, 34.05653601342799], [-118.29921994352561, 34.05661822952456], [-118.29928163118915, 34.05661859437213], [-118.29928233962566, 34.05653637827593]]]}},{"type": "Feature", "properties": {"height": 4.317327976226807, "confidence": -1.0}, "geometry": {"type": "Polygon", "coordinates": [[[-118.29929245008593, 34.03239394374495], [-118.2992993526818, 34.032601385237214], [-118.29951644611234, 34.03259641153501], [-118.29950954393514, 34.0323889826127], [-118.29929245008593, 34.03239394374495]]]}},{"type": "Feature", "properties": {"height": 5.707504749298096, "confidence": -1.0}, "geometry": {"type": "Polygon", "coordinates": [[[-118.29950100000332, 34.01983519547898], [-118.29960288729235, 34.019836797213806], [-118.29960578603138, 34.01971012412912], [-118.29950389874233, 34.019708522391916], [-118.29950100000332, 34.01983519547898]]]}},{"type": "Feature", "properties": {"height": 3.7419028282165527, "confidence": 0.9980000257492065}, "geometry": {"type": "Polygon", "coordinates": [[[-118.2996081666595, 33.99445577726408], [-118.29960479533777, 33.99452905592194], [-118.29968514470335, 33.994531596951326], [-118.29968851602507, 33.99445831829567], [-118.2996081666595, 33.99445577726408]]]}},{"type": "Feature", "properties": {"height": 4.11099910736084, "confidence": -1.0}, "geometry": {"type": "Polygon", "coordinates": [[[-118.30017403533203, 34.04882667725078], [-118.30034973217677, 34.04882910215072], [-118.30035173370655, 34.04872912293069], [-118.3003195560891, 34.04872867882713], [-118.30031900594753, 34.0487561591821], [-118.30017549267528, 34.04875418678804], [-118.30017403533203, 34.04882667725078]]]}},{"type": "Feature", "properties": {"height": 4.302179336547852, "confidence": -1.0}, "geometry": {"type": "Polygon", "coordinates": [[[-118.3005942984155, 34.051716713180774], [-118.30053965255148, 34.05171785078146], [-118.30054329960876, 34.05183777882699], [-118.30059793534846, 34.05183664143868], [-118.3005942984155, 34.051716713180774]]]}},{"type": "Feature", "properties": {"height": 3.1485633850097656, "confidence": -1.0}, "geometry": {"type": "Polygon", "coordinates": [[[-118.30060740289315, 34.038446064666324], [-118.30060935606083, 34.03851048068356], [-118.30071121569792, 34.03850835987085], [-118.30070926253022, 34.03844394385201], [-118.30060740289315, 34.038446064666324]]]}},{"type": "Feature", "properties": {"height": 5.73757266998291, "confidence": -1.0}, "geometry": {"type": "Polygon", "coordinates": [[[-118.30084432577053, 34.045702229177216], [-118.30088878037392, 34.045702621035694], [-118.30088836799052, 34.045734530643266], [-118.30094200602029, 34.0457350065622], [-118.30094359590616, 34.045611983522136], [-118.30084549553783, 34.04561111878603], [-118.30084432577053, 34.045702229177216]]]}},{"type": "Feature", "properties": {"height": 7.499598503112793, "confidence": -1.0}, "geometry": {"type": "Polygon", "coordinates": [[[-118.30087617544208, 34.06448146547758], [-118.30053559138011, 34.06448509889114], [-118.30053697280403, 34.06457396261009], [-118.30074346865263, 34.064571759676625], [-118.30074291608305, 34.06453621419932], [-118.30076973372574, 34.06453592810395], [-118.30077180586161, 34.06466922356746], [-118.30074498821894, 34.064669509662394], [-118.30074457379177, 34.06464285058655], [-118.30053807794317, 34.06464505351816], [-118.3005393902959, 34.064729473894005], [-118.30087997435787, 34.064725840490915], [-118.30087617544208, 34.06448146547758]]]}},{"type": "Feature", "properties": {"height": 3.8340160846710205, "confidence": -1.0}, "geometry": {"type": "Polygon", "coordinates": [[[-118.30097589105812, 34.00027357799686], [-118.30098005114618, 34.00047889977374], [-118.30111296079411, 34.00047705664897], [-118.30110881787934, 34.000271726916644], [-118.30097589105812, 34.00027357799686]]]}},{"type": "Feature", "properties": {"height": -1.0, "confidence": -1.0}, "geometry": {"type": "Polygon", "coordinates": [[[-118.30101081192639, 34.04395353622512], [-118.30110197399524, 34.04395497423192], [-118.30110615948776, 34.043772794996954], [-118.3010149974189, 34.04377135698706], [-118.30101081192639, 34.04395353622512]]]}},{"type": "Feature", "properties": {"height": 2.680081605911255, "confidence": -1.0}, "geometry": {"type": "Polygon", "coordinates": [[[-118.3010643851988, 34.0730843555065], [-118.30117435320379, 34.07308479539645], [-118.30117472407922, 34.073021181703965], [-118.30113717404144, 34.07302102932067], [-118.30113758031501, 34.07295134397081], [-118.3010651623605, 34.072951054286726], [-118.3010643851988, 34.0730843555065]]]}},{"type": "Feature", "properties": {"height": 5.583311080932617, "confidence": -1.0}, "geometry": {"type": "Polygon", "coordinates": [[[-118.3012123820819, 34.04977575762774], [-118.3013705866535, 34.04977798695253], [-118.30137288381702, 34.049666074904366], [-118.30121467905717, 34.049663854748204], [-118.3012123820819, 34.04977575762774]]]}},{"type": "Feature", "properties": {"height": 3.757469892501831, "confidence": -1.0}, "geometry": {"type": "Polygon", "coordinates": [[[-118.3012455331694, 34.02233724018588], [-118.30118388573817, 34.022335884863146], [-118.30118153951749, 34.0224091944666], [-118.30124318694874, 34.022410549788155], [-118.3012455331694, 34.02233724018588]]]}},{"type": "Feature", "properties": {"height": 4.166435241699219, "confidence": -1.0}, "geometry": {"type": "Polygon", "coordinates": [[[-118.30146459864115, 33.997544276233285], [-118.30162004975398, 33.99754781209459], [-118.30162299106168, 33.99745893030086], [-118.30146753994883, 33.99745539443585], [-118.30146459864115, 33.997544276233285]]]}},{"type": "Feature", "properties": {"height": 4.460049629211426, "confidence": -1.0}, "geometry": {"type": "Polygon", "coordinates": [[[-118.30147191209275, 34.07010106464854], [-118.30119481754004, 34.070107137094624], [-118.3011985048739, 34.07022259059652], [-118.30147558967855, 34.07021651837234], [-118.30147191209275, 34.07010106464854]]]}},{"type": "Feature", "properties": {"height": 6.4441022872924805, "confidence": -1.0}, "geometry": {"type": "Polygon", "coordinates": [[[-118.30152422189713, 34.06347314577525], [-118.30152422189713, 34.06321011507401], [-118.30134987831116, 34.06321011507401], [-118.30134987831116, 34.06314650263884], [-118.30119699239731, 34.06314649377449], [-118.30119699239731, 34.06320789307799], [-118.30103874206543, 34.06320789307799], [-118.30103874206543, 34.06347311762715], [-118.30152422189713, 34.06347314577525]]]}},{"type": "Feature", "properties": {"height": 4.786967754364014, "confidence": -1.0}, "geometry": {"type": "Polygon", "coordinates": [[[-118.30171208989712, 34.02771180044225], [-118.30171304158205, 34.02779848734972], [-118.30191687259332, 34.02779695034858], [-118.30191592090843, 34.02771026343953], [-118.30171208989712, 34.02771180044225]]]}},{"type": "Feature", "properties": {"height": 5.017467498779297, "confidence": -1.0}, "geometry": {"type": "Polygon", "coordinates": [[[-118.3019436881634, 34.03571642173133], [-118.3020562981579, 34.03571823742161], [-118.30205865414506, 34.03561825310305], [-118.3019460441506, 34.035616437410624], [-118.3019436881634, 34.03571642173133]]]}},{"type": "Feature", "properties": {"height": 4.421889305114746, "confidence": -1.0}, "geometry": {"type": "Polygon", "coordinates": [[[-118.3021837399929, 34.043079237400605], [-118.30218458658064, 34.04298811928035], [-118.30198075077706, 34.042986818943206], [-118.30197990418931, 34.04307793706487], [-118.3021837399929, 34.043079237400605]]]}},{"type": "Feature", "properties": {"height": 2.588543653488159, "confidence": -1.0}, "geometry": {"type": "Polygon", "coordinates": [[[-118.3023325477994, 34.07545037883171], [-118.3023861673057, 34.07544942454767], [-118.30238475475412, 34.075394793141065], [-118.30233113516749, 34.075395744318726], [-118.3023325477994, 34.07545037883171]]]}},{"type": "Feature", "properties": {"height": 3.1275153160095215, "confidence": -1.0}, "geometry": {"type": "Polygon", "coordinates": [[[-118.30261963483537, 33.993548108795814], [-118.30271884521571, 33.99354957106247], [-118.30272242023948, 33.993382837024285], [-118.30262320985908, 33.993381374754726], [-118.30261963483537, 33.993548108795814]]]}},{"type": "Feature", "properties": {"height": -1.0, "confidence": -1.0}, "geometry": {"type": "Polygon", "coordinates": [[[-118.30293384941292, 33.994741554915514], [-118.3030142640644, 33.99474324408569], [-118.30301664100922, 33.99466546134181], [-118.30293622635776, 33.99466377217009], [-118.30293384941292, 33.994741554915514]]]}},{"type": "Feature", "properties": {"height": -1.0, "confidence": -1.0}, "geometry": {"type": "Polygon", "coordinates": [[[-118.30348974740863, 34.070724805905094], [-118.30355410775132, 34.07072405591572], [-118.3035524722028, 34.070627268859965], [-118.30348811179702, 34.070628015119624], [-118.30348974740863, 34.070724805905094]]]}},{"type": "Feature", "properties": {"height": 3.38802433013916, "confidence": -1.0}, "geometry": {"type": "Polygon", "coordinates": [[[-118.30366860588492, 34.00780293938287], [-118.30386973505283, 34.007805191522095], [-118.30387133642098, 34.00770640539469], [-118.30367020706397, 34.00770416491989], [-118.30366860588492, 34.00780293938287]]]}},{"type": "Feature", "properties": {"height": 3.700887680053711, "confidence": -1.0}, "geometry": {"type": "Polygon", "coordinates": [[[-118.30372948428696, 34.00353181081257], [-118.30384469248105, 34.00352864236567], [-118.30383718746646, 34.00334109917861], [-118.3037675268595, 34.003343019025294], [-118.30377023199617, 34.0034106178678], [-118.3037246845706, 34.003411870511364], [-118.30372948428696, 34.00353181081257]]]}},{"type": "Feature", "properties": {"height": 9.257647514343262, "confidence": -1.0}, "geometry": {"type": "Polygon", "coordinates": [[[-118.30399766781088, 34.066422730696544], [-118.3039957705272, 34.065954890148085], [-118.30357735054478, 34.06595603033332], [-118.30357924792683, 34.066423895134356], [-118.30399766781088, 34.066422730696544]]]}},{"type": "Feature", "properties": {"height": 5.64670467376709, "confidence": -1.0}, "geometry": {"type": "Polygon", "coordinates": [[[-118.30441004829753, 34.0033525529393], [-118.3043390719353, 34.00335389544755], [-118.30434428701719, 34.003542799556136], [-118.30446350208105, 34.0035405446244], [-118.30445998791038, 34.00341286160964], [-118.30441173334582, 34.00341377713732], [-118.30441004829753, 34.0033525529393]]]}},{"type": "Feature", "properties": {"height": 4.060354232788086, "confidence": -1.0}, "geometry": {"type": "Polygon", "coordinates": [[[-118.30443956059648, 34.05168608699457], [-118.30458168084706, 34.0516841915021], [-118.30458008372463, 34.05160198773107], [-118.30435647260221, 34.051604970090075], [-118.30435764313589, 34.05166495656388], [-118.30443912894177, 34.05166386976754], [-118.30443956059648, 34.05168608699457]]]}},{"type": "Feature", "properties": {"height": 4.248485088348389, "confidence": -1.0}, "geometry": {"type": "Polygon", "coordinates": [[[-118.30469324890642, 34.01716309050032], [-118.30491848102466, 34.01716646154893], [-118.30492032087668, 34.01708200734622], [-118.30469508875845, 34.01707863629428], [-118.30469324890642, 34.01716309050032]]]}},{"type": "Feature", "properties": {"height": 2.900975465774536, "confidence": -1.0}, "geometry": {"type": "Polygon", "coordinates": [[[-118.30473505271928, 34.04924658698117], [-118.30481813077323, 34.04924859113196], [-118.30482039356455, 34.04918419719603], [-118.30478555438064, 34.04918335674506], [-118.30478664676266, 34.04915226999956], [-118.30473840789264, 34.04915110629777], [-118.30473505271928, 34.04924658698117]]]}},{"type": "Feature", "properties": {"height": -1.0, "confidence": -1.0}, "geometry": {"type": "Polygon", "coordinates": [[[-118.30479894312687, 34.048576509569955], [-118.30479744396564, 34.048467627068845], [-118.3047330793261, 34.04846823546951], [-118.30473457848733, 34.048577117969856], [-118.30479894312687, 34.048576509569955]]]}},{"type": "Feature", "properties": {"height": 2.5860443115234375, "confidence": -1.0}, "geometry": {"type": "Polygon", "coordinates": [[[-118.30492768622501, 34.05197628561089], [-118.30508843658652, 34.051980769282494], [-118.30509069141935, 34.05192527489649], [-118.30492994105785, 34.051920791221946], [-118.30492768622501, 34.05197628561089]]]}},{"type": "Feature", "properties": {"height": -1.0, "confidence": -1.0}, "geometry": {"type": "Polygon", "coordinates": [[[-118.30497393098437, 34.017512059183595], [-118.30490426622968, 34.01751019208048], [-118.30490262366362, 34.017552388724994], [-118.30497228841831, 34.01755425582717], [-118.30497393098437, 34.017512059183595]]]}},{"type": "Feature", "properties": {"height": -1.0, "confidence": -1.0}, "geometry": {"type": "Polygon", "coordinates": [[[-118.30529088898922, 34.000528715168514], [-118.30540075322867, 34.00052587844871], [-118.30539850496217, 34.000465898244606], [-118.30528864072271, 34.00046873496641], [-118.30529088898922, 34.000528715168514]]]}},{"type": "Feature", "properties": {"height": 2.96309494972229, "confidence": -1.0}, "geometry": {"type": "Polygon", "coordinates": [[[-118.30534962073916, 34.01579090821111], [-118.3055095352469, 34.01578931255855], [-118.30550826885367, 34.015702618843676], [-118.30534836166504, 34.01570421442482], [-118.30534962073916, 34.01579090821111]]]}},{"type": "Feature", "properties": {"height": 2.562915086746216, "confidence": -1.0}, "geometry": {"type": "Polygon", "coordinates": [[[-118.3058088239198, 34.00313817261469], [-118.30573913221534, 34.003139652571015], [-118.30574112341762, 34.00320409378777], [-118.30581081512206, 34.00320261383259], [-118.3058088239198, 34.00313817261469]]]}},{"type": "Feature", "properties": {"height": 3.0137717723846436, "confidence": -1.0}, "geometry": {"type": "Polygon", "coordinates": [[[-118.30607550083474, 34.004784136607306], [-118.30607599641894, 34.00468630309674], [-118.30586678780503, 34.00468557479789], [-118.30586629222084, 34.00478340830929], [-118.30607550083474, 34.004784136607306]]]}},{"type": "Feature", "properties": {"height": -1.0, "confidence": -1.0}, "geometry": {"type": "Polygon", "coordinates": [[[-118.30609758633166, 34.030122357940975], [-118.30609595878074, 34.03017789674538], [-118.30618978075863, 34.03017978509518], [-118.30619140830954, 34.03012424629201], [-118.30609758633166, 34.030122357940975]]]}},{"type": "Feature", "properties": {"height": -1.0, "confidence": -1.0}, "geometry": {"type": "Polygon", "coordinates": [[[-118.30612255006652, 34.07479260201673], [-118.30605414898409, 34.07479110707531], [-118.30605139078965, 34.07487769274887], [-118.30611978456102, 34.074879187528964], [-118.30612255006652, 34.07479260201673]]]}},{"type": "Feature", "properties": {"height": 2.851735830307007, "confidence": -1.0}, "geometry": {"type": "Polygon", "coordinates": [[[-118.30615657963988, 33.998857315127886], [-118.30615739827472, 33.99896627119916], [-118.30626571825339, 33.998965705534374], [-118.30626489042076, 33.99885674951042], [-118.30615657963988, 33.998857315127886]]]}},{"type": "Feature", "properties": {"height": -1.0, "confidence": -1.0}, "geometry": {"type": "Polygon", "coordinates": [[[-118.30632114829366, 34.017672334232266], [-118.30624876963532, 34.01767090664773], [-118.30624736625003, 34.01771978911946], [-118.30631974490838, 34.01772121670319], [-118.30632114829366, 34.017672334232266]]]}},{"type": "Feature", "properties": {"height": 2.976613759994507, "confidence": -1.0}, "geometry": {"type": "Polygon", "coordinates": [[[-118.30639082305144, 34.00679660249167], [-118.30638891783508, 34.00688440801944], [-118.30656588637427, 34.00688704676036], [-118.30656779181335, 34.00679923097116], [-118.30639082305144, 34.00679660249167]]]}},{"type": "Feature", "properties": {"height": 4.852187633514404, "confidence": -1.0}, "geometry": {"type": "Polygon", "coordinates": [[[-118.30682426691055, 34.04858589782367], [-118.30671429634094, 34.04858589782367], [-118.30671429634094, 34.04865034680131], [-118.30682426691055, 34.04865034680131], [-118.30682426691055, 34.04858589782367]]]}},{"type": "Feature", "properties": {"height": 12.56685733795166, "confidence": -1.0}, "geometry": {"type": "Polygon", "coordinates": [[[-118.30713603413875, 34.065061960187066], [-118.30713333472141, 34.06493312595164], [-118.30674453155024, 34.06493871646703], [-118.30674411267515, 34.06491872493151], [-118.30666367063971, 34.064919881590086], [-118.30666678893213, 34.06506870735052], [-118.30713603413875, 34.065061960187066]]]}},{"type": "Feature", "properties": {"height": -1.0, "confidence": -1.0}, "geometry": {"type": "Polygon", "coordinates": [[[-118.30727279878424, 34.010276457049045], [-118.30734127977999, 34.010277732387095], [-118.30734263661569, 34.01022766954989], [-118.30727415128787, 34.01022639810368], [-118.30727279878424, 34.010276457049045]]]}},{"type": "Feature", "properties": {"height": 4.326908111572266, "confidence": -1.0}, "geometry": {"type": "Polygon", "coordinates": [[[-118.30732908949109, 34.002203539382826], [-118.30744440493666, 34.002204783874305], [-118.3074468137859, 34.00205138172325], [-118.30733149834033, 34.00205013722951], [-118.30732908949109, 34.002203539382826]]]}},{"type": "Feature", "properties": {"height": -1.0, "confidence": -1.0}, "geometry": {"type": "Polygon", "coordinates": [[[-118.30746409825298, 34.07883547333567], [-118.3074169122996, 34.07883663859192], [-118.30742022574623, 34.07892868612098], [-118.3074674193721, 34.07892751794073], [-118.30746409825298, 34.07883547333567]]]}},{"type": "Feature", "properties": {"height": 6.065433502197266, "confidence": -1.0}, "geometry": {"type": "Polygon", "coordinates": [[[-118.3074996338532, 34.03376087624079], [-118.30766052062087, 34.033758627354864], [-118.30765423382329, 34.03344974992599], [-118.3076954966093, 34.03344917314994], [-118.30769317865797, 34.033334814795964], [-118.30749101921032, 34.0333376288829], [-118.3074996338532, 34.03376087624079]]]}},{"type": "Feature", "properties": {"height": -1.0, "confidence": -1.0}, "geometry": {"type": "Polygon", "coordinates": [[[-118.30768498897373, 34.0038314971981], [-118.30758038472877, 34.00383186742019], [-118.30758127790612, 34.00400530111735], [-118.30768588215106, 34.004004930896016], [-118.30768498897373, 34.0038314971981]]]}},{"type": "Feature", "properties": {"height": 4.59678316116333, "confidence": -1.0}, "geometry": {"type": "Polygon", "coordinates": [[[-118.3079836549574, 34.00507521322988], [-118.30798649886125, 34.00516409141461], [-118.30820896567835, 34.0051591994779], [-118.30820782811679, 34.005123648213115], [-118.3081343338575, 34.0051252643167], [-118.30813262301614, 34.00507193749157], [-118.3079836549574, 34.00507521322988]]]}},{"type": "Feature", "properties": {"height": -1.0, "confidence": -1.0}, "geometry": {"type": "Polygon", "coordinates": [[[-118.30801213133813, 34.02240217324342], [-118.30808453381607, 34.02240309722709], [-118.308085524767, 34.02234975628657], [-118.30801312228905, 34.022348832302306], [-118.30801213133813, 34.02240217324342]]]}},{"type": "Feature", "properties": {"height": 11.598304748535156, "confidence": -1.0}, "geometry": {"type": "Polygon", "coordinates": [[[-118.30802428319208, 34.07005650399435], [-118.30802704193249, 34.07018977369265], [-118.30805921897968, 34.07018931665107], [-118.30806692261389, 34.07056146400825], [-118.30819026810953, 34.07055971917206], [-118.30819074859052, 34.070582930206704], [-118.30827655404975, 34.070581711434805], [-118.30827715177685, 34.07061058637489], [-118.30839245286269, 34.07060894865069], [-118.30839075163945, 34.07052676610148], [-118.30824327350638, 34.07052886086702], [-118.3082419860942, 34.07046666861617], [-118.30829293308562, 34.07046594496937], [-118.30828707317698, 34.07018286418344], [-118.30832830834008, 34.07018228087127], [-118.30832997727177, 34.07026323423265], [-118.30854985402485, 34.07026011111411], [-118.30854751866384, 34.07014683184205], [-118.30864404992131, 34.070145460714976], [-118.30864203510005, 34.070047729455034], [-118.30802428319208, 34.07005650399435]]]}},{"type": "Feature", "properties": {"height": 3.9660472869873047, "confidence": -1.0}, "geometry": {"type": "Polygon", "coordinates": [[[-118.30906957946104, 34.02932217554543], [-118.30923721885092, 34.029319832148296], [-118.30923438125903, 34.029179829992195], [-118.30906673004917, 34.02918217355844], [-118.30906957946104, 34.02932217554543]]]}},{"type": "Feature", "properties": {"height": 3.1273601055145264, "confidence": -1.0}, "geometry": {"type": "Polygon", "coordinates": [[[-118.30924987226541, 34.02273715047539], [-118.30925019890044, 34.02267268294436], [-118.30932798159022, 34.02267295366478], [-118.30932823591145, 34.022622758576546], [-118.30921826724877, 34.022622382212596], [-118.30921859865023, 34.0225569738471], [-118.30918909487137, 34.02255687115992], [-118.30918945529622, 34.02248573442003], [-118.3090419364018, 34.022485220983626], [-118.30904065238822, 34.02273864534884], [-118.30914525669516, 34.02273900942083], [-118.30914526795844, 34.022736786403385], [-118.30924987226541, 34.02273715047539]]]}},{"type": "Feature", "properties": {"height": 3.872454881668091, "confidence": -1.0}, "geometry": {"type": "Polygon", "coordinates": [[[-118.30941608192704, 34.01508499963739], [-118.30941513396567, 34.01497384231988], [-118.3090358981067, 34.014976086386554], [-118.30903680896614, 34.01508184603286], [-118.30927283144888, 34.01508046310223], [-118.30927287781817, 34.015085847023364], [-118.30941608192704, 34.01508499963739]]]}},{"type": "Feature", "properties": {"height": 4.601961135864258, "confidence": -1.0}, "geometry": {"type": "Polygon", "coordinates": [[[-118.3096594094353, 34.00156132722153], [-118.30943947781526, 34.00156012769372], [-118.30943880729205, 34.00164462122055], [-118.30965873891206, 34.00164582074717], [-118.3096594094353, 34.00156132722153]]]}},{"type": "Feature", "properties": {"height": 9.27380084991455, "confidence": -1.0}, "geometry": {"type": "Polygon", "coordinates": [[[-118.30977491379731, 34.06787171334583], [-118.31018797300631, 34.06787118649179], [-118.31018742785537, 34.0675778993407], [-118.30977436864639, 34.067578426196555], [-118.30977491379731, 34.06787171334583]]]}},{"type": "Feature", "properties": {"height": 4.442343235015869, "confidence": -1.0}, "geometry": {"type": "Polygon", "coordinates": [[[-118.31004347722975, 34.019142087367705], [-118.31004043781466, 34.01905990779784], [-118.30996153296867, 34.01906190807601], [-118.30996456545091, 34.01914408781969], [-118.31004347722975, 34.019142087367705]]]}},{"type": "Feature", "properties": {"height": 3.4569437503814697, "confidence": -1.0}, "geometry": {"type": "Polygon", "coordinates": [[[-118.31047699938162, 34.02481784086748], [-118.31040191283583, 34.02481872938935], [-118.31040122365161, 34.02477872349664], [-118.31033954541758, 34.02477945335423], [-118.31034222557845, 34.024935031718584], [-118.31047899035826, 34.024933413341714], [-118.31047699938162, 34.02481784086748]]]}},{"type": "Feature", "properties": {"height": -1.0, "confidence": -1.0}, "geometry": {"type": "Polygon", "coordinates": [[[-118.31054543809798, 34.018143382428335], [-118.31061890336294, 34.01814148167006], [-118.31061309959742, 34.01798737257753], [-118.3105396471728, 34.01798926874599], [-118.31054543809798, 34.018143382428335]]]}},{"type": "Feature", "properties": {"height": 5.671823024749756, "confidence": -1.0}, "geometry": {"type": "Polygon", "coordinates": [[[-118.3106119223721, 34.07944039982345], [-118.31030789582002, 34.07944404801691], [-118.31031259677125, 34.07971280118135], [-118.31061660061818, 34.07970915327192], [-118.3106119223721, 34.07944039982345]]]}},{"type": "Feature", "properties": {"height": 9.02001953125, "confidence": -1.0}, "geometry": {"type": "Polygon", "coordinates": [[[-118.310614677436, 34.05472193810029], [-118.31061143160188, 34.05453172473449], [-118.31027465605487, 34.054535688977424], [-118.31027791761944, 34.05472588262182], [-118.310614677436, 34.05472193810029]]]}},{"type": "Feature", "properties": {"height": 3.046633720397949, "confidence": -1.0}, "geometry": {"type": "Polygon", "coordinates": [[[-118.31073217463677, 34.00244872721543], [-118.3108354203939, 34.00244725355448], [-118.3108339950464, 34.002378342643425], [-118.31073074347327, 34.002379816388604], [-118.31073217463677, 34.00244872721543]]]}},{"type": "Feature", "properties": {"height": -1.0, "confidence": -1.0}, "geometry": {"type": "Polygon", "coordinates": [[[-118.31082191586044, 34.029530153752475], [-118.31082350554185, 34.02957817334819], [-118.31092940069918, 34.02957577172799], [-118.3109290617366, 34.02956550648174], [-118.31089821128104, 34.0295662079357], [-118.31089696122527, 34.02952844742787], [-118.31082191586044, 34.029530153752475]]]}},{"type": "Feature", "properties": {"height": 8.125308990478516, "confidence": -1.0}, "geometry": {"type": "Polygon", "coordinates": [[[-118.31096859578673, 34.04053016624384], [-118.31110538603428, 34.04053064223816], [-118.31110555498343, 34.040497303962084], [-118.31123698090755, 34.04049776129013], [-118.31123682322168, 34.040528877014715], [-118.3113843421161, 34.04052939034195], [-118.31138495033306, 34.04040937248496], [-118.31096921526698, 34.04040792583345], [-118.31096859578673, 34.04053016624384]]]}},{"type": "Feature", "properties": {"height": 4.399260520935059, "confidence": -1.0}, "geometry": {"type": "Polygon", "coordinates": [[[-118.31128663520461, 34.04140363742727], [-118.31128861503517, 34.041479989927026], [-118.31132078664223, 34.04147941526301], [-118.31131880686003, 34.041403064627666], [-118.31128663520461, 34.04140363742727]]]}},{"type": "Feature", "properties": {"height": 3.186305046081543, "confidence": -1.0}, "geometry": {"type": "Polygon", "coordinates": [[[-118.31137114049336, 34.050048304798146], [-118.3113389749762, 34.05004762398168], [-118.31133486648872, 34.050180877380804], [-118.31155466418936, 34.050185529619256], [-118.31155767708017, 34.05008781048575], [-118.3113700448967, 34.050083839058104], [-118.31137114049336, 34.050048304798146]]]}},{"type": "Feature", "properties": {"height": -1.0, "confidence": -1.0}, "geometry": {"type": "Polygon", "coordinates": [[[-118.31157929710568, 34.00773593294168], [-118.31154180326243, 34.00773471911305], [-118.31154072137102, 34.007757724764055], [-118.31153804323206, 34.007757638217186], [-118.3115366194432, 34.00778791406429], [-118.3115767914181, 34.00778921459414], [-118.31157929710568, 34.00773593294168]]]}},{"type": "Feature", "properties": {"height": 2.86418080329895, "confidence": -1.0}, "geometry": {"type": "Polygon", "coordinates": [[[-118.3118056807238, 33.99677139531622], [-118.31189312986518, 33.99677165410474], [-118.31189322372633, 33.99674941701402], [-118.31194954941206, 33.996749583698836], [-118.31194984038154, 33.99668064868074], [-118.31189190284587, 33.99668047722582], [-118.3118925347188, 33.996533712198605], [-118.31180670512386, 33.9965334582021], [-118.31180633516871, 33.996619387657226], [-118.31180633516871, 33.996619387657226], [-118.3118056807238, 33.99677139531622]]]}},{"type": "Feature", "properties": {"height": 7.423006534576416, "confidence": -1.0}, "geometry": {"type": "Polygon", "coordinates": [[[-118.31188595311765, 34.077425293901], [-118.31174382822121, 34.077427065294145], [-118.31174370716627, 34.07742040193319], [-118.31160158226982, 34.07742217332643], [-118.31160743325923, 34.07774423516601], [-118.31189168305214, 34.07774069239293], [-118.31188595311765, 34.077425293901]]]}},{"type": "Feature", "properties": {"height": 4.2813615798950195, "confidence": -1.0}, "geometry": {"type": "Polygon", "coordinates": [[[-118.31198501405119, 34.05209589182751], [-118.31182677344253, 34.05209691954117], [-118.3118278666834, 34.052212471304614], [-118.31198610729204, 34.05221144359238], [-118.31198501405119, 34.05209589182751]]]}},{"type": "Feature", "properties": {"height": 3.3968091011047363, "confidence": -1.0}, "geometry": {"type": "Polygon", "coordinates": [[[-118.31244851570469, 34.01882732047074], [-118.31270062921303, 34.01882575557151], [-118.31270002665087, 34.01875906451201], [-118.31244791314252, 34.018760629412476], [-118.31244851570469, 34.01882732047074]]]}},{"type": "Feature", "properties": {"height": 4.186935901641846, "confidence": -1.0}, "geometry": {"type": "Polygon", "coordinates": [[[-118.312460145287, 34.02707911921733], [-118.31245933939641, 34.02725917492638], [-118.31256662628076, 34.02725950475309], [-118.31256743217136, 34.02707944904474], [-118.312460145287, 34.02707911921733]]]}},{"type": "Feature", "properties": {"height": 2.525702714920044, "confidence": -1.0}, "geometry": {"type": "Polygon", "coordinates": [[[-118.31250226505813, 34.01235558196993], [-118.31239094308629, 34.012353709053166], [-118.31238939377666, 34.01241676521816], [-118.31250072091228, 34.012418644679045], [-118.31250226505813, 34.01235558196993]]]}},{"type": "Feature", "properties": {"height": -1.0, "confidence": -1.0}, "geometry": {"type": "Polygon", "coordinates": [[[-118.31262032845073, 34.05132294349551], [-118.31268468648497, 34.05132375707385], [-118.31268599574697, 34.05125265975114], [-118.31262163771274, 34.05125184617212], [-118.31262032845073, 34.05132294349551]]]}},{"type": "Feature", "properties": {"height": 4.844964981079102, "confidence": -1.0}, "geometry": {"type": "Polygon", "coordinates": [[[-118.31278659413238, 33.99817610711586], [-118.3127904752271, 33.99837173955082], [-118.31291382347412, 33.99837005760522], [-118.31290994237939, 33.998174425166404], [-118.31278659413238, 33.99817610711586]]]}},{"type": "Feature", "properties": {"height": -1.0, "confidence": -1.0}, "geometry": {"type": "Polygon", "coordinates": [[[-118.31286136034899, 34.01707321936317], [-118.3127648072988, 34.01707387470414], [-118.31276634466013, 34.017229488476666], [-118.31286289771035, 34.01722883313692], [-118.31286136034899, 34.01707321936317]]]}},{"type": "Feature", "properties": {"height": 3.827500343322754, "confidence": -1.0}, "geometry": {"type": "Polygon", "coordinates": [[[-118.31295712254087, 34.010651395284555], [-118.31295542294649, 34.010505528045385], [-118.31285226727339, 34.01050634794888], [-118.31285395462224, 34.01065222126937], [-118.31295712254087, 34.010651395284555]]]}},{"type": "Feature", "properties": {"height": 4.054913520812988, "confidence": -1.0}, "geometry": {"type": "Polygon", "coordinates": [[[-118.31306859395065, 34.03792981878994], [-118.312927876505, 34.03792895369752], [-118.31292641177276, 34.03809256132724], [-118.31306714310827, 34.03809341834136], [-118.31306859395065, 34.03792981878994]]]}},{"type": "Feature", "properties": {"height": 3.424131393432617, "confidence": -1.0}, "geometry": {"type": "Polygon", "coordinates": [[[-118.31316770442606, 34.02254987236919], [-118.313163740492, 34.02267340247823], [-118.31326173079755, 34.02267555679279], [-118.31326568412577, 34.0225520321373], [-118.31316770442606, 34.02254987236919]]]}},{"type": "Feature", "properties": {"height": -1.0, "confidence": -1.0}, "geometry": {"type": "Polygon", "coordinates": [[[-118.31319202259634, 33.994165154601944], [-118.3131250948199, 33.99416757799345], [-118.31312696250207, 33.99420309123452], [-118.31319389027853, 33.99420066784402], [-118.31319202259634, 33.994165154601944]]]}},{"type": "Feature", "properties": {"height": -1.0, "confidence": -1.0}, "geometry": {"type": "Polygon", "coordinates": [[[-118.3136446875657, 34.02108386110501], [-118.31364326394355, 34.02096917375507], [-118.3137331230823, 34.02096840749693], [-118.31373275060592, 34.020938603432796], [-118.31369921443556, 34.02093889135215], [-118.3136985910379, 34.02088867021757], [-118.3135202510593, 34.0208901909821], [-118.31352171223436, 34.021007108354205], [-118.31344525950865, 34.02100776472614], [-118.31344553543443, 34.021029993373986], [-118.3133878939741, 34.02103048824487], [-118.31338858848059, 34.021086059798385], [-118.3136446875657, 34.02108386110501]]]}},{"type": "Feature", "properties": {"height": 3.8253438472747803, "confidence": -1.0}, "geometry": {"type": "Polygon", "coordinates": [[[-118.31406479958633, 34.002832700725854], [-118.31424044889455, 34.00283531992096], [-118.31424253493853, 34.00273880045738], [-118.31406689355525, 34.00273619156844], [-118.31406479958633, 34.002832700725854]]]}},{"type": "Feature", "properties": {"height": 3.741004705429077, "confidence": -1.0}, "geometry": {"type": "Polygon", "coordinates": [[[-118.31409300352323, 34.01340503014023], [-118.31402984305242, 34.013405872907], [-118.31403342578658, 34.01359035888876], [-118.31414873089554, 34.01358882034567], [-118.31414560490757, 34.013427853646505], [-118.31409346231372, 34.01342855242368], [-118.31409300352323, 34.01340503014023]]]}},{"type": "Feature", "properties": {"height": 4.6792216300964355, "confidence": -1.0}, "geometry": {"type": "Polygon", "coordinates": [[[-118.31412385138039, 34.03795683192961], [-118.31424990103248, 34.037957943133655], [-118.31425246386969, 34.03775698941997], [-118.31412641412439, 34.03775588552307], [-118.31412385138039, 34.03795683192961]]]}},{"type": "Feature", "properties": {"height": 4.35462760925293, "confidence": -1.0}, "geometry": {"type": "Polygon", "coordinates": [[[-118.31421490820621, 34.022078039477144], [-118.3140152215983, 34.022076023952835], [-118.31401383634778, 34.02217030221557], [-118.31421351482454, 34.02217232923856], [-118.31421490820621, 34.022078039477144]]]}},{"type": "Feature", "properties": {"height": -1.0, "confidence": -1.0}, "geometry": {"type": "Polygon", "coordinates": [[[-118.31431050497069, 33.993782842732855], [-118.31430903659903, 33.99385270037329], [-118.31437338999227, 33.99385363394066], [-118.3143748584424, 33.99378377256783], [-118.31431050497069, 33.993782842732855]]]}},{"type": "Feature", "properties": {"height": -1.0, "confidence": -1.0}, "geometry": {"type": "Polygon", "coordinates": [[[-118.31431567668915, 34.02867104056297], [-118.31431567668915, 34.028727895350144], [-118.31428617238998, 34.0287278970615], [-118.31428617238998, 34.02870216117449], [-118.31425666809082, 34.02870216117449], [-118.31425666809082, 34.02879996873637], [-118.31433713436127, 34.02879996873637], [-118.31433713436127, 34.02871772147597], [-118.31439882516861, 34.02871772147597], [-118.31439882516861, 34.02867104056297], [-118.31431567668915, 34.02867104056297]]]}},{"type": "Feature", "properties": {"height": 3.7952895164489746, "confidence": -1.0}, "geometry": {"type": "Polygon", "coordinates": [[[-118.31443476980895, 34.029707945167516], [-118.31443603679128, 34.02976477287764], [-118.31440654259958, 34.02976522622686], [-118.31440750498624, 34.02980839194193], [-118.31455765742885, 34.02980609268968], [-118.31455508122512, 34.02969054274213], [-118.31455239993151, 34.02969058380026], [-118.31455121091439, 34.029637253002186], [-118.31450562892289, 34.02963795099088], [-118.31450716473665, 34.029706836598166], [-118.31443476980895, 34.029707945167516]]]}},{"type": "Feature", "properties": {"height": -1.0, "confidence": -1.0}, "geometry": {"type": "Polygon", "coordinates": [[[-118.31448467554375, 34.02143124500975], [-118.31455171421855, 34.02143037391258], [-118.31455061630074, 34.021372587795874], [-118.31448357762594, 34.02137345889362], [-118.31448467554375, 34.02143124500975]]]}},{"type": "Feature", "properties": {"height": -1.0, "confidence": -1.0}, "geometry": {"type": "Polygon", "coordinates": [[[-118.3151140311251, 34.043122708380835], [-118.31504434721859, 34.04312110804991], [-118.31504174735278, 34.04319883659819], [-118.31511143125931, 34.04320043692766], [-118.3151140311251, 34.043122708380835]]]}},{"type": "Feature", "properties": {"height": -1.0, "confidence": -1.0}, "geometry": {"type": "Polygon", "coordinates": [[[-118.31512350225228, 34.044899950787716], [-118.3151202575201, 34.045004337848205], [-118.31517386613834, 34.04500548192429], [-118.31517711087048, 34.04490109486521], [-118.31512350225228, 34.044899950787716]]]}},{"type": "Feature", "properties": {"height": 3.923732042312622, "confidence": -1.0}, "geometry": {"type": "Polygon", "coordinates": [[[-118.31516898369176, 34.021354834924125], [-118.31516602240099, 34.021221494425184], [-118.31506413298057, 34.021223048883456], [-118.31506615652926, 34.02131416491205], [-118.31510369473678, 34.02131359221751], [-118.31510463247885, 34.0213558166857], [-118.31516898369176, 34.021354834924125]]]}},{"type": "Feature", "properties": {"height": 3.0502872467041016, "confidence": -1.0}, "geometry": {"type": "Polygon", "coordinates": [[[-118.31544550659879, 34.004460847685415], [-118.31555930737606, 34.004459203599374], [-118.31555634991321, 34.00431795282685], [-118.3155027218896, 34.0043187244836], [-118.31550139758842, 34.00425547473216], [-118.31544120750944, 34.004256344303606], [-118.31544550659879, 34.004460847685415]]]}},{"type": "Feature", "properties": {"height": 5.737557888031006, "confidence": -1.0}, "geometry": {"type": "Polygon", "coordinates": [[[-118.31584066837968, 34.05467153473029], [-118.31581259971189, 34.05455747102978], [-118.31563599025934, 34.05458731296379], [-118.31566406575783, 34.05470136522945], [-118.31584066837968, 34.05467153473029]]]}},{"type": "Feature", "properties": {"height": 3.054321765899658, "confidence": -1.0}, "geometry": {"type": "Polygon", "coordinates": [[[-118.31634277113301, 34.04545987706232], [-118.31623012253097, 34.045459308713205], [-118.316229746908, 34.04551042341325], [-118.31628070698986, 34.045510680523414], [-118.31628059266983, 34.045526237165106], [-118.31634228119, 34.045526548403664], [-118.31634277113301, 34.04545987706232]]]}},{"type": "Feature", "properties": {"height": 4.861003875732422, "confidence": -1.0}, "geometry": {"type": "Polygon", "coordinates": [[[-118.31660576710323, 34.070659891196556], [-118.31660708747678, 34.0707143412976], [-118.31680109766745, 34.07071111319599], [-118.3167982794679, 34.070594488732574], [-118.31668567180802, 34.07059635586587], [-118.31668717450451, 34.070658541391786], [-118.31660576710323, 34.070659891196556]]]}},{"type": "Feature", "properties": {"height": -1.0, "confidence": -1.0}, "geometry": {"type": "Polygon", "coordinates": [[[-118.31685304641724, 34.03445260967644], [-118.3169174194336, 34.03445260967644], [-118.3169174194336, 34.03439926366547], [-118.31685304641724, 34.03439926366547], [-118.31685304641724, 34.03445260967644]]]}},{"type": "Feature", "properties": {"height": 4.918903827667236, "confidence": -1.0}, "geometry": {"type": "Polygon", "coordinates": [[[-118.31686583411059, 34.02616588954048], [-118.31676232845673, 34.02616358404522], [-118.31675674675247, 34.02633571024474], [-118.31686023768614, 34.02633802141046], [-118.31686583411059, 34.02616588954048]]]}},{"type": "Feature", "properties": {"height": 3.8183608055114746, "confidence": -1.0}, "geometry": {"type": "Polygon", "coordinates": [[[-118.31695901814325, 34.000302755430035], [-118.31675256676877, 34.000299413300986], [-118.31675026314002, 34.00039721629784], [-118.31695671451449, 34.00040055842305], [-118.31695901814325, 34.000302755430035]]]}},{"type": "Feature", "properties": {"height": 2.967785358428955, "confidence": -1.0}, "geometry": {"type": "Polygon", "coordinates": [[[-118.31742209032092, 34.01247888523445], [-118.31741912173618, 34.01238334556921], [-118.31727705889794, 34.01238637853662], [-118.31728002748268, 34.01248191819845], [-118.31742209032092, 34.01247888523445]]]}},{"type": "Feature", "properties": {"height": 2.50130033493042, "confidence": -1.0}, "geometry": {"type": "Polygon", "coordinates": [[[-118.31750482320786, 34.017775902289166], [-118.31750482320786, 34.017807026896016], [-118.31757187843323, 34.017807026896016], [-118.31757187843323, 34.017775902289166], [-118.31750482320786, 34.017775902289166]]]}},{"type": "Feature", "properties": {"height": -1.0, "confidence": -1.0}, "geometry": {"type": "Polygon", "coordinates": [[[-118.31751025099571, 34.00782838907084], [-118.31760141109335, 34.00782986997021], [-118.31760248775034, 34.007784326610945], [-118.31751132777765, 34.00778284042389], [-118.31751025099571, 34.00782838907084]]]}},{"type": "Feature", "properties": {"height": 5.304253101348877, "confidence": -1.0}, "geometry": {"type": "Polygon", "coordinates": [[[-118.31753376370929, 34.03095569592901], [-118.3174264804993, 34.030956311972474], [-118.31742806012592, 34.03114524420725], [-118.31753534333592, 34.03114462816514], [-118.31753376370929, 34.03095569592901]]]}},{"type": "Feature", "properties": {"height": 3.3379502296447754, "confidence": -1.0}, "geometry": {"type": "Polygon", "coordinates": [[[-118.31754451330734, 33.99385805192937], [-118.31732730728726, 33.993855241252646], [-118.31732580060124, 33.99393527898238], [-118.31754300662132, 33.99393808965648], [-118.31754451330734, 33.99385805192937]]]}},{"type": "Feature", "properties": {"height": -1.0, "confidence": -1.0}, "geometry": {"type": "Polygon", "coordinates": [[[-118.31777835188488, 34.01740204284741], [-118.31777685819154, 34.01750429482966], [-118.31787714854715, 34.017505301340634], [-118.31787863360769, 34.01740304927296], [-118.31777835188488, 34.01740204284741]]]}},{"type": "Feature", "properties": {"height": 4.279970645904541, "confidence": -1.0}, "geometry": {"type": "Polygon", "coordinates": [[[-118.31780706028665, 34.03506305848598], [-118.31780345198464, 34.03512960632477], [-118.31782218967606, 34.03513030294672], [-118.31781936141957, 34.035182464384555], [-118.31795587845724, 34.03518754767174], [-118.31796231544423, 34.03506883050082], [-118.31780706028665, 34.03506305848598]]]}},{"type": "Feature", "properties": {"height": -1.0, "confidence": -1.0}, "geometry": {"type": "Polygon", "coordinates": [[[-118.31843994985564, 34.045950662376946], [-118.31837291812573, 34.045949620580515], [-118.31837053959376, 34.046055085491666], [-118.31843757141131, 34.04605612340086], [-118.31843994985564, 34.045950662376946]]]}},{"type": "Feature", "properties": {"height": 3.7113771438598633, "confidence": -1.0}, "geometry": {"type": "Polygon", "coordinates": [[[-118.31855115120219, 33.997090826644595], [-118.31836341383145, 33.99709231905731], [-118.31836426245633, 33.99716569530893], [-118.31855199982704, 33.997164202897494], [-118.31855115120219, 33.997090826644595]]]}},{"type": "Feature", "properties": {"height": -1.0, "confidence": -1.0}, "geometry": {"type": "Polygon", "coordinates": [[[-118.31887479494766, 34.00277045799009], [-118.31881445499613, 34.00277149078854], [-118.31881525540055, 34.00280362879006], [-118.31887559797671, 34.002802592445896], [-118.31887479494766, 34.00277045799009]]]}},{"type": "Feature", "properties": {"height": -1.0, "confidence": -1.0}, "geometry": {"type": "Polygon", "coordinates": [[[-118.31889227086813, 34.0565003661407], [-118.31883017827107, 34.05647681937679], [-118.31880277187912, 34.05652642496327], [-118.31886486447618, 34.056549971713416], [-118.31889227086813, 34.0565003661407]]]}},{"type": "Feature", "properties": {"height": 2.7774391174316406, "confidence": -1.0}, "geometry": {"type": "Polygon", "coordinates": [[[-118.31898613891221, 34.060796064902284], [-118.31892232735736, 34.060773828452994], [-118.31888929586817, 34.06083888456383], [-118.31895310901925, 34.0608611178523], [-118.31898613891221, 34.060796064902284]]]}},{"type": "Feature", "properties": {"height": 5.393543720245361, "confidence": -1.0}, "geometry": {"type": "Polygon", "coordinates": [[[-118.208742446189, 34.04313206544849], [-118.20925347956889, 34.04333433638182], [-118.20934528054465, 34.04317509022177], [-118.20935183225464, 34.04317768344061], [-118.20938834400636, 34.043114346818484], [-118.20926030652079, 34.04306366851301], [-118.20921753050924, 34.043137860861776], [-118.20907695298727, 34.043082219119], [-118.2091624948056, 34.04293383022006], [-118.20892663324564, 34.042840474023734], [-118.20886660966218, 34.04294459672967], [-118.20895614726152, 34.042980041704446], [-118.20891081079877, 34.04305868659445], [-118.20880816734211, 34.043018059433315], [-118.208742446189, 34.04313206544849]]]}},{"type": "Feature", "properties": {"height": 5.432895183563232, "confidence": -1.0}, "geometry": {"type": "Polygon", "coordinates": [[[-118.20875657437901, 34.04081881175386], [-118.20865261548391, 34.04078273335545], [-118.20858717911635, 34.04091220189604], [-118.20869114990751, 34.040948278338014], [-118.20875657437901, 34.04081881175386]]]}},{"type": "Feature", "properties": {"height": 7.976212978363037, "confidence": -1.0}, "geometry": {"type": "Polygon", "coordinates": [[[-118.20889647885889, 34.06009835881994], [-118.20879234708195, 34.06004810019064], [-118.20875905610848, 34.060095440664746], [-118.20886318471548, 34.06014570377362], [-118.20889647885889, 34.06009835881994]]]}},{"type": "Feature", "properties": {"height": 4.1083984375, "confidence": -1.0}, "geometry": {"type": "Polygon", "coordinates": [[[-118.20895491693075, 34.02555372496603], [-118.20889587070148, 34.025654431973166], [-118.20898620678962, 34.02569081341425], [-118.20899618073682, 34.02567380469398], [-118.20915537111301, 34.025737925327334], [-118.20920128574598, 34.02565961515968], [-118.20903854748116, 34.025594074843355], [-118.20904171067201, 34.02558867982434], [-118.20895491693075, 34.02555372496603]]]}},{"type": "Feature", "properties": {"height": 3.180023193359375, "confidence": -1.0}, "geometry": {"type": "Polygon", "coordinates": [[[-118.20904777312126, 34.04942892420917], [-118.2091584925729, 34.04947780401283], [-118.20918966334204, 34.04942933912351], [-118.20907894389042, 34.049380459291896], [-118.20904777312126, 34.04942892420917]]]}},{"type": "Feature", "properties": {"height": -1.0, "confidence": -1.0}, "geometry": {"type": "Polygon", "coordinates": [[[-118.20930559558545, 34.07038326818185], [-118.20913932026667, 34.070384839477235], [-118.20914039109611, 34.07046259259735], [-118.20913770923615, 34.0704626179408], [-118.20913881066072, 34.07054259250416], [-118.20924072133997, 34.07054162945394], [-118.20924038479359, 34.070517192789524], [-118.2093074312931, 34.07051655920368], [-118.20930559558545, 34.07038326818185]]]}},{"type": "Feature", "properties": {"height": 3.90761661529541, "confidence": -1.0}, "geometry": {"type": "Polygon", "coordinates": [[[-118.20950033859998, 34.06773539099967], [-118.2094038160113, 34.0677369579059], [-118.20940884210356, 34.06795017626688], [-118.2095053646922, 34.067948609364585], [-118.20950033859998, 34.06773539099967]]]}},{"type": "Feature", "properties": {"height": 4.8435282707214355, "confidence": -1.0}, "geometry": {"type": "Polygon", "coordinates": [[[-118.20965801649548, 34.02939141526861], [-118.21028705691735, 34.02967104655083], [-118.21029599502648, 34.02965723685657], [-118.21042721869065, 34.029715570427975], [-118.21047190923625, 34.02964652197048], [-118.21021779356914, 34.029533558418215], [-118.21023455252376, 34.0295076651977], [-118.21016998214931, 34.02947896131153], [-118.21017109941296, 34.029477235095975], [-118.21000030035802, 34.02940130863903], [-118.2099450700797, 34.02948664159096], [-118.20985859692459, 34.02944820612402], [-118.20991382412718, 34.02936286675045], [-118.20980034048881, 34.02931241904215], [-118.2097444773068, 34.0293987299451], [-118.20965699486402, 34.02935984075673], [-118.20971285804602, 34.029273529814226], [-118.2096003806196, 34.029223529352144], [-118.20954228291032, 34.02931329278342], [-118.20956936080927, 34.029325329921654], [-118.2094236169739, 34.02955050989478], [-118.2093819574533, 34.02953199314548], [-118.20921659761372, 34.02978747995074], [-118.20933949319951, 34.029842104185036], [-118.20938418504802, 34.02977305381744], [-118.20940709778435, 34.02978323800112], [-118.20954390399221, 34.02957186761196], [-118.20954182107691, 34.029570941681], [-118.20965801649548, 34.02939141526861]]]}},{"type": "Feature", "properties": {"height": 3.893399953842163, "confidence": -1.0}, "geometry": {"type": "Polygon", "coordinates": [[[-118.21025494233808, 34.02451792762738], [-118.21022226592379, 34.024584758311], [-118.21033745975731, 34.024623447062574], [-118.21037013617159, 34.0245566164094], [-118.21025494233808, 34.02451792762738]]]}},{"type": "Feature", "properties": {"height": 3.160998582839966, "confidence": -1.0}, "geometry": {"type": "Polygon", "coordinates": [[[-118.21037614289179, 34.04031932830087], [-118.21046342369458, 34.04015571583569], [-118.21036918816606, 34.04012119168934], [-118.21028190736325, 34.0402848042211], [-118.21037614289179, 34.04031932830087]]]}},{"type": "Feature", "properties": {"height": 2.6482996940612793, "confidence": -1.0}, "geometry": {"type": "Polygon", "coordinates": [[[-118.21096902886491, 34.068877925149586], [-118.21096747592681, 34.068971224951504], [-118.21104949246777, 34.06897216168782], [-118.21105103752441, 34.06887886179692], [-118.21096902886491, 34.068877925149586]]]}},{"type": "Feature", "properties": {"height": -1.0, "confidence": -1.0}, "geometry": {"type": "Polygon", "coordinates": [[[-118.2109871838551, 34.052248198815036], [-118.21087725221639, 34.052421138243076], [-118.21096964249398, 34.05246145328981], [-118.2110795714667, 34.05228851813802], [-118.2109871838551, 34.052248198815036]]]}},{"type": "Feature", "properties": {"height": 4.150558948516846, "confidence": -1.0}, "geometry": {"type": "Polygon", "coordinates": [[[-118.21099754934738, 34.06860532650371], [-118.21099954214006, 34.06869639256681], [-118.21113628986564, 34.06869433917901], [-118.21113546358575, 34.06865658009064], [-118.21116495819322, 34.068656137202886], [-118.21116379168046, 34.068602830225664], [-118.21099754934738, 34.06860532650371]]]}},{"type": "Feature", "properties": {"height": -1.0, "confidence": -1.0}, "geometry": {"type": "Polygon", "coordinates": [[[-118.21101830709, 34.03209529021579], [-118.21096608167052, 34.032071069143605], [-118.21094093443116, 34.03210830823031], [-118.21103605644235, 34.0321524238323], [-118.21108406023616, 34.03208132893262], [-118.21104116603942, 34.032061435486284], [-118.21101830709, 34.03209529021579]]]}},{"type": "Feature", "properties": {"height": 4.1452484130859375, "confidence": -1.0}, "geometry": {"type": "Polygon", "coordinates": [[[-118.21108229798539, 34.04110726569784], [-118.21103583153139, 34.0411947842762], [-118.2111806162203, 34.041247575041126], [-118.21122708886728, 34.04116005877532], [-118.21108229798539, 34.04110726569784]]]}},{"type": "Feature", "properties": {"height": 2.5756561756134033, "confidence": -1.0}, "geometry": {"type": "Polygon", "coordinates": [[[-118.21180479757511, 34.03925710274469], [-118.21176158933909, 34.03933481460043], [-118.21181911681542, 34.03935677471801], [-118.21186232352123, 34.03927906563454], [-118.21180479757511, 34.03925710274469]]]}},{"type": "Feature", "properties": {"height": 7.089653015136719, "confidence": -1.0}, "geometry": {"type": "Polygon", "coordinates": [[[-118.21190921884522, 34.02357273425595], [-118.211777378796, 34.023522810203765], [-118.21177597405674, 34.02352535883757], [-118.21157939642816, 34.02345093186809], [-118.21153518406307, 34.023531134588886], [-118.21186359636242, 34.0236554948578], [-118.21190921884522, 34.02357273425595]]]}},{"type": "Feature", "properties": {"height": 3.939364194869995, "confidence": -1.0}, "geometry": {"type": "Polygon", "coordinates": [[[-118.21203990021407, 34.046309247872266], [-118.21211872113874, 34.04633917393559], [-118.21220163300646, 34.04618924575452], [-118.21212279952576, 34.04615931944282], [-118.21203990021407, 34.046309247872266]]]}},{"type": "Feature", "properties": {"height": 3.857701539993286, "confidence": -1.0}, "geometry": {"type": "Polygon", "coordinates": [[[-118.21253723552314, 34.03461349370096], [-118.21271167881915, 34.03468134268484], [-118.21276428547328, 34.0345884438299], [-118.21258984860683, 34.03452059727247], [-118.21253723552314, 34.03461349370096]]]}},{"type": "Feature", "properties": {"height": -1.0, "confidence": -1.0}, "geometry": {"type": "Polygon", "coordinates": [[[-118.21293928617025, 34.05134630600575], [-118.21291916667724, 34.05133885432966], [-118.21289818117862, 34.05137775035269], [-118.21291830067163, 34.05138520202535], [-118.21293928617025, 34.05134630600575]]]}},{"type": "Feature", "properties": {"height": 5.832122325897217, "confidence": -1.0}, "geometry": {"type": "Polygon", "coordinates": [[[-118.21316665114756, 34.03244923939266], [-118.21320282844366, 34.03246321633811], [-118.21323467515728, 34.032406613303124], [-118.21312230786445, 34.032363200637946], [-118.21305039593048, 34.03249101395456], [-118.21312659086749, 34.032520451529265], [-118.21316665114756, 34.03244923939266]]]}},{"type": "Feature", "properties": {"height": 3.4029903411865234, "confidence": -1.0}, "geometry": {"type": "Polygon", "coordinates": [[[-118.21319920407797, 34.04844233555053], [-118.21312811186334, 34.04856808284655], [-118.2132127583967, 34.04860094144476], [-118.21328385932138, 34.04847519757861], [-118.21319920407797, 34.04844233555053]]]}},{"type": "Feature", "properties": {"height": -1.0, "confidence": -1.0}, "geometry": {"type": "Polygon", "coordinates": [[[-118.21398700942817, 34.046522694564615], [-118.21395174200215, 34.04657413275448], [-118.21400243631709, 34.04659799543284], [-118.21403770221931, 34.04654655947994], [-118.21398700942817, 34.046522694564615]]]}},{"type": "Feature", "properties": {"height": -1.0, "confidence": -1.0}, "geometry": {"type": "Polygon", "coordinates": [[[-118.2142806867286, 34.0405377407331], [-118.21435143134225, 34.04056831128091], [-118.21438112270062, 34.04052113174029], [-118.21431038121979, 34.040490562529236], [-118.2142806867286, 34.0405377407331]]]}},{"type": "Feature", "properties": {"height": 5.838339328765869, "confidence": -1.0}, "geometry": {"type": "Polygon", "coordinates": [[[-118.21511951172239, 34.06835735016212], [-118.21534211830428, 34.068355749821144], [-118.21533967431411, 34.06812247165755], [-118.2149615113256, 34.06812519031655], [-118.21496397859185, 34.0683606901663], [-118.21504712080919, 34.068360092448614], [-118.21504576118491, 34.0682303167852], [-118.21511817533023, 34.06822979199356], [-118.21511951172239, 34.06835735016212]]]}},{"type": "Feature", "properties": {"height": 5.466675758361816, "confidence": -1.0}, "geometry": {"type": "Polygon", "coordinates": [[[-118.21551915068673, 34.02605746989267], [-118.21544867473008, 34.026186677394826], [-118.21553861618412, 34.02622036938617], [-118.21557082962244, 34.02616130159579], [-118.21574009732393, 34.0262247091391], [-118.21570141099102, 34.02629564581816], [-118.21579408796774, 34.02633036786491], [-118.21587104008597, 34.02618928748354], [-118.21551915068673, 34.02605746989267]]]}},{"type": "Feature", "properties": {"height": -1.0, "confidence": -1.0}, "geometry": {"type": "Polygon", "coordinates": [[[-118.2160131480758, 34.03544634001953], [-118.21592702119642, 34.03541848631445], [-118.21585566283238, 34.03557003915329], [-118.21586497406705, 34.03557304989104], [-118.21583227591479, 34.03564249502526], [-118.21590909360077, 34.035667333587256], [-118.2160131480758, 34.03544634001953]]]}},{"type": "Feature", "properties": {"height": 4.149450778961182, "confidence": -1.0}, "geometry": {"type": "Polygon", "coordinates": [[[-118.2160564079353, 34.05315846639209], [-118.21592193694354, 34.05304043781994], [-118.21582832633247, 34.05311365344456], [-118.21596279405387, 34.05323167904426], [-118.2160564079353, 34.05315846639209]]]}},{"type": "Feature", "properties": {"height": 6.498101711273193, "confidence": -1.0}, "geometry": {"type": "Polygon", "coordinates": [[[-118.21765817177932, 34.06357081300716], [-118.21769053016516, 34.06377617862452], [-118.2181373296846, 34.063727839278194], [-118.2181049542394, 34.06352247538934], [-118.21765817177932, 34.06357081300716]]]}},{"type": "Feature", "properties": {"height": 2.515578269958496, "confidence": -1.0}, "geometry": {"type": "Polygon", "coordinates": [[[-118.21815476125782, 34.042862599738996], [-118.21824955321222, 34.04286003796475], [-118.21824641403457, 34.042780111703856], [-118.21809266944025, 34.04278426669051], [-118.2181007090172, 34.042988522065144], [-118.21815965491336, 34.042986929041206], [-118.21815476125782, 34.042862599738996]]]}},{"type": "Feature", "properties": {"height": -1.0, "confidence": -1.0}, "geometry": {"type": "Polygon", "coordinates": [[[-118.21909610010505, 34.068464324837095], [-118.2190050048318, 34.068466822933885], [-118.21901174576801, 34.068635499130025], [-118.21910284104126, 34.06863300103821], [-118.21909610010505, 34.068464324837095]]]}},{"type": "Feature", "properties": {"height": 5.070767879486084, "confidence": -1.0}, "geometry": {"type": "Polygon", "coordinates": [[[-118.21939235082792, 34.04122553287227], [-118.21916019540564, 34.041193192594], [-118.21913891849692, 34.04129806715179], [-118.21926151602496, 34.041315152620776], [-118.21925692159807, 34.04133779867501], [-118.2193664780895, 34.0413530603549], [-118.21939235082792, 34.04122553287227]]]}},{"type": "Feature", "properties": {"height": 3.362544536590576, "confidence": -1.0}, "geometry": {"type": "Polygon", "coordinates": [[[-118.21962709173843, 34.05389195820228], [-118.21952588989905, 34.053851777659716], [-118.21949244024819, 34.05390960872089], [-118.21959364606064, 34.053949790813476], [-118.21962709173843, 34.05389195820228]]]}},{"type": "Feature", "properties": {"height": 4.428167819976807, "confidence": -1.0}, "geometry": {"type": "Polygon", "coordinates": [[[-118.21980627306229, 34.05077863013998], [-118.21984545185349, 34.05077098965674], [-118.21981706873916, 34.0506710475675], [-118.21973574094278, 34.050686903074485], [-118.21977162210854, 34.05081324711844], [-118.21981377261541, 34.05080502955126], [-118.21980627306229, 34.05077863013998]]]}},{"type": "Feature", "properties": {"height": 5.924206256866455, "confidence": -1.0}, "geometry": {"type": "Polygon", "coordinates": [[[-118.22019288848125, 34.05010375246703], [-118.22010250100091, 34.05011846532426], [-118.22012607829906, 34.05021786520212], [-118.2202164645824, 34.05020314731558], [-118.22019288848125, 34.05010375246703]]]}},{"type": "Feature", "properties": {"height": 1.982570767402649, "confidence": 1.0}, "geometry": {"type": "Polygon", "coordinates": [[[-118.22055356296401, 34.009945647928426], [-118.2205528736568, 34.010059037948174], [-118.22062529146127, 34.01005934045081], [-118.22062598076849, 34.00994595043149], [-118.22055356296401, 34.009945647928426]]]}},{"type": "Feature", "properties": {"height": 3.204415798187256, "confidence": -1.0}, "geometry": {"type": "Polygon", "coordinates": [[[-118.22126134613504, 34.05005363269517], [-118.22127144828559, 34.05009742335906], [-118.22138530431153, 34.05007938557596], [-118.22137520363042, 34.05003560127244], [-118.22126134613504, 34.05005363269517]]]}},{"type": "Feature", "properties": {"height": 5.074296474456787, "confidence": -1.0}, "geometry": {"type": "Polygon", "coordinates": [[[-118.22211003983924, 34.043878941561644], [-118.22210717176442, 34.043815473097936], [-118.22197057062682, 34.043819711348796], [-118.22197343834414, 34.04388317189846], [-118.22211003983924, 34.043878941561644]]]}},{"type": "Feature", "properties": {"height": 5.55784273147583, "confidence": 0.8531000018119812}, "geometry": {"type": "Polygon", "coordinates": [[[-118.22289196685745, 33.99151967181511], [-118.22289148628343, 33.99123501602124], [-118.22275354169304, 33.991235176117904], [-118.2227539982384, 33.991519831939115], [-118.22289196685745, 33.99151967181511]]]}},{"type": "Feature", "properties": {"height": 3.363377094268799, "confidence": -1.0}, "geometry": {"type": "Polygon", "coordinates": [[[-118.2235260220633, 34.050115714841816], [-118.22346200776363, 34.04999446352074], [-118.22338320832739, 34.050023022979985], [-118.22344722262706, 34.05014427426019], [-118.2235260220633, 34.050115714841816]]]}},{"type": "Feature", "properties": {"height": 9.72789192199707, "confidence": -1.0}, "geometry": {"type": "Polygon", "coordinates": [[[-118.22365540590366, 34.06720641434949], [-118.22379224815968, 34.0672361500698], [-118.22378016543173, 34.067274316599125], [-118.22385663123403, 34.0672909281157], [-118.22394681907143, 34.06700612134962], [-118.22387284036742, 34.066990050079085], [-118.22387965646595, 34.06696851953797], [-118.22374032583927, 34.06693824300083], [-118.22365540590366, 34.06720641434949]]]}},{"type": "Feature", "properties": {"height": 4.2501301765441895, "confidence": 0.9814000129699707}, "geometry": {"type": "Polygon", "coordinates": [[[-118.22371904323022, 33.99226732613052], [-118.22371704379383, 33.99238516712996], [-118.22381483343352, 33.99238630204811], [-118.22381682292445, 33.9922684609348], [-118.22371904323022, 33.99226732613052]]]}},{"type": "Feature", "properties": {"height": 5.1830644607543945, "confidence": -1.0}, "geometry": {"type": "Polygon", "coordinates": [[[-118.22537641451018, 34.044215459938215], [-118.22542555248982, 34.04435710832657], [-118.22549091256278, 34.04434154103464], [-118.22553721237438, 34.04447497525075], [-118.22529098385755, 34.04453362121035], [-118.22534083398182, 34.04467732193303], [-118.22450839152673, 34.044875589909964], [-118.22456393880806, 34.045035712911165], [-118.22490034740825, 34.04495558859774], [-118.2249200609079, 34.0449798266712], [-118.22490197105243, 34.04492768006842], [-118.2256050834327, 34.04476017479452], [-118.22561067921318, 34.0447670549156], [-118.22563653277017, 34.04484158163275], [-118.22568855945683, 34.0448291871059], [-118.2256973928522, 34.044854650668434], [-118.22619847740138, 34.04473530428294], [-118.2263057610304, 34.044675395753735], [-118.22629542710672, 34.04464560663363], [-118.22630216793496, 34.044641842467534], [-118.22622022908448, 34.04440564078195], [-118.22581639539347, 34.04450182472014], [-118.22579868496737, 34.04445077158962], [-118.22577317151223, 34.044419402178015], [-118.22582371033694, 34.04439118056212], [-118.22613064307538, 34.04431807612656], [-118.22608824366836, 34.04426594493985], [-118.22605886113357, 34.044272943202046], [-118.22598835881494, 34.04406970828238], [-118.22537641451018, 34.044215459938215]]]}},{"type": "Feature", "properties": {"height": 6.814763069152832, "confidence": 0.9786999821662903}, "geometry": {"type": "Polygon", "coordinates": [[[-118.2257493436581, 34.00903045547967], [-118.2257465796371, 34.00917403933136], [-118.22599977217075, 34.009177373845816], [-118.22600092244446, 34.00911735685551], [-118.2260277377661, 34.009117710010216], [-118.2260293390823, 34.00903415923565], [-118.2257493436581, 34.00903045547967]]]}},{"type": "Feature", "properties": {"height": 1.977893352508545, "confidence": 1.0}, "geometry": {"type": "Polygon", "coordinates": [[[-118.22629714384875, 34.00012600697821], [-118.22629501380436, 34.00018283343142], [-118.2263754024469, 34.00018490442853], [-118.22637753231663, 34.00012808263663], [-118.22629714384875, 34.00012600697821]]]}},{"type": "Feature", "properties": {"height": 4.609112739562988, "confidence": 0.9976999759674072}, "geometry": {"type": "Polygon", "coordinates": [[[-118.22722583450097, 33.99126673564358], [-118.2272944000673, 33.99126763087639], [-118.227295812405, 33.99119326965394], [-118.22722724048793, 33.9911923783166], [-118.22722583450097, 33.99126673564358]]]}},{"type": "Feature", "properties": {"height": 5.361753463745117, "confidence": -1.0}, "geometry": {"type": "Polygon", "coordinates": [[[-118.22960121975754, 34.02176892540068], [-118.22957087029465, 34.02259514206547], [-118.23002106412186, 34.02260650200357], [-118.23002914099504, 34.02238662257697], [-118.22995142896535, 34.0223846616303], [-118.22995265273403, 34.0223513465152], [-118.22991781630692, 34.02235046746978], [-118.22992181395121, 34.022241638001546], [-118.23005044075897, 34.02224488371181], [-118.23006749193573, 34.02178069116537], [-118.22960121975754, 34.02176892540068]]]}},{"type": "Feature", "properties": {"height": 5.4102373123168945, "confidence": 0.9962000250816345}, "geometry": {"type": "Polygon", "coordinates": [[[-118.2297258081348, 33.99378184026834], [-118.23017773056128, 33.99378291545114], [-118.23017844634927, 33.99357610212722], [-118.23017039978849, 33.993576082983346], [-118.23017086928381, 33.99344043095985], [-118.22997506963799, 33.99343996512489], [-118.2299751696944, 33.99341105564912], [-118.22983301378716, 33.99341071744004], [-118.22983366800197, 33.99322169370135], [-118.22996777734842, 33.9932220127672], [-118.2299675002692, 33.9933020699311], [-118.23005333025094, 33.99330227413306], [-118.23005361502679, 33.993219993158164], [-118.23017967781247, 33.99322029308007], [-118.23018033972392, 33.993029045101544], [-118.22987855615807, 33.993028327112455], [-118.22987825580113, 33.99311727973276], [-118.22972805330292, 33.993116922378505], [-118.2297258081348, 33.99378184026834]]]}},{"type": "Feature", "properties": {"height": 5.741266250610352, "confidence": 0.9972000122070312}, "geometry": {"type": "Polygon", "coordinates": [[[-118.230532759406, 34.00173052273612], [-118.23053320243517, 34.00199290741309], [-118.2306968168645, 34.00199271754841], [-118.2306975752704, 34.002441882657386], [-118.23173827032905, 34.0024406749999], [-118.23173825531111, 34.002431780664224], [-118.23189650533293, 34.00243159702556], [-118.23189662923092, 34.002504975267136], [-118.23223190470084, 34.00250458620253], [-118.23223178080285, 34.00243120796061], [-118.2322827426743, 34.00243114882274], [-118.23228200304082, 34.001993101635314], [-118.2319923250348, 34.001993437789174], [-118.23199187825115, 34.00172882951144], [-118.230532759406, 34.00173052273612]]]}},{"type": "Feature", "properties": {"height": 4.672466278076172, "confidence": 1.0}, "geometry": {"type": "Polygon", "coordinates": [[[-118.23097517090484, 34.00459143942135], [-118.23113341007495, 34.00459254114972], [-118.23113428856408, 34.00450582948082], [-118.230976049394, 34.00450472775132], [-118.23097517090484, 34.00459143942135]]]}},{"type": "Feature", "properties": {"height": 5.616423606872559, "confidence": -1.0}, "geometry": {"type": "Polygon", "coordinates": [[[-118.23240218953394, 34.03267999002705], [-118.2324036545108, 34.03306546460543], [-118.23259408946188, 34.03306496756376], [-118.2325952179171, 34.033361893103546], [-118.232403149451, 34.03336238326689], [-118.23240367329473, 34.03350335228852], [-118.2328747005945, 34.0335021228977], [-118.23287157501099, 34.03267970044437], [-118.23274014807293, 34.032680043474684], [-118.23274049442136, 34.032771177165955], [-118.2326611275709, 34.032771384316845], [-118.23266078549835, 34.032679330078615], [-118.23240218953394, 34.03267999002705]]]}},{"type": "Feature", "properties": {"height": 3.3358728885650635, "confidence": -1.0}, "geometry": {"type": "Polygon", "coordinates": [[[-118.23337039025326, 34.02066693034804], [-118.23326596701973, 34.02066330795645], [-118.2332592432393, 34.02079646126657], [-118.2333636664728, 34.02080008365249], [-118.23337039025326, 34.02066693034804]]]}},{"type": "Feature", "properties": {"height": 2.98024320602417, "confidence": -1.0}, "geometry": {"type": "Polygon", "coordinates": [[[-118.233500976336, 34.07026633756455], [-118.23356721923236, 34.07037083124557], [-118.2336408047928, 34.07033882239039], [-118.23357456189645, 34.070234328669876], [-118.233500976336, 34.07026633756455]]]}},{"type": "Feature", "properties": {"height": 7.451180458068848, "confidence": -1.0}, "geometry": {"type": "Polygon", "coordinates": [[[-118.23548434810138, 34.05023212822337], [-118.23553897622014, 34.049850816669704], [-118.2355798269871, 34.049854836703524], [-118.23556643689044, 34.04994824644158], [-118.2356922249137, 34.04996061765419], [-118.23566930603248, 34.05012059450328], [-118.23552763516176, 34.050106661243774], [-118.2355069019336, 34.05025129642611], [-118.23585224538382, 34.05028526072034], [-118.23586405558478, 34.05020282413964], [-118.23617465669012, 34.05023338957731], [-118.2362023007677, 34.05004054415276], [-118.23590755312065, 34.05001153874649], [-118.23594083231946, 34.049779245100915], [-118.23558376807871, 34.04974410715916], [-118.23559820999517, 34.04964330024297], [-118.23487470234595, 34.04957210124594], [-118.23483229381785, 34.049867945113505], [-118.23474236726473, 34.04985909564096], [-118.23472980177493, 34.049946752894094], [-118.23480650383493, 34.04995430096587], [-118.23477666079663, 34.05016248656033], [-118.23548434810138, 34.05023212822337]]]}},{"type": "Feature", "properties": {"height": -1.0, "confidence": -1.0}, "geometry": {"type": "Polygon", "coordinates": [[[-118.23615493105048, 34.06799552977291], [-118.2360525387689, 34.06803393222536], [-118.23613960272675, 34.06819322578594], [-118.23624199770107, 34.06815482833228], [-118.23615493105048, 34.06799552977291]]]}},{"type": "Feature", "properties": {"height": 7.9912238121032715, "confidence": -1.0}, "geometry": {"type": "Polygon", "coordinates": [[[-118.23838741321512, 34.06689779375751], [-118.23876774386675, 34.06698634917163], [-118.23879708936244, 34.06689986219609], [-118.2383073825757, 34.066785839731956], [-118.23827345753871, 34.06688582364737], [-118.23838283566799, 34.06691128469976], [-118.23838741321512, 34.06689779375751]]]}},{"type": "Feature", "properties": {"height": 16.281410217285156, "confidence": -1.0}, "geometry": {"type": "Polygon", "coordinates": [[[-118.24111225124574, 34.04989322881636], [-118.24085150449609, 34.04974659001477], [-118.24059475563982, 34.05006000273099], [-118.24085550238948, 34.050206640990524], [-118.24111225124574, 34.04989322881636]]]}},{"type": "Feature", "properties": {"height": 5.041408061981201, "confidence": 0.9972000122070312}, "geometry": {"type": "Polygon", "coordinates": [[[-118.24217531111493, 34.00573669428103], [-118.24257328888896, 34.00574087365106], [-118.24257701086809, 34.00549731010991], [-118.24217901218304, 34.00549315360005], [-118.24217531111493, 34.00573669428103]]]}},{"type": "Feature", "properties": {"height": 4.879971027374268, "confidence": -1.0}, "geometry": {"type": "Polygon", "coordinates": [[[-118.24227864794608, 34.05061342686385], [-118.24255004525183, 34.050272176817124], [-118.24254515981714, 34.05024146246501], [-118.24260579745076, 34.05023484124159], [-118.24257850241898, 34.050063239258996], [-118.24261952850071, 34.050058757097254], [-118.2426101286092, 34.04999969191172], [-118.24257823930924, 34.04998228137124], [-118.24254474926059, 34.04998593827117], [-118.24252815300162, 34.04988159847065], [-118.24203211895278, 34.049610778922066], [-118.24196943633389, 34.04961762349454], [-118.2419597143272, 34.04962984658916], [-118.24211789666828, 34.05062432831672], [-118.24217458513272, 34.05065527817304], [-118.24224761500233, 34.05064730383933], [-118.24220712020806, 34.05039271697425], [-118.24224290090363, 34.05038880789413], [-118.24227864794608, 34.05061342686385]]]}},{"type": "Feature", "properties": {"height": 4.68270206451416, "confidence": -1.0}, "geometry": {"type": "Polygon", "coordinates": [[[-118.24246994105052, 34.06294717548267], [-118.24249035472484, 34.06290508758941], [-118.24230932602423, 34.062844818926884], [-118.24226849255288, 34.06292899271397], [-118.24241257840261, 34.0629769621985], [-118.24243299207694, 34.06293487432006], [-118.24246994105052, 34.06294717548267]]]}},{"type": "Feature", "properties": {"height": 4.844147205352783, "confidence": -1.0}, "geometry": {"type": "Polygon", "coordinates": [[[-118.24251386539012, 34.06191386931359], [-118.24251608837793, 34.06199035975686], [-118.24268326385862, 34.06198701567308], [-118.24268103469477, 34.06191053504298], [-118.24251386539012, 34.06191386931359]]]}},{"type": "Feature", "properties": {"height": 3.7726080417633057, "confidence": -1.0}, "geometry": {"type": "Polygon", "coordinates": [[[-118.24259367429545, 34.0370592497351], [-118.2425545419556, 34.037051426429656], [-118.24257472133121, 34.03698211215089], [-118.24236434250166, 34.03694005334018], [-118.24233193320146, 34.03705137630036], [-118.24248654896776, 34.03708228695403], [-118.24247431904315, 34.037124295564965], [-118.24256922115204, 34.0371432682996], [-118.24259367429545, 34.0370592497351]]]}},{"type": "Feature", "properties": {"height": 2.9468021392822266, "confidence": 0.982699990272522}, "geometry": {"type": "Polygon", "coordinates": [[[-118.2435957239416, 33.99695606629838], [-118.24373888753163, 33.99695806000912], [-118.24374030824563, 33.996888228567634], [-118.24359713893048, 33.99688622646805], [-118.2435957239416, 33.99695606629838]]]}},{"type": "Feature", "properties": {"height": 5.753304481506348, "confidence": -1.0}, "geometry": {"type": "Polygon", "coordinates": [[[-118.24369843707309, 34.06485337684152], [-118.24361854522465, 34.064587678503784], [-118.24352622992137, 34.06460673292685], [-118.2436061429055, 34.064872426842335], [-118.24369843707309, 34.06485337684152]]]}},{"type": "Feature", "properties": {"height": 1.5334715843200684, "confidence": 0.9868000149726868}, "geometry": {"type": "Polygon", "coordinates": [[[-118.24377736743503, 34.00948480402896], [-118.24385629984367, 34.0094842041261], [-118.24385678074275, 34.009527353754756], [-118.24392267176131, 34.00952684914666], [-118.24392160439086, 34.00943034609087], [-118.24386796471961, 34.00943075376389], [-118.24386681903896, 34.00932717040786], [-118.24377563165636, 34.00932786874277], [-118.24377736743503, 34.00948480402896]]]}},{"type": "Feature", "properties": {"height": 4.241179466247559, "confidence": -1.0}, "geometry": {"type": "Polygon", "coordinates": [[[-118.24435258650637, 34.06282333620289], [-118.24434888992049, 34.06272343952958], [-118.24436496809984, 34.06272303214927], [-118.24436155044124, 34.0626306731118], [-118.24393547960148, 34.06264149338131], [-118.2439425929327, 34.06283372438743], [-118.24435258650637, 34.06282333620289]]]}},{"type": "Feature", "properties": {"height": 4.118863105773926, "confidence": 0.9560999870300293}, "geometry": {"type": "Polygon", "coordinates": [[[-118.24443099096314, 34.01221678011338], [-118.24451299403623, 34.012242646138304], [-118.24454687326941, 34.01216884594908], [-118.24446487019628, 34.01214297990165], [-118.24443099096314, 34.01221678011338]]]}},{"type": "Feature", "properties": {"height": 14.631622314453125, "confidence": -1.0}, "geometry": {"type": "Polygon", "coordinates": [[[-118.24450015032141, 34.056720056902925], [-118.24445371807005, 34.056756678298356], [-118.2444229099664, 34.056729867025595], [-118.24412743200325, 34.05696291197229], [-118.24418235079672, 34.05701070584294], [-118.24413169743163, 34.05705065631836], [-118.24447728398567, 34.05735140723205], [-118.24455044995752, 34.05729370118846], [-118.24460001081992, 34.05733683207534], [-118.2449194084277, 34.057084922668565], [-118.24450015032141, 34.056720056902925]]]}},{"type": "Feature", "properties": {"height": 2.1663081645965576, "confidence": 0.9804999828338623}, "geometry": {"type": "Polygon", "coordinates": [[[-118.24451267641382, 33.99517781034142], [-118.24455021727088, 33.99517730060289], [-118.24454602811518, 33.994965229500245], [-118.24450580572224, 33.99496577331669], [-118.2445081943772, 33.99508669624136], [-118.244510875867, 33.99508665983143], [-118.24451267641382, 33.99517781034142]]]}},{"type": "Feature", "properties": {"height": 3.878793954849243, "confidence": 0.9735000133514404}, "geometry": {"type": "Polygon", "coordinates": [[[-118.24464787333311, 34.00505278668613], [-118.24499526610607, 34.00504657873274], [-118.24499323681061, 34.004968791763176], [-118.2448162935055, 34.00497195376568], [-118.24481585190978, 34.00495502650667], [-118.24464541069167, 34.00495808220542], [-118.24464787333311, 34.00505278668613]]]}},{"type": "Feature", "properties": {"height": 2.580159902572632, "confidence": 0.9929999709129333}, "geometry": {"type": "Polygon", "coordinates": [[[-118.24497466615045, 34.004627828667196], [-118.24480993513562, 34.00463025632906], [-118.24481045947243, 34.004654707437496], [-118.24475146951656, 34.00465557677968], [-118.24475288116088, 34.00472140517258], [-118.24497659478918, 34.0047181212599], [-118.24497466615045, 34.004627828667196]]]}},{"type": "Feature", "properties": {"height": 3.6500113010406494, "confidence": 0.9653000235557556}, "geometry": {"type": "Polygon", "coordinates": [[[-118.24514059025422, 34.00924354880598], [-118.24476705973615, 34.00918395317245], [-118.24475131637178, 34.00925173378285], [-118.24512484755624, 34.00931135114626], [-118.24514059025422, 34.00924354880598]]]}},{"type": "Feature", "properties": {"height": 2.582667589187622, "confidence": 0.9584000110626221}, "geometry": {"type": "Polygon", "coordinates": [[[-118.24520878792893, 34.002549345226214], [-118.24521085357898, 34.00225806511842], [-118.24508747622863, 34.002257463797996], [-118.24508705048397, 34.00231749871152], [-118.24511655376338, 34.002317642505425], [-118.24511491385802, 34.00254888770139], [-118.24520878792893, 34.002549345226214]]]}},{"type": "Feature", "properties": {"height": 3.363095283508301, "confidence": 0.9840999841690063}, "geometry": {"type": "Polygon", "coordinates": [[[-118.24521493321545, 33.99070232426145], [-118.24521385589911, 33.99076458043184], [-118.24543800238646, 33.9907672599033], [-118.24543908495689, 33.99070500379765], [-118.24521493321545, 33.99070232426145]]]}},{"type": "Feature", "properties": {"height": 3.762402057647705, "confidence": 0.9552000164985657}, "geometry": {"type": "Polygon", "coordinates": [[[-118.24542696465254, 33.99207116821015], [-118.24520830002741, 33.99206832591053], [-118.2452069127082, 33.992141695214734], [-118.24542557114144, 33.99214453743142], [-118.24542696465254, 33.99207116821015]]]}},{"type": "Feature", "properties": {"height": 1.1674140691757202, "confidence": 0.9918000102043152}, "geometry": {"type": "Polygon", "coordinates": [[[-118.2457741305153, 34.010776172127144], [-118.2456836433524, 34.01073479921695], [-118.24563868047599, 34.01080237068374], [-118.24572916496064, 34.010843747585994], [-118.2457741305153, 34.010776172127144]]]}},{"type": "Feature", "properties": {"height": 4.518022537231445, "confidence": 0.9537000060081482}, "geometry": {"type": "Polygon", "coordinates": [[[-118.2462406368114, 34.00872088717792], [-118.24633481479502, 34.00872803950214], [-118.24634829739591, 34.008605953106894], [-118.24625412903549, 34.00859880696663], [-118.2462406368114, 34.00872088717792]]]}},{"type": "Feature", "properties": {"height": 4.464664936065674, "confidence": -1.0}, "geometry": {"type": "Polygon", "coordinates": [[[-118.24664340714631, 34.06677489141414], [-118.24696545720242, 34.06690236314971], [-118.24702076320072, 34.066806493278804], [-118.24669870655025, 34.06667901878887], [-118.24664340714631, 34.06677489141414]]]}},{"type": "Feature", "properties": {"height": 3.6505558490753174, "confidence": 0.9642999768257141}, "geometry": {"type": "Polygon", "coordinates": [[[-118.24721703923866, 34.01220441041391], [-118.24714362061655, 34.01217681387354], [-118.24706735127458, 34.01231625538571], [-118.24714077182914, 34.01234384834765], [-118.24721703923866, 34.01220441041391]]]}},{"type": "Feature", "properties": {"height": 18.588592529296875, "confidence": -1.0}, "geometry": {"type": "Polygon", "coordinates": [[[-118.24731804900637, 34.065894799043676], [-118.24733801745899, 34.06584977170363], [-118.24739709895086, 34.06586775186831], [-118.2474023081124, 34.06585600560426], [-118.24748029568171, 34.06587973941909], [-118.2475315191036, 34.06576423443478], [-118.24735427462795, 34.065710293863376], [-118.24725790513928, 34.065927599858604], [-118.24743042309558, 34.06598010188056], [-118.24745039154817, 34.065935074585845], [-118.24731804900637, 34.065894799043676]]]}},{"type": "Feature", "properties": {"height": 5.723616123199463, "confidence": 0.9783999919891357}, "geometry": {"type": "Polygon", "coordinates": [[[-118.24812188180996, 34.0124917742891], [-118.24807428635155, 34.012601124176044], [-118.24818583286374, 34.01263447746421], [-118.24823342582987, 34.01252513334618], [-118.24812188180996, 34.0124917742891]]]}},{"type": "Feature", "properties": {"height": 4.640020370483398, "confidence": -1.0}, "geometry": {"type": "Polygon", "coordinates": [[[-118.24829058709601, 34.02403920437636], [-118.24842271800209, 34.02410417637724], [-118.24853688976565, 34.02394468423317], [-118.24864798725906, 34.02399931365435], [-118.24870044618078, 34.02392603115671], [-118.2486397458895, 34.0238961797601], [-118.248642605692, 34.02389218522662], [-118.24861601671041, 34.023879110744836], [-118.24873085720812, 34.02371868398685], [-118.2485749492933, 34.02364201085147], [-118.24829058709601, 34.02403920437636]]]}},{"type": "Feature", "properties": {"height": 3.8914761543273926, "confidence": -1.0}, "geometry": {"type": "Polygon", "coordinates": [[[-118.2483228088732, 34.068190993123935], [-118.24818443790092, 34.06815583941596], [-118.24815254528679, 34.068241981281496], [-118.24829090689164, 34.06827714059567], [-118.2483228088732, 34.068190993123935]]]}},{"type": "Feature", "properties": {"height": 2.7811429500579834, "confidence": 0.9696999788284302}, "geometry": {"type": "Polygon", "coordinates": [[[-118.24855547676367, 33.998773693703], [-118.24866541299971, 33.99877530120101], [-118.248670188, 33.998551735399666], [-118.24858706558305, 33.99855051514954], [-118.24858412185804, 33.998688340603024], [-118.24855730817515, 33.998687946974584], [-118.24855547676367, 33.998773693703]]]}},{"type": "Feature", "properties": {"height": 1.5696429014205933, "confidence": 0.9883999824523926}, "geometry": {"type": "Polygon", "coordinates": [[[-118.24884629861376, 33.99812582662261], [-118.24893208839484, 33.99812427351156], [-118.24893003941928, 33.998046481029625], [-118.24884424963821, 33.9980480341421], [-118.24884629861376, 33.99812582662261]]]}},{"type": "Feature", "properties": {"height": 15.859659194946289, "confidence": -1.0}, "geometry": {"type": "Polygon", "coordinates": [[[-118.24902342796786, 34.05378602358198], [-118.24943026318812, 34.05403434190997], [-118.24948533927362, 34.05397240222789], [-118.24951141845442, 34.05398832005624], [-118.2495921113239, 34.05389757115502], [-118.24924960474958, 34.053688516547275], [-118.24928860169089, 34.05364465962244], [-118.2492520896175, 34.05362237594394], [-118.24922006756731, 34.053658388744836], [-118.24916616879229, 34.053625493794115], [-118.24902342796786, 34.05378602358198]]]}},{"type": "Feature", "properties": {"height": 2.932396173477173, "confidence": 0.9732000231742859}, "geometry": {"type": "Polygon", "coordinates": [[[-118.24927426488496, 33.99438903013809], [-118.24917777059466, 33.994386947201654], [-118.24917487830848, 33.99447929817266], [-118.24927137277402, 33.99448137551131], [-118.24927426488496, 33.99438903013809]]]}},{"type": "Feature", "properties": {"height": 3.3252193927764893, "confidence": 0.9864000082015991}, "geometry": {"type": "Polygon", "coordinates": [[[-118.24934963590472, 34.00035565652556], [-118.24934568541136, 34.00052458971194], [-118.2494341650536, 34.00052601178926], [-118.24943811554698, 34.00035707860571], [-118.24934963590472, 34.00035565652556]]]}},{"type": "Feature", "properties": {"height": 4.695955753326416, "confidence": -1.0}, "geometry": {"type": "Polygon", "coordinates": [[[-118.24940169733641, 34.01992554693314], [-118.24941023658603, 34.019914533411914], [-118.24947198070261, 34.0199474211271], [-118.24955859976714, 34.0198357160732], [-118.24946647680618, 34.01978664713926], [-118.24937132516767, 34.01990936933678], [-118.24940169733641, 34.01992554693314]]]}},{"type": "Feature", "properties": {"height": 2.836920976638794, "confidence": 0.9377999901771545}, "geometry": {"type": "Polygon", "coordinates": [[[-118.25008661193661, 34.001780457795924], [-118.25018313686485, 34.00177894563879], [-118.2501809770632, 34.00168454359869], [-118.25008445226304, 34.00168606135609], [-118.25008661193661, 34.001780457795924]]]}},{"type": "Feature", "properties": {"height": 0.997357964515686, "confidence": 0.9882000088691711}, "geometry": {"type": "Polygon", "coordinates": [[[-118.25047302850135, 34.0025610916694], [-118.25047685184623, 34.002669955202684], [-118.25051838356258, 34.00266895516332], [-118.25051456940066, 34.00256009140762], [-118.25047302850135, 34.0025610916694]]]}},{"type": "Feature", "properties": {"height": 2.4856932163238525, "confidence": 1.0}, "geometry": {"type": "Polygon", "coordinates": [[[-118.25072337686542, 34.0036796457003], [-118.25064560219464, 34.00367893722977], [-118.2506442171421, 34.00378343166843], [-118.25072199181288, 34.003784140138116], [-118.25072337686542, 34.0036796457003]]]}},{"type": "Feature", "properties": {"height": 1.139566421508789, "confidence": 0.9214000105857849}, "geometry": {"type": "Polygon", "coordinates": [[[-118.25084497027737, 33.995441636760106], [-118.25079143217725, 33.99544361257448], [-118.25079584097683, 33.995525729367635], [-118.25084937907693, 33.99552375355517], [-118.25084497027737, 33.995441636760106]]]}},{"type": "Feature", "properties": {"height": 4.857943058013916, "confidence": -1.0}, "geometry": {"type": "Polygon", "coordinates": [[[-118.25105777899044, 34.01946809429624], [-118.25097205186, 34.01941704607989], [-118.25087164454357, 34.01953288445459], [-118.25095737812578, 34.019583936443134], [-118.25105777899044, 34.01946809429624]]]}},{"type": "Feature", "properties": {"height": 9.275886535644531, "confidence": -1.0}, "geometry": {"type": "Polygon", "coordinates": [[[-118.25174861187074, 34.02491194461211], [-118.25192545967784, 34.024978746578284], [-118.25193202343979, 34.02496681064594], [-118.25211494466105, 34.02503591733053], [-118.25212154522022, 34.02502391633495], [-118.25230809419652, 34.02509438269753], [-118.25246500574886, 34.02480908920508], [-118.2520519330156, 34.02465305594192], [-118.25203472336148, 34.024684346300276], [-118.25190147409268, 34.024634012946926], [-118.25174861187074, 34.02491194461211]]]}},{"type": "Feature", "properties": {"height": -1.0, "confidence": -1.0}, "geometry": {"type": "Polygon", "coordinates": [[[-118.25235146950058, 34.020490843885696], [-118.25227957705403, 34.02044311742789], [-118.25223638648936, 34.02048780780983], [-118.25230827893589, 34.02053553424249], [-118.25235146950058, 34.020490843885696]]]}},{"type": "Feature", "properties": {"height": 5.494444370269775, "confidence": 0.9828000068664551}, "geometry": {"type": "Polygon", "coordinates": [[[-118.2524830895294, 34.00618975429389], [-118.25260378529198, 34.00619030750417], [-118.25260442954333, 34.00609247684119], [-118.25248373378078, 34.00609192363029], [-118.2524830895294, 34.00618975429389]]]}},{"type": "Feature", "properties": {"height": 4.999948024749756, "confidence": -1.0}, "geometry": {"type": "Polygon", "coordinates": [[[-118.25274368064194, 34.06510722881122], [-118.2528567362858, 34.06521375234368], [-118.25292783861578, 34.06516196642329], [-118.25277089078077, 34.06501408656944], [-118.2527391216546, 34.06503722500368], [-118.25278301384576, 34.06507858124871], [-118.25274368064194, 34.06510722881122]]]}},{"type": "Feature", "properties": {"height": 3.775111198425293, "confidence": 0.9973000288009644}, "geometry": {"type": "Polygon", "coordinates": [[[-118.25277388944917, 34.00967067763706], [-118.25277591502739, 34.00972621194045], [-118.2528965044496, 34.00972319657796], [-118.25289447887141, 34.009667662272584], [-118.25277388944917, 34.00967067763706]]]}},{"type": "Feature", "properties": {"height": 2.937864303588867, "confidence": -1.0}, "geometry": {"type": "Polygon", "coordinates": [[[-118.25278717083427, 34.016792596645764], [-118.25272185779035, 34.01690705334487], [-118.25280734029452, 34.01694056621643], [-118.25287265333843, 34.016826109562494], [-118.25278717083427, 34.016792596645764]]]}},{"type": "Feature", "properties": {"height": 3.640911102294922, "confidence": 0.989300012588501}, "geometry": {"type": "Polygon", "coordinates": [[[-118.25279070726768, 34.0043665061487], [-118.25289796146559, 34.004364919302176], [-118.25289528161196, 34.00424044074417], [-118.25278802741404, 34.004242027593044], [-118.25279070726768, 34.0043665061487]]]}},{"type": "Feature", "properties": {"height": 3.2231481075286865, "confidence": 0.9624000191688538}, "geometry": {"type": "Polygon", "coordinates": [[[-118.25308025687886, 34.01341142343949], [-118.25303622022263, 34.01341292307812], [-118.2530341899177, 34.01337195926894], [-118.25299254359814, 34.01337337509085], [-118.25300099988297, 34.01354428168297], [-118.25308668643792, 34.013541368660626], [-118.25308025687886, 34.01341142343949]]]}},{"type": "Feature", "properties": {"height": 3.8822474479675293, "confidence": 1.0}, "geometry": {"type": "Polygon", "coordinates": [[[-118.25328104365013, 34.00325306972758], [-118.25336415199112, 34.00325155560719], [-118.25336097046943, 34.00313154087122], [-118.25327786212847, 34.003133054993725], [-118.25328104365013, 34.00325306972758]]]}},{"type": "Feature", "properties": {"height": 4.198450565338135, "confidence": -1.0}, "geometry": {"type": "Polygon", "coordinates": [[[-118.25422993469348, 34.021771017661884], [-118.25413074857497, 34.021739165532125], [-118.25405988061408, 34.02189076159826], [-118.25415908020177, 34.02192261224212], [-118.25422993469348, 34.021771017661884]]]}},{"type": "Feature", "properties": {"height": 2.842831611633301, "confidence": 0.9742000102996826}, "geometry": {"type": "Polygon", "coordinates": [[[-118.2543098764967, 33.9933931174394], [-118.25431165912902, 33.99314756549396], [-118.2542164166482, 33.99314709019491], [-118.2542146547038, 33.99339264777048], [-118.2543098764967, 33.9933931174394]]]}},{"type": "Feature", "properties": {"height": -1.0, "confidence": -1.0}, "geometry": {"type": "Polygon", "coordinates": [[[-118.25457561660107, 34.02246937773088], [-118.25464277170775, 34.02249965770349], [-118.25471549437547, 34.022388864788155], [-118.25464833007626, 34.022358584527204], [-118.25457561660107, 34.02246937773088]]]}},{"type": "Feature", "properties": {"height": 2.94879412651062, "confidence": 0.9326000213623047}, "geometry": {"type": "Polygon", "coordinates": [[[-118.25476205056322, 33.99496295935402], [-118.25476369256599, 33.995135093255584], [-118.25485756401005, 33.995134477739235], [-118.25485592205922, 33.994962349283156], [-118.25476205056322, 33.99496295935402]]]}},{"type": "Feature", "properties": {"height": 4.111877918243408, "confidence": 0.9930999875068665}, "geometry": {"type": "Polygon", "coordinates": [[[-118.25486062848545, 33.993655642092335], [-118.2548284519864, 33.99365517157619], [-118.25482949240791, 33.99360626277729], [-118.25473564428573, 33.99360489043772], [-118.25473174688713, 33.99378810169852], [-118.25483500666746, 33.99378960566946], [-118.25483566612816, 33.993758481864184], [-118.25485843375108, 33.993758813473], [-118.25486062848545, 33.993655642092335]]]}},{"type": "Feature", "properties": {"height": 5.1233744621276855, "confidence": 0.9829999804496765}, "geometry": {"type": "Polygon", "coordinates": [[[-118.25524419767945, 34.01088446546808], [-118.25524166379957, 34.01105119137444], [-118.2553489351352, 34.011052311592195], [-118.25535146901511, 34.01088558568802], [-118.25524419767945, 34.01088446546808]]]}},{"type": "Feature", "properties": {"height": 4.1116156578063965, "confidence": -1.0}, "geometry": {"type": "Polygon", "coordinates": [[[-118.25569453987305, 34.062921417955735], [-118.25564089025556, 34.063032513771276], [-118.25573568880988, 34.06306393144158], [-118.25577823850651, 34.06297582101181], [-118.25573893178887, 34.062962794160754], [-118.25575003170971, 34.06293980881267], [-118.25569453987305, 34.062921417955735]]]}},{"type": "Feature", "properties": {"height": 4.640368938446045, "confidence": 0.9980000257492065}, "geometry": {"type": "Polygon", "coordinates": [[[-118.25634292031201, 33.99256244944482], [-118.25614448198627, 33.99255997370608], [-118.25614287560664, 33.9926480741098], [-118.25634131372246, 33.9926505613584], [-118.25634292031201, 33.99256244944482]]]}},{"type": "Feature", "properties": {"height": -1.0, "confidence": -1.0}, "geometry": {"type": "Polygon", "coordinates": [[[-118.25730822225023, 34.016869045572214], [-118.25725587756564, 34.01685356493061], [-118.25722361774915, 34.01692850624925], [-118.25727596243372, 34.016943986877195], [-118.25730822225023, 34.016869045572214]]]}},{"type": "Feature", "properties": {"height": 3.6596031188964844, "confidence": -1.0}, "geometry": {"type": "Polygon", "coordinates": [[[-118.25733972072486, 34.01651763244205], [-118.25740781407465, 34.016383540463785], [-118.25731667295493, 34.01635174268037], [-118.25724857960516, 34.01648583470884], [-118.25733972072486, 34.01651763244205]]]}},{"type": "Feature", "properties": {"height": 3.7204015254974365, "confidence": -1.0}, "geometry": {"type": "Polygon", "coordinates": [[[-118.25736302999154, 34.06555020097481], [-118.25732538158596, 34.065626295853505], [-118.25748383662742, 34.065680094806325], [-118.25752148503298, 34.06560399997591], [-118.25736302999154, 34.06555020097481]]]}},{"type": "Feature", "properties": {"height": 8.641945838928223, "confidence": -1.0}, "geometry": {"type": "Polygon", "coordinates": [[[-118.25762619282702, 34.06421378174246], [-118.25757439417566, 34.0643074428232], [-118.2576532315789, 34.064337364217366], [-118.25770503677032, 34.06424370565186], [-118.25762619282702, 34.06421378174246]]]}},{"type": "Feature", "properties": {"height": 4.466025352478027, "confidence": 0.9794999957084656}, "geometry": {"type": "Polygon", "coordinates": [[[-118.25768297165226, 33.9957229515328], [-118.25767887417986, 33.995575418919124], [-118.25754867838523, 33.99557790444474], [-118.25755276320079, 33.99572542974019], [-118.25768297165226, 33.9957229515328]]]}},{"type": "Feature", "properties": {"height": -1.0, "confidence": -1.0}, "geometry": {"type": "Polygon", "coordinates": [[[-118.25774198978895, 34.02229573724907], [-118.25764544530558, 34.02225908286379], [-118.25754185833874, 34.0224465075489], [-118.25763841590431, 34.02248316682007], [-118.25774198978895, 34.02229573724907]]]}},{"type": "Feature", "properties": {"height": 3.469536542892456, "confidence": 0.9696999788284302}, "geometry": {"type": "Polygon", "coordinates": [[[-118.25774253181518, 33.99148780775431], [-118.25784712957216, 33.991487030830136], [-118.2578445106488, 33.99124464757559], [-118.25773991289181, 33.99124542450197], [-118.25774253181518, 33.99148780775431]]]}},{"type": "Feature", "properties": {"height": 3.004359245300293, "confidence": 0.9711999893188477}, "geometry": {"type": "Polygon", "coordinates": [[[-118.25905870599155, 33.99416512525278], [-118.25915790839342, 33.994163490420775], [-118.25915459261446, 33.99402566905305], [-118.2590553902126, 33.9940273038877], [-118.25905870599155, 33.99416512525278]]]}},{"type": "Feature", "properties": {"height": 4.48151159286499, "confidence": -1.0}, "geometry": {"type": "Polygon", "coordinates": [[[-118.25965954848132, 34.02584864453498], [-118.25985002897276, 34.025921158770565], [-118.25988461987833, 34.02585874610224], [-118.25969413938687, 34.0257862318133], [-118.25965954848132, 34.02584864453498]]]}},{"type": "Feature", "properties": {"height": 4.650130748748779, "confidence": -1.0}, "geometry": {"type": "Polygon", "coordinates": [[[-118.26001335636025, 34.01949345699538], [-118.26017671833289, 34.01956519507331], [-118.26023995926838, 34.0194662473921], [-118.26007659729575, 34.01939450923054], [-118.26001335636025, 34.01949345699538]]]}},{"type": "Feature", "properties": {"height": 6.367652416229248, "confidence": 0.9369000196456909}, "geometry": {"type": "Polygon", "coordinates": [[[-118.26074085389416, 34.00679838704072], [-118.26055578164983, 34.006798537367835], [-118.26055576325282, 34.00678297306288], [-118.2602634027509, 34.006783210536206], [-118.26026357358013, 34.006927736114775], [-118.2603172177089, 34.00692769254177], [-118.26031728078434, 34.006981055770176], [-118.26052917509307, 34.00698088365688], [-118.26052936288177, 34.00713975699175], [-118.26049449419568, 34.00713978329111], [-118.26049453242953, 34.007172129939406], [-118.26025313384997, 34.007172326017375], [-118.26025339666414, 34.007394671940645], [-118.26057526143691, 34.007394410504034], [-118.26057523252736, 34.00736995248089], [-118.26076030477171, 34.007369802154784], [-118.26076003144495, 34.00713856231475], [-118.26074125599986, 34.007138577565264], [-118.26074085389416, 34.00679838704072]]]}},{"type": "Feature", "properties": {"height": 3.66683292388916, "confidence": 0.9097999930381775}, "geometry": {"type": "Polygon", "coordinates": [[[-118.26102201324592, 34.0071205453214], [-118.26102371766925, 34.007197304579925], [-118.26117923290013, 34.00719492257404], [-118.2611775286771, 34.00711817233306], [-118.26102201324592, 34.0071205453214]]]}},{"type": "Feature", "properties": {"height": 4.491869926452637, "confidence": 1.0}, "geometry": {"type": "Polygon", "coordinates": [[[-118.26158760466198, 34.01080079874172], [-118.26156583611066, 34.010857289079354], [-118.26168381748741, 34.010888528737055], [-118.26170558171063, 34.01083203727419], [-118.26158760466198, 34.01080079874172]]]}},{"type": "Feature", "properties": {"height": 5.687383651733398, "confidence": -1.0}, "geometry": {"type": "Polygon", "coordinates": [[[-118.26167359115622, 34.06758204180732], [-118.26165808119738, 34.06768712110476], [-118.2617400049124, 34.06769541882502], [-118.26175551487124, 34.06759033953787], [-118.26167359115622, 34.06758204180732]]]}},{"type": "Feature", "properties": {"height": 4.443021774291992, "confidence": 0.9952999949455261}, "geometry": {"type": "Polygon", "coordinates": [[[-118.26182820151894, 34.00598380299587], [-118.26182843016701, 34.00585484044354], [-118.26173187085105, 34.00585472279506], [-118.26173157721804, 34.006020338266644], [-118.26177181026222, 34.00602038962105], [-118.26177187525133, 34.005983734367696], [-118.26182820151894, 34.00598380299587]]]}},{"type": "Feature", "properties": {"height": 3.196969747543335, "confidence": 0.970300018787384}, "geometry": {"type": "Polygon", "coordinates": [[[-118.26192024455617, 33.992620814288365], [-118.26191654919164, 33.992731921988046], [-118.26201571551782, 33.992734189243016], [-118.26201941088236, 33.99262308154631], [-118.26192024455617, 33.992620814288365]]]}},{"type": "Feature", "properties": {"height": 3.8827168941497803, "confidence": -1.0}, "geometry": {"type": "Polygon", "coordinates": [[[-118.26200152477972, 34.02628610104847], [-118.26203882525549, 34.02629809404012], [-118.26209446235976, 34.02617925675129], [-118.26194759520308, 34.026132026866165], [-118.26193131317787, 34.02616680426504], [-118.26189867603196, 34.02615630873576], [-118.26187877577891, 34.026198814431424], [-118.26202098048617, 34.02624454491952], [-118.26200152477972, 34.02628610104847]]]}},{"type": "Feature", "properties": {"height": 4.2504801750183105, "confidence": 0.9947999715805054}, "geometry": {"type": "Polygon", "coordinates": [[[-118.26226362905636, 34.00614217242037], [-118.2623735620947, 34.00614048856988], [-118.26236727021254, 34.005858201079484], [-118.26225733717419, 34.00585988493557], [-118.26226362905636, 34.00614217242037]]]}},{"type": "Feature", "properties": {"height": 7.104333877563477, "confidence": -1.0}, "geometry": {"type": "Polygon", "coordinates": [[[-118.26292413857304, 34.027265903230266], [-118.26251217550112, 34.02711294607249], [-118.26245212939618, 34.02722402807331], [-118.26286410028102, 34.02737698793168], [-118.26292413857304, 34.027265903230266]]]}},{"type": "Feature", "properties": {"height": 3.7397396564483643, "confidence": 0.9940000176429749}, "geometry": {"type": "Polygon", "coordinates": [[[-118.26309241305356, 33.99275454300883], [-118.26319164669809, 33.99275380018048], [-118.26319099290663, 33.99269376132684], [-118.2630917592621, 33.9926945041557], [-118.26309241305356, 33.99275454300883]]]}},{"type": "Feature", "properties": {"height": 2.629699230194092, "confidence": 0.9190000295639038}, "geometry": {"type": "Polygon", "coordinates": [[[-118.2636433839798, 33.99372651055188], [-118.26371848583221, 33.99372651055188], [-118.26371848583221, 33.99368425803238], [-118.2636433839798, 33.99368425803238], [-118.2636433839798, 33.99372651055188]]]}},{"type": "Feature", "properties": {"height": 4.960874080657959, "confidence": -1.0}, "geometry": {"type": "Polygon", "coordinates": [[[-118.26367177622086, 34.02445934338194], [-118.26359709463854, 34.024585862616576], [-118.26394553524774, 34.02472714323674], [-118.26402022645694, 34.0246006079037], [-118.26367177622086, 34.02445934338194]]]}},{"type": "Feature", "properties": {"height": 3.3911080360412598, "confidence": 0.9883999824523926}, "geometry": {"type": "Polygon", "coordinates": [[[-118.26391020725059, 34.013330131228486], [-118.26386461102159, 34.01333033491125], [-118.26386385939412, 34.01321472643241], [-118.26379144185394, 34.01321504992898], [-118.26379248256887, 34.01337512316485], [-118.2638112574867, 34.01337503929551], [-118.26381200911413, 34.01349064755606], [-118.26391124796551, 34.013490204247375], [-118.26391020725059, 34.013330131228486]]]}},{"type": "Feature", "properties": {"height": 3.410278797149658, "confidence": 0.9947999715805054}, "geometry": {"type": "Polygon", "coordinates": [[[-118.26400720974858, 34.00880355702675], [-118.26409138693549, 34.00880555447469], [-118.26409418377163, 34.00872436351157], [-118.2640100132656, 34.008722371103616], [-118.26400720974858, 34.00880355702675]]]}},{"type": "Feature", "properties": {"height": 4.485675811767578, "confidence": -1.0}, "geometry": {"type": "Polygon", "coordinates": [[[-118.26462651274599, 34.06925564613119], [-118.26459508764316, 34.06932078369974], [-118.26472322428909, 34.069363209817894], [-118.26475465413729, 34.069298073853155], [-118.26462651274599, 34.06925564613119]]]}},{"type": "Feature", "properties": {"height": 8.236555099487305, "confidence": -1.0}, "geometry": {"type": "Polygon", "coordinates": [[[-118.26502359805329, 34.05541264430838], [-118.26484501780814, 34.055762057419486], [-118.265006501458, 34.05581870758265], [-118.26501173088363, 34.055808475627856], [-118.2651345463479, 34.05585156768605], [-118.2651133595215, 34.05589302204761], [-118.26532610125187, 34.05596766629726], [-118.26552066210422, 34.05558704902665], [-118.26502359805329, 34.05541264430838]]]}},{"type": "Feature", "properties": {"height": -1.0, "confidence": -1.0}, "geometry": {"type": "Polygon", "coordinates": [[[-118.26504102653553, 34.05756261680075], [-118.26498867280222, 34.05754183454153], [-118.26494104469577, 34.05762418714868], [-118.26499339700125, 34.05764497185653], [-118.26504102653553, 34.05756261680075]]]}},{"type": "Feature", "properties": {"height": 11.092416763305664, "confidence": -1.0}, "geometry": {"type": "Polygon", "coordinates": [[[-118.2651825011475, 34.03595772184568], [-118.26532532063099, 34.03603160933852], [-118.26552653807234, 34.03576451618032], [-118.26538371858886, 34.03569062845484], [-118.2651825011475, 34.03595772184568]]]}},{"type": "Feature", "properties": {"height": 4.834892272949219, "confidence": -1.0}, "geometry": {"type": "Polygon", "coordinates": [[[-118.2652765987814, 34.05988613542423], [-118.26507504249741, 34.06000836672692], [-118.26516124495065, 34.06010591648473], [-118.26522236517027, 34.06006884740478], [-118.26521469458758, 34.060060167101746], [-118.26535511904044, 34.05997500036659], [-118.2652765987814, 34.05988613542423]]]}},{"type": "Feature", "properties": {"height": 7.409736633300781, "confidence": -1.0}, "geometry": {"type": "Polygon", "coordinates": [[[-118.26542313915475, 34.05653595464106], [-118.26539182761829, 34.05661752307876], [-118.26547464624078, 34.056639344310696], [-118.26550595610317, 34.05655778025501], [-118.26542313915475, 34.05653595464106]]]}},{"type": "Feature", "properties": {"height": 3.6241722106933594, "confidence": 0.9940999746322632}, "geometry": {"type": "Polygon", "coordinates": [[[-118.26554389348317, 34.00024374773241], [-118.2653803375718, 34.000246319531605], [-118.2653828589501, 34.0003565274593], [-118.2655464150785, 34.00035396515005], [-118.26554389348317, 34.00024374773241]]]}},{"type": "Feature", "properties": {"height": -1.0, "confidence": -1.0}, "geometry": {"type": "Polygon", "coordinates": [[[-118.26617072645094, 34.068655682088085], [-118.26579040029037, 34.0693233491106], [-118.26656614299071, 34.06962652113829], [-118.26674727812222, 34.06930849091918], [-118.26676921686601, 34.06931706492981], [-118.2669544922291, 34.06899176424642], [-118.26649909040304, 34.06881378509517], [-118.26651295236678, 34.06878945020177], [-118.26617072645094, 34.068655682088085]]]}},{"type": "Feature", "properties": {"height": -1.0, "confidence": -1.0}, "geometry": {"type": "Polygon", "coordinates": [[[-118.26770352450646, 34.06859872490897], [-118.2674796833146, 34.068516161905926], [-118.2674228717057, 34.06862185291743], [-118.26764671289759, 34.0687044158175], [-118.26770352450646, 34.06859872490897]]]}},{"type": "Feature", "properties": {"height": 14.172869682312012, "confidence": -1.0}, "geometry": {"type": "Polygon", "coordinates": [[[-118.26782972234145, 34.06339525928237], [-118.2678163904009, 34.06342000876611], [-118.26777297918275, 34.06340395797035], [-118.26773903817072, 34.063466956340385], [-118.26817742446397, 34.06362904434131], [-118.268227337717, 34.0635363998405], [-118.26810879448463, 34.06349256990455], [-118.26810616312869, 34.063497453996355], [-118.26782972234145, 34.06339525928237]]]}},{"type": "Feature", "properties": {"height": 1.0023566484451294, "confidence": 0.9969000220298767}, "geometry": {"type": "Polygon", "coordinates": [[[-118.26819761443356, 34.00080919588978], [-118.26820031838461, 34.00092782090479], [-118.26824858097636, 34.00092706761698], [-118.26824977836263, 34.00097959808749], [-118.2683048792641, 34.00097873487], [-118.26830099230743, 34.000807576356024], [-118.26819761443356, 34.00080919588978]]]}},{"type": "Feature", "properties": {"height": 4.79327917098999, "confidence": 0.9592999815940857}, "geometry": {"type": "Polygon", "coordinates": [[[-118.26820106809569, 34.01543278868569], [-118.26828606054654, 34.015458778139255], [-118.26834006021784, 34.01533744903077], [-118.26825506776699, 34.01531145954004], [-118.26820106809569, 34.01543278868569]]]}},{"type": "Feature", "properties": {"height": 3.33809232711792, "confidence": 0.9929999709129333}, "geometry": {"type": "Polygon", "coordinates": [[[-118.2683473348417, 33.99540754139519], [-118.26823364210576, 33.995410820198366], [-118.26824089092702, 33.99558324777488], [-118.2683545688483, 33.99557996280927], [-118.2683473348417, 33.99540754139519]]]}},{"type": "Feature", "properties": {"height": 2.4313063621520996, "confidence": 1.0}, "geometry": {"type": "Polygon", "coordinates": [[[-118.26869509188015, 33.999347105683626], [-118.26869462334439, 33.99929374043482], [-118.26859538686853, 33.99929433927519], [-118.2685958554043, 33.9993477045236], [-118.26869509188015, 33.999347105683626]]]}},{"type": "Feature", "properties": {"height": 3.014150857925415, "confidence": 0.9652000069618225}, "geometry": {"type": "Polygon", "coordinates": [[[-118.26873285904638, 34.00002122802564], [-118.26882828335566, 34.00002040857385], [-118.26882681100192, 33.999902567605496], [-118.26873137674536, 33.99990338714386], [-118.26873285904638, 34.00002122802564]]]}},{"type": "Feature", "properties": {"height": 6.370495796203613, "confidence": 1.0}, "geometry": {"type": "Polygon", "coordinates": [[[-118.269414255692, 34.00450562272839], [-118.26930699759426, 34.00450711628284], [-118.2693096550247, 34.00463826768664], [-118.26941691312246, 34.00463677413449], [-118.269414255692, 34.00450562272839]]]}},{"type": "Feature", "properties": {"height": 5.717869758605957, "confidence": -1.0}, "geometry": {"type": "Polygon", "coordinates": [[[-118.26975672244964, 34.06119391806479], [-118.26958770268313, 34.061466373640705], [-118.26967681813284, 34.06150431514835], [-118.26977822999275, 34.06134084198108], [-118.26989995379529, 34.06139266678881], [-118.26999656347077, 34.06123695561994], [-118.26988756314189, 34.0611905415213], [-118.2698585686779, 34.0612372799258], [-118.26975672244964, 34.06119391806479]]]}},{"type": "Feature", "properties": {"height": 3.5647058486938477, "confidence": 0.9901999831199646}, "geometry": {"type": "Polygon", "coordinates": [[[-118.26976517428908, 33.99132840399847], [-118.26989924722577, 33.991326544541515], [-118.2698988171175, 33.99130522538924], [-118.2699846238974, 33.991304040314404], [-118.26998345770171, 33.99124623552972], [-118.26972067443825, 33.99124986482388], [-118.26972168785218, 33.99130009667957], [-118.2697645911919, 33.99129950165315], [-118.26976517428908, 33.99132840399847]]]}},{"type": "Feature", "properties": {"height": 4.506019592285156, "confidence": 0.9886999726295471}, "geometry": {"type": "Polygon", "coordinates": [[[-118.27046707084271, 33.99567211709901], [-118.27027943665597, 33.995676058452865], [-118.27028201733896, 33.99576050728125], [-118.2704696515257, 33.99575656593133], [-118.27046707084271, 33.99567211709901]]]}},{"type": "Feature", "properties": {"height": 4.182577133178711, "confidence": 0.9735000133514404}, "geometry": {"type": "Polygon", "coordinates": [[[-118.27059042396021, 33.99902833991621], [-118.27058908211612, 33.99914269029159], [-118.27068936523622, 33.999143499107696], [-118.27069069749547, 33.99902914283782], [-118.27059042396021, 33.99902833991621]]]}},{"type": "Feature", "properties": {"height": 3.38407826423645, "confidence": -1.0}, "geometry": {"type": "Polygon", "coordinates": [[[-118.27074175367184, 34.0583451890175], [-118.27065798072685, 34.05830841814792], [-118.2706269117994, 34.05835700038087], [-118.27071068474439, 34.058393771229376], [-118.27074175367184, 34.0583451890175]]]}},{"type": "Feature", "properties": {"height": 4.6082916259765625, "confidence": -1.0}, "geometry": {"type": "Polygon", "coordinates": [[[-118.27089789760997, 34.067066649100646], [-118.27077361761478, 34.06702760279704], [-118.27064288305694, 34.0673131468049], [-118.27076716305214, 34.06735219297694], [-118.27089789760997, 34.067066649100646]]]}},{"type": "Feature", "properties": {"height": 1.602669358253479, "confidence": 0.9629999995231628}, "geometry": {"type": "Polygon", "coordinates": [[[-118.27106593771605, 34.00522271591943], [-118.27098553781049, 34.005220803357695], [-118.27098303703914, 34.00529287276319], [-118.27106343678298, 34.00529478998425], [-118.27106593771605, 34.00522271591943]]]}},{"type": "Feature", "properties": {"height": 7.459343910217285, "confidence": -1.0}, "geometry": {"type": "Polygon", "coordinates": [[[-118.27128506823354, 34.06589834828666], [-118.27104725043625, 34.065809951639665], [-118.27084835283745, 34.066177216470024], [-118.27108615102188, 34.06626559165676], [-118.27128506823354, 34.06589834828666]]]}},{"type": "Feature", "properties": {"height": 3.7708117961883545, "confidence": -1.0}, "geometry": {"type": "Polygon", "coordinates": [[[-118.27159873330334, 34.04683218145815], [-118.27149757816011, 34.046800803565695], [-118.27145225722039, 34.0469010920422], [-118.27155341003863, 34.04693247504232], [-118.27159873330334, 34.04683218145815]]]}},{"type": "Feature", "properties": {"height": 12.192526817321777, "confidence": -1.0}, "geometry": {"type": "Polygon", "coordinates": [[[-118.27181082967459, 34.062144376655695], [-118.27170298457669, 34.062338879100686], [-118.27174368500626, 34.0623543643734], [-118.27171778681159, 34.06240107972558], [-118.27180638474105, 34.06243479364546], [-118.27182618161609, 34.06239908391453], [-118.27186383673562, 34.062413410529516], [-118.27183942205006, 34.06245744988721], [-118.27204763271098, 34.06253666755582], [-118.27216868886025, 34.0623183057201], [-118.27218862392353, 34.06232589040616], [-118.27222524595186, 34.06225983125846], [-118.27195944510812, 34.062158701976415], [-118.27194011681539, 34.06219356657459], [-118.27181082967459, 34.062144376655695]]]}},{"type": "Feature", "properties": {"height": 4.168704032897949, "confidence": 1.0}, "geometry": {"type": "Polygon", "coordinates": [[[-118.27204506251229, 34.00936804536501], [-118.27204366404818, 34.00948468883615], [-118.27214825979588, 34.009485556605576], [-118.27214965833274, 34.00936890706789], [-118.27204506251229, 34.00936804536501]]]}},{"type": "Feature", "properties": {"height": 2.740530014038086, "confidence": -1.0}, "geometry": {"type": "Polygon", "coordinates": [[[-118.27205503165303, 34.0701138676633], [-118.27203280708353, 34.070155679599225], [-118.27205891639787, 34.07016520226936], [-118.27203465105767, 34.07021086081467], [-118.27209980763888, 34.07023462113025], [-118.27214629526318, 34.07014714833116], [-118.27205503165303, 34.0701138676633]]]}},{"type": "Feature", "properties": {"height": 2.7850468158721924, "confidence": 0.9916999936103821}, "geometry": {"type": "Polygon", "coordinates": [[[-118.27217477950461, 33.999418734778025], [-118.27207021762464, 33.99942051849708], [-118.27207338797785, 33.9995482531153], [-118.27211520069139, 33.99954754226025], [-118.27211674013658, 33.999609778654516], [-118.27217949470543, 33.99960871176918], [-118.27217477950461, 33.999418734778025]]]}},{"type": "Feature", "properties": {"height": 2.6288504600524902, "confidence": 0.9771999716758728}, "geometry": {"type": "Polygon", "coordinates": [[[-118.27221202517015, 33.99311976562947], [-118.27212621373162, 33.993120831236084], [-118.27212787929528, 33.99321303062465], [-118.27221369082372, 33.99321196999757], [-118.27221202517015, 33.99311976562947]]]}},{"type": "Feature", "properties": {"height": 0.8555305004119873, "confidence": 0.9819999933242798}, "geometry": {"type": "Polygon", "coordinates": [[[-118.27247548129658, 34.001604026003164], [-118.27235644321877, 34.00160843948479], [-118.27235883381059, 34.001652823038], [-118.27247787562791, 34.00164840942003], [-118.27247548129658, 34.001604026003164]]]}},{"type": "Feature", "properties": {"height": 7.8761138916015625, "confidence": -1.0}, "geometry": {"type": "Polygon", "coordinates": [[[-118.2727633879889, 34.031906165208476], [-118.27329798772314, 34.03210982294337], [-118.27360237339391, 34.03156115733998], [-118.27306773540633, 34.0313574837152], [-118.2727633879889, 34.031906165208476]]]}},{"type": "Feature", "properties": {"height": 3.9787726402282715, "confidence": 0.9907000064849854}, "geometry": {"type": "Polygon", "coordinates": [[[-118.27298335756166, 34.00629935487501], [-118.27311204495453, 34.00629707764757], [-118.27310895453869, 34.00617706394168], [-118.27298026714583, 34.00617934117235], [-118.27298335756166, 34.00629935487501]]]}},{"type": "Feature", "properties": {"height": 1.3340040445327759, "confidence": 0.941100001335144}, "geometry": {"type": "Polygon", "coordinates": [[[-118.2733036472436, 33.99314631814969], [-118.27323394699008, 33.993147652857196], [-118.27323382315788, 33.99314320756555], [-118.27316680368334, 33.99314449093819], [-118.27316928032684, 33.99323339672567], [-118.27330600005494, 33.99323077864818], [-118.2733036472436, 33.99314631814969]]]}},{"type": "Feature", "properties": {"height": 0.8270171284675598, "confidence": 0.9480000138282776}, "geometry": {"type": "Polygon", "coordinates": [[[-118.27409391356572, 33.99309555472149], [-118.27426266272549, 33.99309038444674], [-118.27426009402427, 33.99303264347338], [-118.27409134486452, 33.99303781375164], [-118.27409391356572, 33.99309555472149]]]}},{"type": "Feature", "properties": {"height": 3.173797845840454, "confidence": -1.0}, "geometry": {"type": "Polygon", "coordinates": [[[-118.27460356696443, 34.021873118584416], [-118.27470026887117, 34.02191183550333], [-118.27475174501673, 34.021823514321476], [-118.27487686615598, 34.02187360958508], [-118.27488526943733, 34.021859189404765], [-118.27489498288114, 34.021863078415535], [-118.27491179141849, 34.02183423883946], [-118.2747682588811, 34.021776772099734], [-118.27477827905022, 34.02175957978262], [-118.27469026348642, 34.02172434569181], [-118.27460356696443, 34.021873118584416]]]}},{"type": "Feature", "properties": {"height": 5.8622002601623535, "confidence": -1.0}, "geometry": {"type": "Polygon", "coordinates": [[[-118.27504058611856, 34.06936716918759], [-118.27510162207373, 34.069265723040104], [-118.27493188823365, 34.0691956488998], [-118.27487085227847, 34.069297095131176], [-118.27504058611856, 34.06936716918759]]]}},{"type": "Feature", "properties": {"height": 2.4426229000091553, "confidence": 0.9980000257492065}, "geometry": {"type": "Polygon", "coordinates": [[[-118.27514137712247, 34.00601442050063], [-118.27514224793912, 34.006075452101406], [-118.27525220312553, 34.00607437396395], [-118.27525080740071, 34.00597655389993], [-118.27519448889059, 34.00597710611732], [-118.27519501384317, 34.00601389769107], [-118.27514137712247, 34.00601442050063]]]}},{"type": "Feature", "properties": {"height": 4.8342108726501465, "confidence": -1.0}, "geometry": {"type": "Polygon", "coordinates": [[[-118.27516303011959, 34.05324125979118], [-118.27507802957355, 34.05320743751672], [-118.27505814162525, 34.053241746869865], [-118.27514314217132, 34.053275569130626], [-118.27516303011959, 34.05324125979118]]]}},{"type": "Feature", "properties": {"height": -1.0, "confidence": -1.0}, "geometry": {"type": "Polygon", "coordinates": [[[-118.2752864862023, 34.06674818921868], [-118.27536159646455, 34.066779290632], [-118.27539377756516, 34.06672595898598], [-118.2753272513329, 34.066698412003134], [-118.2753658686536, 34.06663441396278], [-118.27529934242133, 34.06660686695018], [-118.27525584362175, 34.06667895477635], [-118.27531378420224, 34.0667029500035], [-118.2752864862023, 34.06674818921868]]]}},{"type": "Feature", "properties": {"height": 6.001662254333496, "confidence": -1.0}, "geometry": {"type": "Polygon", "coordinates": [[[-118.27565664915811, 34.0485895086354], [-118.27559085204776, 34.04869923383226], [-118.27574573630382, 34.048762995232636], [-118.27581153773392, 34.04865326291459], [-118.27565664915811, 34.0485895086354]]]}},{"type": "Feature", "properties": {"height": 3.18422532081604, "confidence": 0.9814000129699707}, "geometry": {"type": "Polygon", "coordinates": [[[-118.27576573001141, 34.00277162568791], [-118.27576911857851, 34.002607128618855], [-118.27570476432997, 34.00260621753889], [-118.27570137576289, 34.00277071460972], [-118.27576573001141, 34.00277162568791]]]}},{"type": "Feature", "properties": {"height": 4.310180187225342, "confidence": 0.9976999759674072}, "geometry": {"type": "Polygon", "coordinates": [[[-118.27628131556136, 33.99319109107797], [-118.27639661382413, 33.99319279716239], [-118.27640025076833, 33.993023839713146], [-118.27633053553969, 33.993022808125154], [-118.27633134906668, 33.99298501496508], [-118.27628576603254, 33.992984340464915], [-118.27628131556136, 33.99319109107797]]]}},{"type": "Feature", "properties": {"height": 6.0820488929748535, "confidence": -1.0}, "geometry": {"type": "Polygon", "coordinates": [[[-118.27639388652518, 34.06742502733227], [-118.2763430217043, 34.06751956714045], [-118.27664185709219, 34.06762987938436], [-118.27669271524887, 34.067535337239235], [-118.27639388652518, 34.06742502733227]]]}},{"type": "Feature", "properties": {"height": 3.0907812118530273, "confidence": 0.9675999879837036}, "geometry": {"type": "Polygon", "coordinates": [[[-118.27641284996652, 33.992763856027835], [-118.27640958280223, 33.99284382252216], [-118.27653014386561, 33.99284720855977], [-118.27653177744779, 33.99280722532361], [-118.27650230696561, 33.99280639762513], [-118.27650394054776, 33.99276641436979], [-118.27641284996652, 33.992763856027835]]]}},{"type": "Feature", "properties": {"height": 3.6686084270477295, "confidence": -1.0}, "geometry": {"type": "Polygon", "coordinates": [[[-118.27661390559575, 34.04623510895079], [-118.27655944209238, 34.046310232367595], [-118.2766126582894, 34.0463367203376], [-118.27666712179276, 34.046261596944234], [-118.27661390559575, 34.04623510895079]]]}},{"type": "Feature", "properties": {"height": -1.0, "confidence": -1.0}, "geometry": {"type": "Polygon", "coordinates": [[[-118.27668158506066, 34.06853501251433], [-118.2766256356129, 34.06852016585728], [-118.27660459583247, 34.068574572888956], [-118.27666054528022, 34.068589419536465], [-118.27668158506066, 34.06853501251433]]]}},{"type": "Feature", "properties": {"height": 3.5859673023223877, "confidence": 0.9679999947547913}, "geometry": {"type": "Polygon", "coordinates": [[[-118.27680543475097, 34.00350931084], [-118.27668209120085, 34.00350751455602], [-118.27667914304537, 34.0036466391874], [-118.27680248644388, 34.00364844262273], [-118.27680543475097, 34.00350931084]]]}},{"type": "Feature", "properties": {"height": 3.2920751571655273, "confidence": 0.993399977684021}, "geometry": {"type": "Polygon", "coordinates": [[[-118.27713331799946, 34.008332403845394], [-118.27712970541143, 34.00850355547548], [-118.2772610932676, 34.00850546879822], [-118.27726470585563, 34.008334317172], [-118.27713331799946, 34.008332403845394]]]}},{"type": "Feature", "properties": {"height": 5.4870100021362305, "confidence": -1.0}, "geometry": {"type": "Polygon", "coordinates": [[[-118.27768267874373, 34.06756389685589], [-118.27750840043423, 34.06749682541165], [-118.27745060409845, 34.06759987895282], [-118.27765255838779, 34.06767758975915], [-118.27768842644845, 34.06761362578458], [-118.27766075957457, 34.067602979732655], [-118.27768267874373, 34.06756389685589]]]}},{"type": "Feature", "properties": {"height": 4.881527900695801, "confidence": -1.0}, "geometry": {"type": "Polygon", "coordinates": [[[-118.27799492212456, 34.080767040461524], [-118.27785994154699, 34.0807146392989], [-118.27780736718462, 34.08080752759406], [-118.2779423541976, 34.080859931197494], [-118.27799492212456, 34.080767040461524]]]}},{"type": "Feature", "properties": {"height": 4.005988121032715, "confidence": -1.0}, "geometry": {"type": "Polygon", "coordinates": [[[-118.27870897591336, 34.04876414601765], [-118.27866320120172, 34.04883494599004], [-118.2787486505197, 34.04887287310658], [-118.27879442523137, 34.04880207316586], [-118.27870897591336, 34.04876414601765]]]}},{"type": "Feature", "properties": {"height": 6.574184894561768, "confidence": -1.0}, "geometry": {"type": "Polygon", "coordinates": [[[-118.27884318130342, 34.04716714086234], [-118.27874581223139, 34.04713372462981], [-118.27867787809647, 34.04726962392418], [-118.2787752349611, 34.04730304155954], [-118.27884318130342, 34.04716714086234]]]}},{"type": "Feature", "properties": {"height": 4.589493274688721, "confidence": -1.0}, "geometry": {"type": "Polygon", "coordinates": [[[-118.27932224257, 34.03395426417033], [-118.2794700226915, 34.03399435198207], [-118.2795049154086, 34.03390601564505], [-118.27935713528707, 34.033865927791574], [-118.27932224257, 34.03395426417033]]]}},{"type": "Feature", "properties": {"height": 5.555882453918457, "confidence": -1.0}, "geometry": {"type": "Polygon", "coordinates": [[[-118.27941972435548, 34.04947837413848], [-118.27952099908912, 34.049522074182164], [-118.27961660777503, 34.04936998430784], [-118.27951533304137, 34.04932628418575], [-118.27941972435548, 34.04947837413848]]]}},{"type": "Feature", "properties": {"height": 3.781682014465332, "confidence": -1.0}, "geometry": {"type": "Polygon", "coordinates": [[[-118.27951286657508, 34.03331603625919], [-118.27941949162106, 34.03346771938726], [-118.27947777950568, 34.033492361488385], [-118.27947669363222, 34.03349412519361], [-118.27953759137823, 34.033519870645684], [-118.27963205208752, 34.033366423853025], [-118.27951286657508, 34.03331603625919]]]}},{"type": "Feature", "properties": {"height": 0.10202117264270782, "confidence": 0.9990000128746033}, "geometry": {"type": "Polygon", "coordinates": [[[-118.27953503589076, 33.99120585294275], [-118.27944655162116, 33.99120453332872], [-118.27944351315529, 33.99134459248199], [-118.27953199742488, 33.991345912093834], [-118.27953503589076, 33.99120585294275]]]}},{"type": "Feature", "properties": {"height": 3.196486234664917, "confidence": 0.9659000039100647}, "geometry": {"type": "Polygon", "coordinates": [[[-118.2796275515615, 34.00262138643441], [-118.27962613249026, 34.002745895899594], [-118.27974413915199, 34.00274682023381], [-118.27974588765049, 34.00259340676121], [-118.27967883841089, 34.00259288157037], [-118.27967850898362, 34.00262178557932], [-118.2796275515615, 34.00262138643441]]]}},{"type": "Feature", "properties": {"height": 2.285607099533081, "confidence": 0.9925000071525574}, "geometry": {"type": "Polygon", "coordinates": [[[-118.28012775726638, 34.007779560200284], [-118.28000439190485, 34.00778073401642], [-118.28000528460541, 34.00784520550003], [-118.28012864996694, 34.0078440316848], [-118.28012775726638, 34.007779560200284]]]}},{"type": "Feature", "properties": {"height": 11.686347007751465, "confidence": -1.0}, "geometry": {"type": "Polygon", "coordinates": [[[-118.2803453304192, 34.0653113946373], [-118.28036965331778, 34.06523445979456], [-118.28030690222809, 34.06522084553806], [-118.28028257932954, 34.06529778039317], [-118.2803453304192, 34.0653113946373]]]}},{"type": "Feature", "properties": {"height": 6.782536506652832, "confidence": 0.9916999936103821}, "geometry": {"type": "Polygon", "coordinates": [[[-118.28036255991299, 34.00597398880474], [-118.28036458914669, 34.005860615292754], [-118.28017419402538, 34.00585828446017], [-118.28017216479168, 34.005971657975266], [-118.28036255991299, 34.00597398880474]]]}},{"type": "Feature", "properties": {"height": 5.879053115844727, "confidence": -1.0}, "geometry": {"type": "Polygon", "coordinates": [[[-118.28088416149362, 34.048118416978525], [-118.28079169567764, 34.04808261935792], [-118.28073203271758, 34.04818841987696], [-118.28082449853356, 34.0482242174529], [-118.28088416149362, 34.048118416978525]]]}},{"type": "Feature", "properties": {"height": 6.510923862457275, "confidence": -1.0}, "geometry": {"type": "Polygon", "coordinates": [[[-118.28135966381143, 34.041116905488906], [-118.28149379400351, 34.041171334528656], [-118.28163727410889, 34.04092855311807], [-118.2814879960587, 34.0408679856714], [-118.28146635537802, 34.04090460374541], [-118.2814814991094, 34.040910748976714], [-118.28135966381143, 34.041116905488906]]]}},{"type": "Feature", "properties": {"height": 2.9697558879852295, "confidence": -1.0}, "geometry": {"type": "Polygon", "coordinates": [[[-118.28163788633314, 34.050347258475114], [-118.28196692938326, 34.05049355126732], [-118.2820547190859, 34.0503579993347], [-118.28194851208441, 34.05031077341374], [-118.28193621988272, 34.050329753245315], [-118.28171339342863, 34.050230671347826], [-118.28163788633314, 34.050347258475114]]]}},{"type": "Feature", "properties": {"height": 8.90839672088623, "confidence": -1.0}, "geometry": {"type": "Polygon", "coordinates": [[[-118.2819613968861, 34.05371783552198], [-118.28159943194174, 34.053571688108626], [-118.2815107052517, 34.05372253243587], [-118.28187267019605, 34.05386867958916], [-118.2819613968861, 34.05371783552198]]]}},{"type": "Feature", "properties": {"height": 3.928649425506592, "confidence": 0.9991999864578247}, "geometry": {"type": "Polygon", "coordinates": [[[-118.28231261587781, 34.01468626733626], [-118.28251906383143, 34.01468285396823], [-118.28251652102915, 34.01457718716546], [-118.28231007278744, 34.01458058856574], [-118.28231261587781, 34.01468626733626]]]}},{"type": "Feature", "properties": {"height": 9.079819679260254, "confidence": -1.0}, "geometry": {"type": "Polygon", "coordinates": [[[-118.28277901793427, 34.01941628836652], [-118.2827121523663, 34.01956052519817], [-118.28288869000396, 34.01961675820922], [-118.28295557032177, 34.01947251592966], [-118.28277901793427, 34.01941628836652]]]}},{"type": "Feature", "properties": {"height": 7.280007839202881, "confidence": -1.0}, "geometry": {"type": "Polygon", "coordinates": [[[-118.28281957755026, 34.02899391448749], [-118.28304668775378, 34.029082728117636], [-118.28317561067225, 34.028856329156], [-118.2829014060026, 34.02874908257913], [-118.28285219232102, 34.02883550592276], [-118.28280056551115, 34.028815316711416], [-118.28275764826508, 34.02889069411203], [-118.28285636461283, 34.02892930387386], [-118.28281957755026, 34.02899391448749]]]}},{"type": "Feature", "properties": {"height": 7.158918380737305, "confidence": -1.0}, "geometry": {"type": "Polygon", "coordinates": [[[-118.2829112130061, 34.04586966964989], [-118.2830506710365, 34.04587093937945], [-118.28305314644957, 34.04568427586644], [-118.28291368841917, 34.0456830061341], [-118.2829112130061, 34.04586966964989]]]}},{"type": "Feature", "properties": {"height": 3.2140958309173584, "confidence": 0.98580002784729}, "geometry": {"type": "Polygon", "coordinates": [[[-118.28359190301293, 34.000253574239494], [-118.28359013874571, 34.000149083212136], [-118.28346141780811, 34.00015056950462], [-118.28346318207535, 34.00025506053014], [-118.28359190301293, 34.000253574239494]]]}},{"type": "Feature", "properties": {"height": 2.7797796726226807, "confidence": 0.9890000224113464}, "geometry": {"type": "Polygon", "coordinates": [[[-118.28420158710942, 34.00589728597842], [-118.28430079548437, 34.005898794050985], [-118.28430212300178, 34.00583877977367], [-118.28420291462682, 34.00583727170002], [-118.28420158710942, 34.00589728597842]]]}},{"type": "Feature", "properties": {"height": 1.8566666841506958, "confidence": 0.9692000150680542}, "geometry": {"type": "Polygon", "coordinates": [[[-118.28420251607895, 33.995314300527255], [-118.28413814306259, 33.995314300527255], [-118.28413814306259, 33.99536989487666], [-118.28420251607895, 33.99536989487666], [-118.28420251607895, 33.995314300527255]]]}},{"type": "Feature", "properties": {"height": 5.089116096496582, "confidence": -1.0}, "geometry": {"type": "Polygon", "coordinates": [[[-118.28445401885271, 34.055679021859746], [-118.28439786959295, 34.05568163303607], [-118.28440583383984, 34.05579903883318], [-118.28446198309958, 34.05579642766047], [-118.28445401885271, 34.055679021859746]]]}},{"type": "Feature", "properties": {"height": 2.196491241455078, "confidence": 0.9699000120162964}, "geometry": {"type": "Polygon", "coordinates": [[[-118.28477939937802, 34.00837017561846], [-118.28477833511555, 34.008292365371894], [-118.28462546873205, 34.00829379327335], [-118.28462653299452, 34.00837160351861], [-118.28477939937802, 34.00837017561846]]]}},{"type": "Feature", "properties": {"height": 4.702731609344482, "confidence": 0.9952999949455261}, "geometry": {"type": "Polygon", "coordinates": [[[-118.28509075826223, 33.99673696173815], [-118.285215158184, 33.996734947810936], [-118.28521202812695, 33.99660157412802], [-118.28508761695028, 33.99660358824062], [-118.28509075826223, 33.99673696173815]]]}},{"type": "Feature", "properties": {"height": 3.6728463172912598, "confidence": 0.9794999957084656}, "geometry": {"type": "Polygon", "coordinates": [[[-118.28553428282284, 34.00678167370136], [-118.28553060405143, 34.00690833823124], [-118.28564051091232, 34.00691053179715], [-118.28564544594794, 34.00674061253989], [-118.2855891522847, 34.006739485739715], [-118.28558789592572, 34.00678274373512], [-118.28553428282284, 34.00678167370136]]]}},{"type": "Feature", "properties": {"height": 3.045673131942749, "confidence": 0.9832000136375427}, "geometry": {"type": "Polygon", "coordinates": [[[-118.28587719946857, 34.00587467747919], [-118.28587591136673, 34.00581688623493], [-118.28579010997093, 34.0058182004647], [-118.2857913980728, 34.00587599170808], [-118.28587719946857, 34.00587467747919]]]}},{"type": "Feature", "properties": {"height": 4.622111797332764, "confidence": -1.0}, "geometry": {"type": "Polygon", "coordinates": [[[-118.2859247558401, 34.03397845202827], [-118.2862063734345, 34.03397678597493], [-118.28620620111212, 34.03395678213202], [-118.286410038609, 34.03395557622645], [-118.28640768353627, 34.0336821898965], [-118.28620384603934, 34.03368339580598], [-118.28620474594521, 34.03378786060367], [-118.28610986072637, 34.03378842194711], [-118.2861088166559, 34.03366839861227], [-118.28593818685037, 34.03366940806408], [-118.28593975689888, 34.0338516657427], [-118.28592366446492, 34.0338517609459], [-118.2859247558401, 34.03397845202827]]]}},{"type": "Feature", "properties": {"height": 4.745670318603516, "confidence": -1.0}, "geometry": {"type": "Polygon", "coordinates": [[[-118.28597471401798, 34.06817590238023], [-118.28611148995219, 34.06817715529213], [-118.28611196446194, 34.06814160977925], [-118.28620046653698, 34.0681424204873], [-118.28620168246822, 34.06805133504335], [-118.28597640445898, 34.068049271420676], [-118.28597471401798, 34.06817590238023]]]}},{"type": "Feature", "properties": {"height": 3.7324883937835693, "confidence": -1.0}, "geometry": {"type": "Polygon", "coordinates": [[[-118.28643060819508, 34.035450867765775], [-118.28642853365585, 34.035312092195426], [-118.28631857996007, 34.035313220964774], [-118.28632065459459, 34.035452002909494], [-118.28643060819508, 34.035450867765775]]]}},{"type": "Feature", "properties": {"height": 11.471991539001465, "confidence": -1.0}, "geometry": {"type": "Polygon", "coordinates": [[[-118.28643485400967, 34.065328812063846], [-118.28644816926703, 34.065830726710026], [-118.28653932035067, 34.065829067286394], [-118.28653831876052, 34.06579131274754], [-118.28657178616955, 34.065790703466405], [-118.28657263968411, 34.06582277422077], [-118.28674291878615, 34.065819664382985], [-118.28674218607576, 34.06579204515741], [-118.28677703796068, 34.065791410671615], [-118.28677800628542, 34.06582791128357], [-118.28689060450974, 34.06582585488214], [-118.28688486407563, 34.06560947128583], [-118.28688754498984, 34.06560942247912], [-118.28687982685395, 34.065318489255596], [-118.2867565047996, 34.06532073437168], [-118.28675656371666, 34.065322955239715], [-118.28643485400967, 34.065328812063846]]]}},{"type": "Feature", "properties": {"height": 4.730732440948486, "confidence": 0.9994000196456909}, "geometry": {"type": "Polygon", "coordinates": [[[-118.28647247514421, 34.00342128707363], [-118.28635987657364, 34.003423331928474], [-118.28636426273114, 34.00358878784474], [-118.28647686112858, 34.00358673646394], [-118.28647247514421, 34.00342128707363]]]}},{"type": "Feature", "properties": {"height": 8.20820426940918, "confidence": -1.0}, "geometry": {"type": "Polygon", "coordinates": [[[-118.28662992089926, 34.04752656277709], [-118.28709515103326, 34.047521382790386], [-118.28709286533277, 34.04738044711894], [-118.28666647069493, 34.047385169982554], [-118.28666699100225, 34.04741725200868], [-118.28662816430031, 34.04741768431528], [-118.28662992089926, 34.04752656277709]]]}},{"type": "Feature", "properties": {"height": 5.176877498626709, "confidence": 1.0}, "geometry": {"type": "Polygon", "coordinates": [[[-118.28673655225144, 34.00915942366935], [-118.28685452825036, 34.00916125118393], [-118.28685568066466, 34.00911013053946], [-118.28673770466573, 34.009108303023766], [-118.28673655225144, 34.00915942366935]]]}},{"type": "Feature", "properties": {"height": 3.12259578704834, "confidence": -1.0}, "geometry": {"type": "Polygon", "coordinates": [[[-118.28695971475751, 34.041076288498054], [-118.28703481296807, 34.04107585296392], [-118.28703428465388, 34.0410126710561], [-118.28695918640688, 34.04101310223541], [-118.28695971475751, 34.041076288498054]]]}},{"type": "Feature", "properties": {"height": 8.703725814819336, "confidence": -1.0}, "geometry": {"type": "Polygon", "coordinates": [[[-118.28697221945296, 34.02824525875018], [-118.28721626174156, 34.02824271077093], [-118.28721237645908, 34.02798711601928], [-118.28710092100316, 34.027988279698924], [-118.28710222647071, 34.02807368597286], [-118.28705544953641, 34.02807417707235], [-118.28705584049226, 34.02809989625614], [-118.28697002342372, 34.02810079225036], [-118.28697221945296, 34.02824525875018]]]}},{"type": "Feature", "properties": {"height": 2.903225898742676, "confidence": -1.0}, "geometry": {"type": "Polygon", "coordinates": [[[-118.28716469024899, 34.08005055485225], [-118.28716417778699, 34.08008481774902], [-118.28713467798936, 34.08008451677818], [-118.2871332303698, 34.08018130366513], [-118.28728877462235, 34.0801828996157], [-118.28728990417565, 34.08010737844218], [-118.28726308620105, 34.08010710327803], [-118.28726391675494, 34.08005157296024], [-118.28716469024899, 34.08005055485225]]]}},{"type": "Feature", "properties": {"height": 6.022994518280029, "confidence": -1.0}, "geometry": {"type": "Polygon", "coordinates": [[[-118.2872808668133, 34.03874480522459], [-118.28727843259809, 34.03864260365947], [-118.28710415689999, 34.03864545396222], [-118.28710659111519, 34.03874765552392], [-118.2872808668133, 34.03874480522459]]]}},{"type": "Feature", "properties": {"height": 2.2344765663146973, "confidence": 0.9851999878883362}, "geometry": {"type": "Polygon", "coordinates": [[[-118.28764198203955, 33.99838240030865], [-118.28758834492584, 33.99838291071997], [-118.28758766770473, 33.99833399587391], [-118.28751793945692, 33.99833465940899], [-118.28751881418204, 33.99839783971945], [-118.28758049681323, 33.99839724916792], [-118.28758113049379, 33.9984430190996], [-118.28754090265852, 33.99844340190781], [-118.28754342684633, 33.99862572050144], [-118.28764533736236, 33.99862475072271], [-118.28764198203955, 33.99838240030865]]]}},{"type": "Feature", "properties": {"height": 2.928345203399658, "confidence": -1.0}, "geometry": {"type": "Polygon", "coordinates": [[[-118.28772752054167, 34.037969708658714], [-118.28772583811939, 34.03793420086984], [-118.28766156419024, 34.03793629212196], [-118.28766692691129, 34.0380494731444], [-118.28776601588534, 34.038046249134986], [-118.28776233558662, 34.03796857589761], [-118.28772752054167, 34.037969708658714]]]}},{"type": "Feature", "properties": {"height": 2.9510059356689453, "confidence": -1.0}, "geometry": {"type": "Polygon", "coordinates": [[[-118.28793571882399, 34.036107372682125], [-118.28779088239777, 34.03610684346195], [-118.28779020250543, 34.036232626122036], [-118.28793503888626, 34.03623316374156], [-118.28793571882399, 34.036107372682125]]]}},{"type": "Feature", "properties": {"height": 5.669616222381592, "confidence": -1.0}, "geometry": {"type": "Polygon", "coordinates": [[[-118.28814114750763, 34.04825917063283], [-118.28790244037657, 34.04826041647698], [-118.28790317370152, 34.04835687762167], [-118.28797827254111, 34.04835648131633], [-118.28797840087097, 34.04837336173754], [-118.28804277133327, 34.048373025780016], [-118.28804255170421, 34.04834413591683], [-118.28812705783712, 34.04834369486857], [-118.28812721157738, 34.048363695535414], [-118.28822776883425, 34.0483631707144], [-118.28822719441979, 34.04828761258115], [-118.2881413671367, 34.04828806052496], [-118.28814114750763, 34.04825917063283]]]}},{"type": "Feature", "properties": {"height": -1.0, "confidence": -1.0}, "geometry": {"type": "Polygon", "coordinates": [[[-118.28817770273643, 34.033183231634524], [-118.28824043313095, 34.03318425402628], [-118.28824254233957, 34.03309537703641], [-118.28817980444188, 34.03309435452128], [-118.28817770273643, 34.033183231634524]]]}},{"type": "Feature", "properties": {"height": 4.562909126281738, "confidence": -1.0}, "geometry": {"type": "Polygon", "coordinates": [[[-118.28855935690002, 34.03491717530975], [-118.28850306990643, 34.03491840933482], [-118.28850264444482, 34.03490508223619], [-118.28844635745119, 34.03490631626145], [-118.28845184531787, 34.03507821725436], [-118.28856441909682, 34.0350757426842], [-118.28855935690002, 34.03491717530975]]]}},{"type": "Feature", "properties": {"height": 5.089197635650635, "confidence": -1.0}, "geometry": {"type": "Polygon", "coordinates": [[[-118.28895702806594, 34.02771110417715], [-118.28907502494245, 34.027709817441355], [-118.28907301115105, 34.02758229779069], [-118.28895501416646, 34.02758357768523], [-118.28895702806594, 34.02771110417715]]]}},{"type": "Feature", "properties": {"height": 3.9283862113952637, "confidence": 1.0}, "geometry": {"type": "Polygon", "coordinates": [[[-118.28907803809199, 34.0119835918613], [-118.28934221387212, 34.01198650383925], [-118.28934333251381, 34.011916773475], [-118.28907916286734, 34.01191384623642], [-118.28907803809199, 34.0119835918613]]]}},{"type": "Feature", "properties": {"height": 3.454761266708374, "confidence": 1.0}, "geometry": {"type": "Polygon", "coordinates": [[[-118.28927187346893, 33.99926112673364], [-118.28919679793138, 33.99926228983152], [-118.28919885992649, 33.99935342836329], [-118.28917634151782, 33.999353777226396], [-118.28917939792099, 33.99948937357431], [-118.28927700331036, 33.99948786143972], [-118.28927187346893, 33.99926112673364]]]}},{"type": "Feature", "properties": {"height": 3.256591796875, "confidence": 0.8766000270843506}, "geometry": {"type": "Polygon", "coordinates": [[[-118.28952801128845, 34.00601969005191], [-118.28990612262801, 34.006024253099696], [-118.2899078403195, 34.00592644002162], [-118.2899078403195, 34.00592644002162], [-118.28990951897254, 34.005830849859215], [-118.28979420842214, 34.00582945828831], [-118.28979405226838, 34.00583835040112], [-118.2895312514792, 34.00583517891418], [-118.28952801128845, 34.00601969005191]]]}},{"type": "Feature", "properties": {"height": 3.955988645553589, "confidence": 0.9927999973297119}, "geometry": {"type": "Polygon", "coordinates": [[[-118.28959348570014, 33.994294043873715], [-118.28947943068742, 33.99429324305965], [-118.2894767732609, 33.99455340877002], [-118.28959085023429, 33.994554209735796], [-118.28959348570014, 33.994294043873715]]]}},{"type": "Feature", "properties": {"height": 2.9567835330963135, "confidence": -1.0}, "geometry": {"type": "Polygon", "coordinates": [[[-118.2901580527658, 34.032626349961525], [-118.29021813546792, 34.032625116321135], [-118.29021482415574, 34.03251404435553], [-118.29015473207888, 34.032515278190026], [-118.2901580527658, 34.032626349961525]]]}},{"type": "Feature", "properties": {"height": 5.707135200500488, "confidence": 0.9904000163078308}, "geometry": {"type": "Polygon", "coordinates": [[[-118.29028297512447, 34.00952588204675], [-118.2901570080627, 34.00952298799527], [-118.2901555224251, 34.00956742190621], [-118.29028148948689, 34.009570315956175], [-118.29028297512447, 34.00952588204675]]]}},{"type": "Feature", "properties": {"height": 13.315022468566895, "confidence": -1.0}, "geometry": {"type": "Polygon", "coordinates": [[[-118.29032987799518, 34.06353169874523], [-118.29032639312196, 34.06273845597694], [-118.29023519922333, 34.06273873092506], [-118.29023490637685, 34.06267207153091], [-118.29005788292662, 34.062672605254164], [-118.29006166064633, 34.06353250740862], [-118.29012066846306, 34.06353232950267], [-118.29012084417097, 34.063572324739425], [-118.2902093558961, 34.063572057880656], [-118.2902091801882, 34.063532062643745], [-118.29032987799518, 34.06353169874523]]]}},{"type": "Feature", "properties": {"height": 12.626338958740234, "confidence": -1.0}, "geometry": {"type": "Polygon", "coordinates": [[[-118.29033967614023, 34.056918642050036], [-118.28989981455489, 34.05692114155243], [-118.28990089992743, 34.05705224277587], [-118.28997868032974, 34.05705180079138], [-118.28997998645602, 34.05720956640243], [-118.29012750101207, 34.05720872815753], [-118.29012688721872, 34.057134588743935], [-118.29007592766928, 34.05713488127443], [-118.29007529050031, 34.05705791827955], [-118.29016379923394, 34.0570574153317], [-118.2901639464031, 34.057075191752084], [-118.29023099847403, 34.05707481073108], [-118.29023219422345, 34.057219244009104], [-118.2903421596198, 34.057218619135725], [-118.29033967614023, 34.056918642050036]]]}},{"type": "Feature", "properties": {"height": -1.0, "confidence": -1.0}, "geometry": {"type": "Polygon", "coordinates": [[[-118.2905763077867, 34.059907584669574], [-118.29045839272106, 34.059904706293494], [-118.290456738423, 34.059951329634295], [-118.29057465348859, 34.05995420800879], [-118.2905763077867, 34.059907584669574]]]}},{"type": "Feature", "properties": {"height": 2.915926694869995, "confidence": -1.0}, "geometry": {"type": "Polygon", "coordinates": [[[-118.29076205829415, 34.04228298575508], [-118.2911016295958, 34.0422819026263], [-118.2911013714783, 34.04222633981636], [-118.29091093746007, 34.042226947243144], [-118.29091083819615, 34.042205579513436], [-118.29076170737106, 34.04220604654688], [-118.29076205829415, 34.04228298575508]]]}},{"type": "Feature", "properties": {"height": 4.385754585266113, "confidence": 0.9993000030517578}, "geometry": {"type": "Polygon", "coordinates": [[[-118.2912720180521, 34.007117118121506], [-118.29142124659741, 34.00711580210335], [-118.29142051717157, 34.0070593345309], [-118.29127129350431, 34.007060659164644], [-118.2912720180521, 34.007117118121506]]]}},{"type": "Feature", "properties": {"height": 4.725255012512207, "confidence": 0.9995999932289124}, "geometry": {"type": "Polygon", "coordinates": [[[-118.29231294721927, 33.995844713490506], [-118.2924137005241, 33.99584328113967], [-118.29241093052686, 33.995709894762896], [-118.29231018847888, 33.995711326955956], [-118.29231294721927, 33.995844713490506]]]}},{"type": "Feature", "properties": {"height": 5.213724613189697, "confidence": 0.9904999732971191}, "geometry": {"type": "Polygon", "coordinates": [[[-118.29231838488037, 34.006521131419696], [-118.29220841665723, 34.006520710324224], [-118.29220768567323, 34.00665189282279], [-118.2923176538964, 34.00665231391763], [-118.29231838488037, 34.006521131419696]]]}},{"type": "Feature", "properties": {"height": 4.09382963180542, "confidence": -1.0}, "geometry": {"type": "Polygon", "coordinates": [[[-118.29232071064062, 34.02790546558636], [-118.2922188039678, 34.02790436613608], [-118.29221615074253, 34.028073279362765], [-118.29231805741539, 34.028074378810864], [-118.29232071064062, 34.02790546558636]]]}},{"type": "Feature", "properties": {"height": 5.790724754333496, "confidence": -1.0}, "geometry": {"type": "Polygon", "coordinates": [[[-118.29238454157766, 34.07039883946476], [-118.29231481863657, 34.07039800677105], [-118.29231300146476, 34.07050240995758], [-118.29238272440587, 34.07050324265029], [-118.29238454157766, 34.07039883946476]]]}},{"type": "Feature", "properties": {"height": 3.248262643814087, "confidence": -1.0}, "geometry": {"type": "Polygon", "coordinates": [[[-118.2925442803151, 34.01940759869583], [-118.29254237231295, 34.019486329221735], [-118.29262693803933, 34.01948774205195], [-118.29262796485114, 34.0194455195025], [-118.29266013828737, 34.0194460570208], [-118.29266102628775, 34.019409542387216], [-118.2925442803151, 34.01940759869583]]]}},{"type": "Feature", "properties": {"height": 2.204972743988037, "confidence": 0.998199999332428}, "geometry": {"type": "Polygon", "coordinates": [[[-118.29271818914283, 34.002189452006476], [-118.29272082758884, 34.00233617652456], [-118.29278786791537, 34.002335347997764], [-118.29278522946939, 34.00218862347825], [-118.29271818914283, 34.002189452006476]]]}},{"type": "Feature", "properties": {"height": 3.8248889446258545, "confidence": 0.9635000228881836}, "geometry": {"type": "Polygon", "coordinates": [[[-118.29300853494941, 34.00281103961496], [-118.29287452847849, 34.00280794506677], [-118.29287087031192, 34.00291681586929], [-118.29294591393564, 34.002918548814044], [-118.29294658584381, 34.002898552146895], [-118.29300554869101, 34.00289991374668], [-118.29300853494941, 34.00281103961496]]]}},{"type": "Feature", "properties": {"height": -1.0, "confidence": -1.0}, "geometry": {"type": "Polygon", "coordinates": [[[-118.2931496734398, 34.02814509200027], [-118.29307727740179, 34.028146175411436], [-118.29307848783077, 34.0282017301536], [-118.29315088386878, 34.02820064674316], [-118.2931496734398, 34.02814509200027]]]}},{"type": "Feature", "properties": {"height": 4.100119590759277, "confidence": 0.9936000108718872}, "geometry": {"type": "Polygon", "coordinates": [[[-118.29315963497685, 33.99293160849767], [-118.29316221151404, 33.99307835051901], [-118.29326411386089, 33.99307712057404], [-118.29326153732366, 33.992930378550575], [-118.29315963497685, 33.99293160849767]]]}},{"type": "Feature", "properties": {"height": 3.0140018463134766, "confidence": -1.0}, "geometry": {"type": "Polygon", "coordinates": [[[-118.29316302181766, 34.03477346017298], [-118.29316468863445, 34.03464010979824], [-118.29308788518276, 34.034639454975675], [-118.29308721074881, 34.03469377880719], [-118.29305673270703, 34.03469351718531], [-118.2930557448896, 34.034772545536455], [-118.29316302181766, 34.03477346017298]]]}},{"type": "Feature", "properties": {"height": 5.02177095413208, "confidence": -1.0}, "geometry": {"type": "Polygon", "coordinates": [[[-118.29347526038475, 34.028922876659124], [-118.29347376278827, 34.02883720791653], [-118.29334772529114, 34.028838713907064], [-118.29334797978865, 34.02885327222754], [-118.29329041274154, 34.028853963420765], [-118.29329164996363, 34.02892508122197], [-118.29347526038475, 34.028922876659124]]]}},{"type": "Feature", "properties": {"height": 4.733348846435547, "confidence": -1.0}, "geometry": {"type": "Polygon", "coordinates": [[[-118.29348949132434, 34.049306623823554], [-118.29363163386387, 34.0493054286182], [-118.29363015958258, 34.04918422613692], [-118.29348801694277, 34.049185413102], [-118.29348949132434, 34.049306623823554]]]}},{"type": "Feature", "properties": {"height": 3.9591290950775146, "confidence": -1.0}, "geometry": {"type": "Polygon", "coordinates": [[[-118.29370301481585, 34.04073548994508], [-118.2935394035041, 34.04073611620066], [-118.29353984831471, 34.04081713742596], [-118.29370345967857, 34.040816520659504], [-118.29370301481585, 34.04073548994508]]]}},{"type": "Feature", "properties": {"height": 4.137872219085693, "confidence": 0.9889000058174133}, "geometry": {"type": "Polygon", "coordinates": [[[-118.29400995495615, 34.01540757400877], [-118.29407699457515, 34.01540842184508], [-118.2940789175537, 34.01530395341548], [-118.29401187793471, 34.01530310557814], [-118.29400995495615, 34.01540757400877]]]}},{"type": "Feature", "properties": {"height": 2.1152305603027344, "confidence": 0.9919999837875366}, "geometry": {"type": "Polygon", "coordinates": [[[-118.29410519822484, 34.00229526395819], [-118.29417215260882, 34.00229742002906], [-118.29417630632985, 34.0022086100648], [-118.29410935194586, 34.00220645399167], [-118.29410519822484, 34.00229526395819]]]}},{"type": "Feature", "properties": {"height": 3.7517571449279785, "confidence": -1.0}, "geometry": {"type": "Polygon", "coordinates": [[[-118.29414256586927, 34.02812380677935], [-118.29414004007592, 34.028203776908654], [-118.29423533629908, 34.0282058442195], [-118.29423786884125, 34.02812587423857], [-118.29414256586927, 34.02812380677935]]]}},{"type": "Feature", "properties": {"height": 2.6400623321533203, "confidence": -1.0}, "geometry": {"type": "Polygon", "coordinates": [[[-118.29418913809297, 34.045908789819265], [-118.29419276902586, 34.046039845176146], [-118.29424638495095, 34.04603882532961], [-118.29424275401806, 34.04590776997114], [-118.29418913809297, 34.045908789819265]]]}},{"type": "Feature", "properties": {"height": 4.579532623291016, "confidence": 0.9998000264167786}, "geometry": {"type": "Polygon", "coordinates": [[[-118.29442221590297, 34.008911066038145], [-118.29453486532442, 34.008910556260524], [-118.29453322541121, 34.0086615404148], [-118.29445007940969, 34.008661916680325], [-118.2944504747459, 34.008721947352534], [-118.29442097132599, 34.00872208086603], [-118.29442221590297, 34.008911066038145]]]}},{"type": "Feature", "properties": {"height": 5.554184913635254, "confidence": -1.0}, "geometry": {"type": "Polygon", "coordinates": [[[-118.29491980580647, 34.04814980036689], [-118.29491806418143, 34.04823867252146], [-118.29508296534104, 34.04824089106321], [-118.29508471447109, 34.04815201901195], [-118.29491980580647, 34.04814980036689]]]}},{"type": "Feature", "properties": {"height": 3.122058629989624, "confidence": -1.0}, "geometry": {"type": "Polygon", "coordinates": [[[-118.29496402234248, 34.05462258791012], [-118.29496715479772, 34.05470250373507], [-118.2950287807536, 34.0547008492324], [-118.29502564829836, 34.05462093340591], [-118.29496402234248, 34.05462258791012]]]}},{"type": "Feature", "properties": {"height": 5.5422844886779785, "confidence": -1.0}, "geometry": {"type": "Polygon", "coordinates": [[[-118.29534524816191, 34.020124861373475], [-118.29523000080987, 34.02012222730521], [-118.29522460557766, 34.020284391974734], [-118.29533985292971, 34.020287026037956], [-118.29534524816191, 34.020124861373475]]]}},{"type": "Feature", "properties": {"height": 4.512141704559326, "confidence": 0.9937000274658203}, "geometry": {"type": "Polygon", "coordinates": [[[-118.29552623380197, 34.00292459894743], [-118.29552848550355, 34.00302797538618], [-118.29573893311213, 34.00302483730325], [-118.2957366898704, 34.00292144852358], [-118.29552623380197, 34.00292459894743]]]}},{"type": "Feature", "properties": {"height": 3.953662157058716, "confidence": -1.0}, "geometry": {"type": "Polygon", "coordinates": [[[-118.29602591122219, 34.032144300490565], [-118.2960246395472, 34.032287706606084], [-118.29635989739597, 34.03228976781687], [-118.29635693158949, 34.03262421929611], [-118.29646421415627, 34.032624872658786], [-118.29646845181014, 34.03214699562684], [-118.29602591122219, 34.032144300490565]]]}},{"type": "Feature", "properties": {"height": 5.985172271728516, "confidence": -1.0}, "geometry": {"type": "Polygon", "coordinates": [[[-118.29602596195915, 34.080479019496906], [-118.29612517209222, 34.0804775529806], [-118.29612220511142, 34.08033986105165], [-118.29602299497833, 34.080341327570345], [-118.29602596195915, 34.080479019496906]]]}},{"type": "Feature", "properties": {"height": 3.230367422103882, "confidence": -1.0}, "geometry": {"type": "Polygon", "coordinates": [[[-118.29606129704796, 34.03322199822808], [-118.29596645449207, 34.033224490148996], [-118.29597002255359, 34.033317753190765], [-118.29606485724086, 34.03331526147931], [-118.29606129704796, 34.03322199822808]]]}},{"type": "Feature", "properties": {"height": 5.2006001472473145, "confidence": -1.0}, "geometry": {"type": "Polygon", "coordinates": [[[-118.29630199084067, 34.04755886492812], [-118.29642534755465, 34.04756031710069], [-118.29642890880802, 34.04735262994144], [-118.2963055522167, 34.04735117061319], [-118.29630199084067, 34.04755886492812]]]}},{"type": "Feature", "properties": {"height": 8.68616771697998, "confidence": -1.0}, "geometry": {"type": "Polygon", "coordinates": [[[-118.29652090367492, 34.067319370307224], [-118.29609980403995, 34.067317929867684], [-118.29609856357698, 34.06756677674721], [-118.29624608255737, 34.06756728135832], [-118.29624638159757, 34.067507291552786], [-118.29636439678187, 34.06750769524193], [-118.29636410359046, 34.06756651174187], [-118.29651966910566, 34.06756703485813], [-118.29652090367492, 34.067319370307224]]]}},{"type": "Feature", "properties": {"height": 5.560047149658203, "confidence": -1.0}, "geometry": {"type": "Polygon", "coordinates": [[[-118.29664750092002, 34.03121651657595], [-118.29664519097827, 34.03129649276026], [-118.29680457291946, 34.03129965436722], [-118.29680811231015, 34.03117746870883], [-118.29667016544114, 34.0311747322984], [-118.29666894630523, 34.03121694198141], [-118.29664750092002, 34.03121651657595]]]}},{"type": "Feature", "properties": {"height": -1.0, "confidence": -1.0}, "geometry": {"type": "Polygon", "coordinates": [[[-118.29668369163835, 34.0194332425179], [-118.29677089590407, 34.01943546329834], [-118.2967737016093, 34.01935994784901], [-118.29668649097299, 34.01935772690436], [-118.29668369163835, 34.0194332425179]]]}},{"type": "Feature", "properties": {"height": 3.6496851444244385, "confidence": 0.9517999887466431}, "geometry": {"type": "Polygon", "coordinates": [[[-118.29669966068475, 34.00978172429753], [-118.29678814382996, 34.00978037932134], [-118.29678762564934, 34.00975695453845], [-118.29682366016843, 34.00975640470981], [-118.2968203040389, 34.00960526481439], [-118.29669579924476, 34.009607164560094], [-118.29669966068475, 34.00978172429753]]]}},{"type": "Feature", "properties": {"height": 4.602309703826904, "confidence": -1.0}, "geometry": {"type": "Polygon", "coordinates": [[[-118.29775190948034, 34.03554227713185], [-118.29774925102963, 34.03564447491024], [-118.2979101090649, 34.03564733909837], [-118.29791276751561, 34.03554514132341], [-118.29775190948034, 34.03554227713185]]]}},{"type": "Feature", "properties": {"height": 3.74955153465271, "confidence": 0.9864000082015991}, "geometry": {"type": "Polygon", "coordinates": [[[-118.29785894483251, 33.99478373120204], [-118.29785553769453, 33.99493489590437], [-118.29796546987538, 33.9949365991009], [-118.29796887701333, 33.994785434401614], [-118.29785894483251, 33.99478373120204]]]}},{"type": "Feature", "properties": {"height": 3.2773804664611816, "confidence": -1.0}, "geometry": {"type": "Polygon", "coordinates": [[[-118.29820473994509, 34.01873850708141], [-118.29811355181792, 34.01873916831552], [-118.29811505349976, 34.01888143963566], [-118.29820624162691, 34.01888077840266], [-118.29820473994509, 34.01873850708141]]]}},{"type": "Feature", "properties": {"height": 4.338764190673828, "confidence": -1.0}, "geometry": {"type": "Polygon", "coordinates": [[[-118.29837113964489, 34.017660020195386], [-118.29846768245496, 34.01765896728782], [-118.29846397741291, 34.01742557245886], [-118.29836743460284, 34.01742662536931], [-118.29837113964489, 34.017660020195386]]]}},{"type": "Feature", "properties": {"height": 4.462666034698486, "confidence": -1.0}, "geometry": {"type": "Polygon", "coordinates": [[[-118.29869260773405, 34.0484736710048], [-118.29885081249391, 34.0484714508174], [-118.29884894273236, 34.04838035933028], [-118.29869073797252, 34.04838257952006], [-118.29869260773405, 34.0484736710048]]]}},{"type": "Feature", "properties": {"height": -1.0, "confidence": -1.0}, "geometry": {"type": "Polygon", "coordinates": [[[-118.29889497611495, 34.02568882215028], [-118.29881720230009, 34.02568808229185], [-118.29881797186954, 34.02563251511023], [-118.29867949582662, 34.02563119779364], [-118.29867677286248, 34.0258290169564], [-118.29882059591367, 34.02583038513563], [-118.2988199802581, 34.02587483878018], [-118.2988923903616, 34.02587552761239], [-118.29889497611495, 34.02568882215028]]]}},{"type": "Feature", "properties": {"height": 6.5288777351379395, "confidence": -1.0}, "geometry": {"type": "Polygon", "coordinates": [[[-118.29914040547335, 34.05665253687529], [-118.29913905126745, 34.05656588680849], [-118.29895937338623, 34.056567814242875], [-118.29896072759216, 34.05665446430769], [-118.29914040547335, 34.05665253687529]]]}},{"type": "Feature", "properties": {"height": 3.67858624458313, "confidence": -1.0}, "geometry": {"type": "Polygon", "coordinates": [[[-118.29923275223179, 34.01889305313033], [-118.29922970911011, 34.01877527972797], [-118.29912783189553, 34.01877708817265], [-118.2991308750172, 34.01889486157251], [-118.29923275223179, 34.01889305313033]]]}},{"type": "Feature", "properties": {"height": 5.365926265716553, "confidence": -1.0}, "geometry": {"type": "Polygon", "coordinates": [[[-118.29936546421703, 34.03869660310299], [-118.29936956527804, 34.03895216119843], [-118.29949024345609, 34.03895083839891], [-118.29948950848781, 34.038905038820246], [-118.29956862815206, 34.03890416697028], [-118.29956939479973, 34.03895219342273], [-118.2996806824651, 34.0389509735562], [-118.29967761558468, 34.03875986061564], [-118.29957034609308, 34.03876103644007], [-118.29957141593508, 34.038827703792904], [-118.2994882820791, 34.038828615056126], [-118.29948614239508, 34.03869528029948], [-118.29936546421703, 34.03869660310299]]]}},{"type": "Feature", "properties": {"height": 4.446425437927246, "confidence": 0.9793000221252441}, "geometry": {"type": "Polygon", "coordinates": [[[-118.2995286801696, 34.0125838288789], [-118.29962255384278, 34.012583344179774], [-118.29962046548769, 34.01230543918354], [-118.29949172445018, 34.01230610391593], [-118.29949331160007, 34.01251731179439], [-118.29952817896438, 34.01251713176315], [-118.2995286801696, 34.0125838288789]]]}},{"type": "Feature", "properties": {"height": -1.0, "confidence": -1.0}, "geometry": {"type": "Polygon", "coordinates": [[[-118.29960097415376, 34.04848446115989], [-118.29948696509591, 34.04848332399755], [-118.29948600362614, 34.048549118091294], [-118.29951818541632, 34.0485494409486], [-118.29951750351282, 34.048596104081845], [-118.29967036701608, 34.04859763765321], [-118.2996713736355, 34.04852875397256], [-118.29960034098403, 34.048528041351645], [-118.29960097415376, 34.04848446115989]]]}},{"type": "Feature", "properties": {"height": 3.3139114379882812, "confidence": 0.9574999809265137}, "geometry": {"type": "Polygon", "coordinates": [[[-118.29981189349715, 34.010030900921166], [-118.29966710823595, 34.01003321930268], [-118.29966923173511, 34.01012434421533], [-118.29981401699631, 34.010122025836274], [-118.29981189349715, 34.010030900921166]]]}},{"type": "Feature", "properties": {"height": 4.156920909881592, "confidence": -1.0}, "geometry": {"type": "Polygon", "coordinates": [[[-118.30036227253385, 34.020370859435054], [-118.30047463441164, 34.02036612081384], [-118.30047172617147, 34.020318747095835], [-118.3005132334562, 34.02031699902191], [-118.30050743761639, 34.020222457685996], [-118.3004846494961, 34.02022341872776], [-118.30047915493843, 34.02013391507199], [-118.30034806561534, 34.02013943589369], [-118.30036227253385, 34.020370859435054]]]}},{"type": "Feature", "properties": {"height": 4.552537441253662, "confidence": 0.9914000034332275}, "geometry": {"type": "Polygon", "coordinates": [[[-118.30038713568817, 34.01474710214881], [-118.30053731055372, 34.01474537714601], [-118.30053545243706, 34.01463423511791], [-118.30038527757151, 34.01463596012295], [-118.30038713568817, 34.01474710214881]]]}},{"type": "Feature", "properties": {"height": 3.6604816913604736, "confidence": -1.0}, "geometry": {"type": "Polygon", "coordinates": [[[-118.3005291223526, 34.04893481066905], [-118.30056130886078, 34.04893481066905], [-118.30056130886078, 34.04889036325263], [-118.3005291223526, 34.04889036325263], [-118.3005291223526, 34.04893481066905]]]}},{"type": "Feature", "properties": {"height": 5.369473934173584, "confidence": -1.0}, "geometry": {"type": "Polygon", "coordinates": [[[-118.3012594875124, 34.045605474433], [-118.30114303088989, 34.045604670757804], [-118.30114172114405, 34.04573497304005], [-118.30120186629158, 34.04573538461728], [-118.30120163664861, 34.04575842462973], [-118.30125795916386, 34.04575881331458], [-118.3012594875124, 34.045605474433]]]}},{"type": "Feature", "properties": {"height": 2.9683659076690674, "confidence": -1.0}, "geometry": {"type": "Polygon", "coordinates": [[[-118.30166662549811, 34.013033354307105], [-118.3016210348232, 34.01303288880161], [-118.30162140857387, 34.01300759448112], [-118.3014765910118, 34.013006124216396], [-118.3014750472086, 34.013110604120186], [-118.30166545548467, 34.01311253724362], [-118.30166662549811, 34.013033354307105]]]}},{"type": "Feature", "properties": {"height": 2.798006772994995, "confidence": -1.0}, "geometry": {"type": "Polygon", "coordinates": [[[-118.30192521617354, 34.000460076469516], [-118.30193092106028, 34.00026809993183], [-118.30181948135265, 34.0002658303362], [-118.30181543914165, 34.00040224335178], [-118.3017713933876, 34.00040134375594], [-118.30176706006758, 34.000547165178226], [-118.30182335238817, 34.000548311631185], [-118.30182603463676, 34.00045805077514], [-118.30192521617354, 34.000460076469516]]]}},{"type": "Feature", "properties": {"height": 3.8580496311187744, "confidence": -1.0}, "geometry": {"type": "Polygon", "coordinates": [[[-118.30194407943905, 33.99792456351491], [-118.30184390184624, 33.99792313938351], [-118.30184022352572, 33.99810098341944], [-118.30194038610942, 33.9981024073345], [-118.30194407943905, 33.99792456351491]]]}},{"type": "Feature", "properties": {"height": 3.183603286743164, "confidence": -1.0}, "geometry": {"type": "Polygon", "coordinates": [[[-118.30202888448905, 34.023556986565744], [-118.30212427955689, 34.02355891226046], [-118.30212884981685, 34.023403391915515], [-118.30203346787414, 34.02340146648222], [-118.30202888448905, 34.023556986565744]]]}},{"type": "Feature", "properties": {"height": 4.162762641906738, "confidence": -1.0}, "geometry": {"type": "Polygon", "coordinates": [[[-118.30249248499271, 34.017822340367005], [-118.30241203762206, 34.017821318327705], [-118.30240710537845, 34.01808803749791], [-118.30252934561258, 34.0180895904875], [-118.30253186428222, 34.01795400849526], [-118.30249005997292, 34.0179534773955], [-118.30249248499271, 34.017822340367005]]]}},{"type": "Feature", "properties": {"height": 3.9940059185028076, "confidence": -1.0}, "geometry": {"type": "Polygon", "coordinates": [[[-118.30261222544812, 34.07596397633946], [-118.30278655611473, 34.0759627332776], [-118.30278553078222, 34.07586407884701], [-118.30261120022064, 34.07586533201578], [-118.30261222544812, 34.07596397633946]]]}},{"type": "Feature", "properties": {"height": 2.61267352104187, "confidence": -1.0}, "geometry": {"type": "Polygon", "coordinates": [[[-118.30263111298657, 33.99457212992865], [-118.3026766960207, 33.994572804416194], [-118.3026785144928, 33.99448832710566], [-118.30263293145869, 33.994487652617465], [-118.30263111298657, 33.99457212992865]]]}},{"type": "Feature", "properties": {"height": 4.773568153381348, "confidence": -1.0}, "geometry": {"type": "Polygon", "coordinates": [[[-118.30273825818614, 34.07036536553332], [-118.30247641166963, 34.07036393855559], [-118.30247569528396, 34.07045413807563], [-118.30258198800831, 34.07045471117323], [-118.30258184834712, 34.07047248486656], [-118.3027374098794, 34.070473323606166], [-118.30273825818614, 34.07036536553332]]]}},{"type": "Feature", "properties": {"height": 4.061100482940674, "confidence": -1.0}, "geometry": {"type": "Polygon", "coordinates": [[[-118.30347208069455, 33.99659623123546], [-118.30337284473633, 33.99659685888285], [-118.30337419514848, 33.996743617129795], [-118.30347343110668, 33.996742989483494], [-118.30347208069455, 33.99659623123546]]]}},{"type": "Feature", "properties": {"height": -1.0, "confidence": -1.0}, "geometry": {"type": "Polygon", "coordinates": [[[-118.30357883537668, 33.991963668258684], [-118.30350229295439, 33.99196245568342], [-118.30350037553352, 33.99204565913417], [-118.30357691083215, 33.99204687603666], [-118.30357883537668, 33.991963668258684]]]}},{"type": "Feature", "properties": {"height": 2.97886323928833, "confidence": -1.0}, "geometry": {"type": "Polygon", "coordinates": [[[-118.30382509674709, 34.017694863155945], [-118.30390820341, 34.017696405914954], [-118.30391088732793, 34.01759738667238], [-118.30382778079561, 34.01759583909287], [-118.30382509674709, 34.017694863155945]]]}},{"type": "Feature", "properties": {"height": 2.625964879989624, "confidence": -1.0}, "geometry": {"type": "Polygon", "coordinates": [[[-118.30386709210767, 34.041830219524094], [-118.30386921697666, 34.0417457990603], [-118.30378074256556, 34.041744270005275], [-118.30377861769657, 34.04182869047056], [-118.30386709210767, 34.041830219524094]]]}},{"type": "Feature", "properties": {"height": -1.0, "confidence": -1.0}, "geometry": {"type": "Polygon", "coordinates": [[[-118.30389922719135, 34.004080124968375], [-118.30389723140426, 34.004112419414675], [-118.30394926844586, 34.00411462948156], [-118.30395126676595, 34.004082338163045], [-118.30389922719135, 34.004080124968375]]]}},{"type": "Feature", "properties": {"height": 3.6794846057891846, "confidence": -1.0}, "geometry": {"type": "Polygon", "coordinates": [[[-118.30405333994416, 33.99449122917838], [-118.3041713517578, 33.99449189342316], [-118.30417277539618, 33.99431622135251], [-118.30405476358254, 33.99431555710635], [-118.30405333994416, 33.99449122917838]]]}},{"type": "Feature", "properties": {"height": 3.875526189804077, "confidence": -1.0}, "geometry": {"type": "Polygon", "coordinates": [[[-118.30440029341199, 34.01460982616615], [-118.30419919639064, 34.01461290607323], [-118.30420122762817, 34.01470402896214], [-118.30440232464954, 34.01470094905838], [-118.30440029341199, 34.01460982616615]]]}},{"type": "Feature", "properties": {"height": 3.9630892276763916, "confidence": -1.0}, "geometry": {"type": "Polygon", "coordinates": [[[-118.30447537229746, 34.021750055968916], [-118.30457724935941, 34.02175186434752], [-118.30458197296471, 34.021569655235666], [-118.30443056302197, 34.02156696761311], [-118.30442743654137, 34.02168796314817], [-118.30447695913519, 34.02168884507711], [-118.30447537229746, 34.021750055968916]]]}},{"type": "Feature", "properties": {"height": 5.780179023742676, "confidence": -1.0}, "geometry": {"type": "Polygon", "coordinates": [[[-118.30490983708772, 34.033279841308584], [-118.30504927195658, 34.03328179843674], [-118.30505065860467, 34.03321395209102], [-118.30491122390107, 34.033211986876296], [-118.30490983708772, 34.033279841308584]]]}},{"type": "Feature", "properties": {"height": 3.2541160583496094, "confidence": -1.0}, "geometry": {"type": "Polygon", "coordinates": [[[-118.30497603569113, 34.00175176671158], [-118.30498056150093, 34.00159501680391], [-118.30484652784348, 34.001592357091994], [-118.30484479538715, 34.00165236017249], [-118.30486087942604, 34.0016526793377], [-118.30485808587507, 34.0017494330092], [-118.30497603569113, 34.00175176671158]]]}},{"type": "Feature", "properties": {"height": -1.0, "confidence": -1.0}, "geometry": {"type": "Polygon", "coordinates": [[[-118.30516660338982, 33.99346998981525], [-118.30516401346155, 33.99333659489814], [-118.30469742999736, 33.993342822115125], [-118.30470001992563, 33.993476217022476], [-118.30516660338982, 33.99346998981525]]]}},{"type": "Feature", "properties": {"height": -1.0, "confidence": -1.0}, "geometry": {"type": "Polygon", "coordinates": [[[-118.30555320334771, 33.99648644669029], [-118.30555093532934, 33.99653752356405], [-118.30559647116884, 33.99653891338726], [-118.3055987391872, 33.99648783651434], [-118.30555320334771, 33.99648644669029]]]}},{"type": "Feature", "properties": {"height": 3.426961898803711, "confidence": -1.0}, "geometry": {"type": "Polygon", "coordinates": [[[-118.30586306964265, 34.012136204392625], [-118.30586158372698, 34.01222289688648], [-118.30604125546253, 34.01222501288843], [-118.3060427413782, 34.01213832039672], [-118.30586306964265, 34.012136204392625]]]}},{"type": "Feature", "properties": {"height": -1.0, "confidence": -1.0}, "geometry": {"type": "Polygon", "coordinates": [[[-118.30588400381446, 34.02714326692853], [-118.30596334222467, 34.027144297778435], [-118.30596444014249, 34.02708651555222], [-118.30588509685383, 34.027085484638235], [-118.30588400381446, 34.02714326692853]]]}},{"type": "Feature", "properties": {"height": 7.563723564147949, "confidence": -1.0}, "geometry": {"type": "Polygon", "coordinates": [[[-118.30598676440393, 34.05507848194374], [-118.30605378516603, 34.0550797410873], [-118.30605791898861, 34.05492870839336], [-118.30610617393732, 34.054929614978334], [-118.30610635631186, 34.054922951765114], [-118.30599108060105, 34.054920786034174], [-118.30598676440393, 34.05507848194374]]]}},{"type": "Feature", "properties": {"height": -1.0, "confidence": -1.0}, "geometry": {"type": "Polygon", "coordinates": [[[-118.30600931310263, 34.07325157588936], [-118.30615405135406, 34.0732547476679], [-118.3061557838438, 34.07320036004491], [-118.30601104532532, 34.07319719664943], [-118.30600931310263, 34.07325157588936]]]}},{"type": "Feature", "properties": {"height": -1.0, "confidence": -1.0}, "geometry": {"type": "Polygon", "coordinates": [[[-118.30607989328222, 33.99737104737316], [-118.3061693747294, 33.99737268290785], [-118.3061715615966, 33.99729044516888], [-118.30608207321038, 33.99728880950576], [-118.30607989328222, 33.99737104737316]]]}},{"type": "Feature", "properties": {"height": 5.896775722503662, "confidence": -1.0}, "geometry": {"type": "Polygon", "coordinates": [[[-118.3061838190187, 34.04564447257725], [-118.30630717085445, 34.0456460606405], [-118.30630967074255, 34.04551274533374], [-118.3061863189068, 34.04551115726801], [-118.3061838190187, 34.04564447257725]]]}},{"type": "Feature", "properties": {"height": -1.0, "confidence": -1.0}, "geometry": {"type": "Polygon", "coordinates": [[[-118.3068709030149, 34.050425411606696], [-118.30684409302154, 34.050424938983525], [-118.30684275777458, 34.05047710725404], [-118.30686956780771, 34.05047757832293], [-118.3068709030149, 34.050425411606696]]]}},{"type": "Feature", "properties": {"height": -1.0, "confidence": -1.0}, "geometry": {"type": "Polygon", "coordinates": [[[-118.30744918464013, 34.010212316457206], [-118.30763268556043, 34.01021596805475], [-118.30763541825416, 34.01012160749755], [-118.30745192560533, 34.01011794541495], [-118.30744918464013, 34.010212316457206]]]}},{"type": "Feature", "properties": {"height": 3.0646040439605713, "confidence": -1.0}, "geometry": {"type": "Polygon", "coordinates": [[[-118.30753252296877, 34.044661477775804], [-118.30753361717534, 34.044810378497935], [-118.30763821949324, 34.04480985680707], [-118.30763712528667, 34.04466095608402], [-118.30753252296877, 34.044661477775804]]]}},{"type": "Feature", "properties": {"height": 3.934717893600464, "confidence": -1.0}, "geometry": {"type": "Polygon", "coordinates": [[[-118.3076068637811, 34.02823840162661], [-118.30742182944962, 34.02824060183842], [-118.30742252201081, 34.02828060601897], [-118.30735816224333, 34.028281371309674], [-118.30735897023139, 34.02832804282941], [-118.30760836433035, 34.02832507732957], [-118.3076068637811, 34.02823840162661]]]}},{"type": "Feature", "properties": {"height": 5.825468063354492, "confidence": -1.0}, "geometry": {"type": "Polygon", "coordinates": [[[-118.30803195319321, 34.0016234919198], [-118.30790859362286, 34.0016221248185], [-118.30790633513638, 34.001762187077865], [-118.30802969470675, 34.001763554176904], [-118.30803195319321, 34.0016234919198]]]}},{"type": "Feature", "properties": {"height": 3.1515891551971436, "confidence": -1.0}, "geometry": {"type": "Polygon", "coordinates": [[[-118.30829311675939, 34.01796250282591], [-118.30821646675219, 34.017961199986985], [-118.30821427504742, 34.018050089957825], [-118.30829091755194, 34.01805139266788], [-118.30829311675939, 34.01796250282591]]]}},{"type": "Feature", "properties": {"height": 3.4504899978637695, "confidence": -1.0}, "geometry": {"type": "Polygon", "coordinates": [[[-118.30878563098652, 34.02692925916054], [-118.3086045158552, 34.02692445811342], [-118.30859921391763, 34.027062140169626], [-118.30878031743379, 34.02706694090106], [-118.30878563098652, 34.02692925916054]]]}},{"type": "Feature", "properties": {"height": -1.0, "confidence": -1.0}, "geometry": {"type": "Polygon", "coordinates": [[[-118.30966785202438, 34.02081396785192], [-118.30967028627951, 34.02091841484496], [-118.30973463528449, 34.02091738458528], [-118.3097310615908, 34.020764047464375], [-118.30970156829684, 34.020764519667594], [-118.30970270773541, 34.02081340979392], [-118.30966785202438, 34.02081396785192]]]}},{"type": "Feature", "properties": {"height": 9.630587577819824, "confidence": -1.0}, "geometry": {"type": "Polygon", "coordinates": [[[-118.3100950684937, 34.07222817903631], [-118.31009642523959, 34.072112658317224], [-118.30973005907025, 34.07210972723474], [-118.3097287120842, 34.072225248035906], [-118.3100950684937, 34.07222817903631]]]}},{"type": "Feature", "properties": {"height": 2.5310585498809814, "confidence": -1.0}, "geometry": {"type": "Polygon", "coordinates": [[[-118.31047993807273, 34.01416659775512], [-118.31055227333472, 34.014168645614795], [-118.31055483541485, 34.014106466255996], [-118.31048250015286, 34.014104418394794], [-118.31047993807273, 34.01416659775512]]]}},{"type": "Feature", "properties": {"height": 3.3620645999908447, "confidence": -1.0}, "geometry": {"type": "Polygon", "coordinates": [[[-118.31060186491467, 34.05645811388256], [-118.31066755889745, 34.056456171165365], [-118.31066124812803, 34.056309694239125], [-118.31059554178694, 34.05631163732516], [-118.31060186491467, 34.05645811388256]]]}},{"type": "Feature", "properties": {"height": 4.4177141189575195, "confidence": -1.0}, "geometry": {"type": "Polygon", "coordinates": [[[-118.31084444846176, 34.028956053321544], [-118.3109597174072, 34.02895376670637], [-118.31095544259398, 34.028805757422084], [-118.31084017384156, 34.02880805072343], [-118.31084444846176, 34.028956053321544]]]}},{"type": "Feature", "properties": {"height": 4.597541332244873, "confidence": -1.0}, "geometry": {"type": "Polygon", "coordinates": [[[-118.3108885456143, 34.01069181398452], [-118.31088104203998, 34.010405133448046], [-118.31014646256537, 34.010418344883654], [-118.31014721873953, 34.01044723520964], [-118.31009091885278, 34.010448247764494], [-118.31009382721493, 34.01055936430996], [-118.31000803691131, 34.01056090724864], [-118.31000861858374, 34.01058313053989], [-118.30985044271148, 34.01058597533228], [-118.30985001188421, 34.01056951520968], [-118.3097320500377, 34.010571629909656], [-118.30973120136466, 34.01053920562677], [-118.30969634905382, 34.01053983244575], [-118.3096941386986, 34.010455383865036], [-118.30959494366006, 34.01045716789008], [-118.30959709584805, 34.01053939413907], [-118.30953007217336, 34.01054059956021], [-118.30953501638899, 34.01072949739553], [-118.31029104343952, 34.010715900274356], [-118.31029110160675, 34.010718122599684], [-118.31037689191038, 34.01071657966386], [-118.31037689191038, 34.01071657966386], [-118.31055115346456, 34.01071344557535], [-118.31055062995938, 34.0106934446442], [-118.31066591067984, 34.01069137132356], [-118.31066655051951, 34.01071581690605], [-118.3107362551412, 34.01071456327067], [-118.310735731636, 34.01069456233976], [-118.3108885456143, 34.01069181398452]]]}},{"type": "Feature", "properties": {"height": 2.601980686187744, "confidence": -1.0}, "geometry": {"type": "Polygon", "coordinates": [[[-118.3109232481808, 34.00690126060052], [-118.31099392829684, 34.00690254003877], [-118.31099586018809, 34.00682920042355], [-118.31092517388299, 34.00682792087218], [-118.3109232481808, 34.00690126060052]]]}},{"type": "Feature", "properties": {"height": 3.6111156940460205, "confidence": -1.0}, "geometry": {"type": "Polygon", "coordinates": [[[-118.31093074016613, 33.99420297609817], [-118.31117084539285, 33.99420145743827], [-118.3111701097336, 33.994122232934295], [-118.31103064313113, 33.99412312315097], [-118.31103094509693, 33.99415564241153], [-118.31093031048954, 33.994156278923384], [-118.31093074016613, 33.99420297609817]]]}},{"type": "Feature", "properties": {"height": 3.528597354888916, "confidence": -1.0}, "geometry": {"type": "Polygon", "coordinates": [[[-118.3109621245409, 34.0499504547868], [-118.31074616663872, 34.04995459997484], [-118.31074880529712, 34.05004925833995], [-118.3109647715409, 34.05004512552015], [-118.3109621245409, 34.0499504547868]]]}},{"type": "Feature", "properties": {"height": 8.021830558776855, "confidence": -1.0}, "geometry": {"type": "Polygon", "coordinates": [[[-118.31099415015052, 34.06364658108645], [-118.31099602018115, 34.0637198739095], [-118.31105388099277, 34.06371886412752], [-118.31105410691293, 34.06372774811495], [-118.3112375382213, 34.06372454688754], [-118.31123801255634, 34.063743137670436], [-118.3111629442412, 34.063744452108395], [-118.31116498427158, 34.06382440770165], [-118.31124428429206, 34.06382301916831], [-118.31124703089834, 34.06393102534432], [-118.31141171226646, 34.06392815134613], [-118.3114092963009, 34.06383346170781], [-118.31129937483942, 34.06383538641847], [-118.31129686056171, 34.063736843493324], [-118.31140946320093, 34.06373487836197], [-118.31140702649435, 34.06363937559692], [-118.31099415015052, 34.06364658108645]]]}},{"type": "Feature", "properties": {"height": 7.299932956695557, "confidence": -1.0}, "geometry": {"type": "Polygon", "coordinates": [[[-118.31131065740668, 34.05525400452374], [-118.3113123602102, 34.05537398699763], [-118.31163835921566, 34.0553708301609], [-118.3116366665465, 34.05525084758439], [-118.31131065740668, 34.05525400452374]]]}},{"type": "Feature", "properties": {"height": 3.8693315982818604, "confidence": -1.0}, "geometry": {"type": "Polygon", "coordinates": [[[-118.31138641254178, 34.05036146119083], [-118.31138325952054, 34.05045917393467], [-118.31156551945436, 34.050463211309825], [-118.31156867247559, 34.05036549857064], [-118.31138641254178, 34.05036146119083]]]}},{"type": "Feature", "properties": {"height": 7.092087268829346, "confidence": -1.0}, "geometry": {"type": "Polygon", "coordinates": [[[-118.3115396449013, 34.07453253564373], [-118.31191512449796, 34.07453530010961], [-118.31191650716808, 34.074406451649146], [-118.31184409324588, 34.07440591850135], [-118.31184471306352, 34.07434815878267], [-118.31151482741788, 34.07434572999658], [-118.31151412742264, 34.07441096132576], [-118.3115409474105, 34.07441115723319], [-118.3115396449013, 34.07453253564373]]]}},{"type": "Feature", "properties": {"height": 3.840616226196289, "confidence": -1.0}, "geometry": {"type": "Polygon", "coordinates": [[[-118.31168183759215, 34.05207522207036], [-118.31167979809962, 34.05211960359899], [-118.3117574697734, 34.05212204927276], [-118.31175950926594, 34.05207766774543], [-118.31168183759215, 34.05207522207036]]]}},{"type": "Feature", "properties": {"height": 3.131812334060669, "confidence": -1.0}, "geometry": {"type": "Polygon", "coordinates": [[[-118.31175961548458, 33.99970295989593], [-118.3116406663302, 33.999706645484885], [-118.31164760959963, 33.99986066279039], [-118.31176657142687, 33.99985696991289], [-118.31175961548458, 33.99970295989593]]]}},{"type": "Feature", "properties": {"height": -1.0, "confidence": -1.0}, "geometry": {"type": "Polygon", "coordinates": [[[-118.3122676237429, 34.01684635794704], [-118.3122166814753, 34.01684552752051], [-118.3122153104897, 34.01690330863738], [-118.31226625275727, 34.01690413906333], [-118.3122676237429, 34.01684635794704]]]}},{"type": "Feature", "properties": {"height": 2.5716745853424072, "confidence": -1.0}, "geometry": {"type": "Polygon", "coordinates": [[[-118.3126851982564, 34.0502444965328], [-118.3126235351802, 34.05024341307135], [-118.3126221138056, 34.050298946477135], [-118.3126837768818, 34.050300029937866], [-118.3126851982564, 34.0502444965328]]]}},{"type": "Feature", "properties": {"height": 4.072261333465576, "confidence": -1.0}, "geometry": {"type": "Polygon", "coordinates": [[[-118.31270629598245, 34.05681284419108], [-118.31262731428139, 34.05680974372379], [-118.31262318387493, 34.05688207078204], [-118.31270215974094, 34.05688516643826], [-118.31270629598245, 34.05681284419108]]]}},{"type": "Feature", "properties": {"height": -1.0, "confidence": -1.0}, "geometry": {"type": "Polygon", "coordinates": [[[-118.312824058018, 34.005915650579965], [-118.31289108250127, 34.00591684052642], [-118.3128932643621, 34.005832386329296], [-118.31282623987882, 34.00583119638167], [-118.312824058018, 34.005915650579965]]]}},{"type": "Feature", "properties": {"height": 7.421853065490723, "confidence": -1.0}, "geometry": {"type": "Polygon", "coordinates": [[[-118.31290656245045, 34.07996600318931], [-118.31277784176504, 34.07996450337424], [-118.31277506398801, 34.080128866037164], [-118.31290378467345, 34.08013036584936], [-118.31290656245045, 34.07996600318931]]]}},{"type": "Feature", "properties": {"height": 4.876814842224121, "confidence": -1.0}, "geometry": {"type": "Polygon", "coordinates": [[[-118.31302617753317, 34.01134951421434], [-118.31314286697547, 34.01135061769288], [-118.31314710291508, 34.011044707248764], [-118.31292182703753, 34.01104256384081], [-118.3129205957264, 34.01113148659644], [-118.31302916393632, 34.011132519577544], [-118.31302617753317, 34.01134951421434]]]}},{"type": "Feature", "properties": {"height": 3.2138783931732178, "confidence": -1.0}, "geometry": {"type": "Polygon", "coordinates": [[[-118.31347531443585, 34.029466289814316], [-118.31347111762119, 34.029575992239444], [-118.31353274634243, 34.02957761513464], [-118.3135369432937, 34.02946790914056], [-118.31347531443585, 34.029466289814316]]]}},{"type": "Feature", "properties": {"height": 3.6411595344543457, "confidence": -1.0}, "geometry": {"type": "Polygon", "coordinates": [[[-118.31348041802269, 34.034753407609074], [-118.31357964012004, 34.034752250885894], [-118.31357605622816, 34.0345411319227], [-118.31347683413081, 34.03454228864878], [-118.31348041802269, 34.034753407609074]]]}},{"type": "Feature", "properties": {"height": 4.0205841064453125, "confidence": -1.0}, "geometry": {"type": "Polygon", "coordinates": [[[-118.31358330632388, 34.00799331653555], [-118.31370395359957, 34.007991237624665], [-118.31369955091972, 34.00781566132301], [-118.31357890364401, 34.00781774023818], [-118.31358330632388, 34.00799331653555]]]}},{"type": "Feature", "properties": {"height": 2.7814741134643555, "confidence": -1.0}, "geometry": {"type": "Polygon", "coordinates": [[[-118.31370889577188, 34.00564429295485], [-118.31359197822347, 34.00564546649974], [-118.31359401080496, 34.00578462774176], [-118.313710940001, 34.00578344729771], [-118.31370889577188, 34.00564429295485]]]}},{"type": "Feature", "properties": {"height": 3.7419471740722656, "confidence": -1.0}, "geometry": {"type": "Polygon", "coordinates": [[[-118.3137485985047, 34.02661695629073], [-118.31365204637005, 34.026617656355974], [-118.31365419551393, 34.026821250111844], [-118.31375074758945, 34.02682054444822], [-118.3137485985047, 34.02661695629073]]]}},{"type": "Feature", "properties": {"height": 3.8245744705200195, "confidence": -1.0}, "geometry": {"type": "Polygon", "coordinates": [[[-118.31403607271925, 34.01399797734095], [-118.31414868877837, 34.013996291753756], [-118.31414573533168, 34.01386071543018], [-118.31403311927257, 34.013862401020056], [-118.31403607271925, 34.01399797734095]]]}},{"type": "Feature", "properties": {"height": 4.423746109008789, "confidence": -1.0}, "geometry": {"type": "Polygon", "coordinates": [[[-118.3140364072359, 34.02633743760583], [-118.31414366196744, 34.02633901160693], [-118.31414651073358, 34.026205675569564], [-118.31403925600205, 34.026204101565995], [-118.3140364072359, 34.02633743760583]]]}},{"type": "Feature", "properties": {"height": 3.102694511413574, "confidence": -1.0}, "geometry": {"type": "Polygon", "coordinates": [[[-118.3142085469572, 33.995290293151015], [-118.31402471238465, 33.9952877756709], [-118.31402271929322, 33.995387818211], [-118.31429891147016, 33.995391600456536], [-118.31429984157948, 33.99534491395455], [-118.31420748847803, 33.99534364924715], [-118.3142085469572, 33.995290293151015]]]}},{"type": "Feature", "properties": {"height": -1.0, "confidence": -1.0}, "geometry": {"type": "Polygon", "coordinates": [[[-118.31455423700743, 34.00768555181978], [-118.31469100548195, 34.0076870594786], [-118.31469168304791, 34.007644821371976], [-118.31461927620848, 34.007644023199255], [-118.3146195614994, 34.007626238726864], [-118.31455519986434, 34.00762552923987], [-118.31455423700743, 34.00768555181978]]]}},{"type": "Feature", "properties": {"height": 2.670703411102295, "confidence": -1.0}, "geometry": {"type": "Polygon", "coordinates": [[[-118.31461338056073, 34.00360994278097], [-118.31468721361388, 34.00361080383659], [-118.31468876890203, 34.00351869351563], [-118.31461494355112, 34.00351783683234], [-118.31461338056073, 34.00360994278097]]]}},{"type": "Feature", "properties": {"height": 3.698098659515381, "confidence": -1.0}, "geometry": {"type": "Polygon", "coordinates": [[[-118.31516442431263, 33.99922828378445], [-118.31535216130358, 33.999226769625814], [-118.31535125467899, 33.99914894837217], [-118.31516351768803, 33.99915046253218], [-118.31516442431263, 33.99922828378445]]]}},{"type": "Feature", "properties": {"height": 4.210240840911865, "confidence": -1.0}, "geometry": {"type": "Polygon", "coordinates": [[[-118.31535751623605, 34.0023117339443], [-118.31525961734388, 34.002310450204014], [-118.3152599990802, 34.002290442883236], [-118.31519164448193, 34.00228954655468], [-118.3151909012343, 34.00232832956579], [-118.31516140438046, 34.00232794106455], [-118.31516021150405, 34.00239018588148], [-118.31535596335216, 34.00239276411515], [-118.31535751623605, 34.0023117339443]]]}},{"type": "Feature", "properties": {"height": -1.0, "confidence": -1.0}, "geometry": {"type": "Polygon", "coordinates": [[[-118.31578596162767, 34.06302281766197], [-118.31579054768513, 34.06309697451255], [-118.31590290555833, 34.06309220587409], [-118.31589831909903, 34.06301804252189], [-118.31578596162767, 34.06302281766197]]]}},{"type": "Feature", "properties": {"height": 4.204561710357666, "confidence": -1.0}, "geometry": {"type": "Polygon", "coordinates": [[[-118.315833365613, 33.997886521242044], [-118.3156697611868, 33.99788759396374], [-118.31567020075961, 33.99793326936072], [-118.31564434488041, 33.997933440392764], [-118.31564472668816, 33.9979734645684], [-118.31583419028081, 33.99797221130097], [-118.315833365613, 33.997886521242044]]]}},{"type": "Feature", "properties": {"height": 3.2351465225219727, "confidence": -1.0}, "geometry": {"type": "Polygon", "coordinates": [[[-118.31584167083851, 33.994882188934774], [-118.31575584461021, 33.99488167597161], [-118.31575522590211, 33.99495283339684], [-118.31584105213038, 33.99495334635957], [-118.31584167083851, 33.994882188934774]]]}},{"type": "Feature", "properties": {"height": 3.65891432762146, "confidence": -1.0}, "geometry": {"type": "Polygon", "coordinates": [[[-118.3159143145657, 34.030563417818], [-118.31580563670072, 34.03056266769154], [-118.31580415002594, 34.03070936551374], [-118.315912840279, 34.03071011572439], [-118.3159143145657, 34.030563417818]]]}},{"type": "Feature", "properties": {"height": -1.0, "confidence": -1.0}, "geometry": {"type": "Polygon", "coordinates": [[[-118.3159150706489, 34.067351981222366], [-118.31591145427862, 34.06727091497968], [-118.31585394648644, 34.0672726754107], [-118.31585583072837, 34.067314833619726], [-118.31581690712123, 34.067316025150255], [-118.3158186430557, 34.0673549386558], [-118.3159150706489, 34.067351981222366]]]}},{"type": "Feature", "properties": {"height": 4.278877258300781, "confidence": -1.0}, "geometry": {"type": "Polygon", "coordinates": [[[-118.31599712962911, 34.01615780083499], [-118.31588451077954, 34.01615942108823], [-118.31588772215531, 34.01631277754474], [-118.31600034100488, 34.01631115729442], [-118.31599712962911, 34.01615780083499]]]}},{"type": "Feature", "properties": {"height": 3.8930251598358154, "confidence": -1.0}, "geometry": {"type": "Polygon", "coordinates": [[[-118.31601837068294, 34.00563270423281], [-118.31601550300184, 34.00579839313664], [-118.3160728870179, 34.005799075660626], [-118.31607348749634, 34.005764549658274], [-118.31612980217953, 34.00576522273127], [-118.31613208331008, 34.005634063328024], [-118.31601837068294, 34.00563270423281]]]}},{"type": "Feature", "properties": {"height": 4.154114723205566, "confidence": -1.0}, "geometry": {"type": "Polygon", "coordinates": [[[-118.31608971490472, 34.02577141334293], [-118.31608764113302, 34.02585140343452], [-118.3161841559542, 34.02585312774417], [-118.31618622972589, 34.02577313765421], [-118.31608971490472, 34.02577141334293]]]}},{"type": "Feature", "properties": {"height": 5.183753490447998, "confidence": -1.0}, "geometry": {"type": "Polygon", "coordinates": [[[-118.31616967192325, 34.0487828913451], [-118.31608370171286, 34.04862640953111], [-118.31597367963984, 34.04866789991032], [-118.31605963890038, 34.04882438577701], [-118.31616967192325, 34.0487828913451]]]}},{"type": "Feature", "properties": {"height": 3.257296562194824, "confidence": -1.0}, "geometry": {"type": "Polygon", "coordinates": [[[-118.31642798737661, 33.99374468282252], [-118.31624028460803, 33.99374727510534], [-118.31624230719503, 33.99384837162999], [-118.31643001018145, 33.99384579023919], [-118.31642798737661, 33.99374468282252]]]}},{"type": "Feature", "properties": {"height": 4.496634006500244, "confidence": -1.0}, "geometry": {"type": "Polygon", "coordinates": [[[-118.31686916999321, 34.03368227469644], [-118.31695125124187, 34.03368067508798], [-118.31694571930124, 34.033486308570254], [-118.3168063219806, 34.03348903325199], [-118.31681112730969, 34.03365787005863], [-118.31686844567159, 34.033656749707255], [-118.31686916999321, 34.03368227469644]]]}},{"type": "Feature", "properties": {"height": -1.0, "confidence": -1.0}, "geometry": {"type": "Polygon", "coordinates": [[[-118.31733514542921, 34.028666510771146], [-118.3172520281895, 34.02866784621921], [-118.31725431531726, 34.02876561707333], [-118.31733743255695, 34.02876428162679], [-118.31733514542921, 34.028666510771146]]]}},{"type": "Feature", "properties": {"height": 4.05391788482666, "confidence": -1.0}, "geometry": {"type": "Polygon", "coordinates": [[[-118.31739556161835, 34.02633499828198], [-118.31739407828226, 34.026173850465824], [-118.31728411405366, 34.026174539346606], [-118.31728559744847, 34.026335693539615], [-118.31739556161835, 34.02633499828198]]]}},{"type": "Feature", "properties": {"height": -1.0, "confidence": -1.0}, "geometry": {"type": "Polygon", "coordinates": [[[-118.31748933223629, 34.0354005235934], [-118.3176035699518, 34.03540270344568], [-118.31760495940115, 34.03535269867026], [-118.31751752524372, 34.03535103534617], [-118.31751974072819, 34.03527105931137], [-118.31745272082183, 34.03526978434132], [-118.31745062841983, 34.03534531726618], [-118.31749084036363, 34.03534608224753], [-118.31748933223629, 34.0354005235934]]]}},{"type": "Feature", "properties": {"height": 3.9834508895874023, "confidence": -1.0}, "geometry": {"type": "Polygon", "coordinates": [[[-118.31754947983379, 33.99983666619991], [-118.31755081439144, 33.999736613918586], [-118.31730139964561, 33.99973431288278], [-118.31730006508799, 33.99983436516683], [-118.31754947983379, 33.99983666619991]]]}},{"type": "Feature", "properties": {"height": 3.1516802310943604, "confidence": -1.0}, "geometry": {"type": "Polygon", "coordinates": [[[-118.31775555231562, 34.04921468757275], [-118.317580465353, 34.04916165717434], [-118.31756143734376, 34.04920478596615], [-118.31754724110353, 34.04920048620485], [-118.31751956399916, 34.04926321895692], [-118.317708847202, 34.049320549047245], [-118.31775555231562, 34.04921468757275]]]}},{"type": "Feature", "properties": {"height": 3.3511874675750732, "confidence": -1.0}, "geometry": {"type": "Polygon", "coordinates": [[[-118.31783353469912, 34.0631789946711], [-118.31791397266947, 34.06317774477108], [-118.31791070365715, 34.06303336564894], [-118.31783026568678, 34.06303461555108], [-118.31783353469912, 34.0631789946711]]]}},{"type": "Feature", "properties": {"height": 3.2756855487823486, "confidence": -1.0}, "geometry": {"type": "Polygon", "coordinates": [[[-118.3178466491669, 34.02150921787783], [-118.31804239427125, 34.02150646998976], [-118.31804041773718, 34.021409748086164], [-118.31784467286484, 34.02141250732903], [-118.3178466491669, 34.02150921787783]]]}},{"type": "Feature", "properties": {"height": 3.3444666862487793, "confidence": -1.0}, "geometry": {"type": "Polygon", "coordinates": [[[-118.31794828227375, 34.017488705078335], [-118.31808234798861, 34.01748667519271], [-118.31808004593918, 34.01738221985697], [-118.3179459802243, 34.01738424974509], [-118.31794828227375, 34.017488705078335]]]}},{"type": "Feature", "properties": {"height": 4.171083927154541, "confidence": -1.0}, "geometry": {"type": "Polygon", "coordinates": [[[-118.31811744304366, 34.03401195926413], [-118.31800582023912, 34.0340136231166], [-118.31800881047535, 34.034151389630345], [-118.31812044491129, 34.03414972560717], [-118.31811744304366, 34.03401195926413]]]}},{"type": "Feature", "properties": {"height": 5.464820384979248, "confidence": -1.0}, "geometry": {"type": "Polygon", "coordinates": [[[-118.31833593269492, 34.04567306142406], [-118.3184714942978, 34.045670074051706], [-118.31846737064485, 34.04554126239008], [-118.31833179816934, 34.045544250006564], [-118.31833593269492, 34.04567306142406]]]}},{"type": "Feature", "properties": {"height": 3.3705246448516846, "confidence": -1.0}, "geometry": {"type": "Polygon", "coordinates": [[[-118.20948823999306, 34.04208660428753], [-118.20943880913366, 34.042172528857975], [-118.20956994317912, 34.042224326882], [-118.20961937047362, 34.04213840856076], [-118.20948823999306, 34.04208660428753]]]}},{"type": "Feature", "properties": {"height": 3.732471466064453, "confidence": -1.0}, "geometry": {"type": "Polygon", "coordinates": [[[-118.2095235824828, 34.03482411654588], [-118.20948132531959, 34.03480734506032], [-118.20943639380826, 34.03488508995279], [-118.2095332018623, 34.034923512152965], [-118.20956303754919, 34.03487188001746], [-118.20950849051239, 34.0348502339676], [-118.2095235824828, 34.03482411654588]]]}},{"type": "Feature", "properties": {"height": 6.829324722290039, "confidence": -1.0}, "geometry": {"type": "Polygon", "coordinates": [[[-118.20997464845325, 34.04435385388025], [-118.20963231232065, 34.04421635112689], [-118.2095765205036, 34.04431173388719], [-118.2099188501125, 34.044449233865635], [-118.20997464845325, 34.04435385388025]]]}},{"type": "Feature", "properties": {"height": 4.469776153564453, "confidence": -1.0}, "geometry": {"type": "Polygon", "coordinates": [[[-118.21009880371619, 34.03380468283325], [-118.21012836708847, 34.033816006597974], [-118.21020031743308, 34.0336870234296], [-118.21011191961055, 34.0336531589109], [-118.2100220183816, 34.03381432211094], [-118.21008085585913, 34.03383686224993], [-118.21009880371619, 34.03380468283325]]]}},{"type": "Feature", "properties": {"height": 5.000637531280518, "confidence": -1.0}, "geometry": {"type": "Polygon", "coordinates": [[[-118.21009897055747, 34.05638793598791], [-118.21005859568547, 34.05645881454575], [-118.21026699123439, 34.05654029532966], [-118.2103073661064, 34.05646941683995], [-118.21009897055747, 34.05638793598791]]]}},{"type": "Feature", "properties": {"height": 3.7131781578063965, "confidence": -1.0}, "geometry": {"type": "Polygon", "coordinates": [[[-118.2101380667457, 34.030830818989465], [-118.21010103265174, 34.03089065254132], [-118.2103919503173, 34.03101432108457], [-118.21042898441125, 34.030954487619915], [-118.2101380667457, 34.030830818989465]]]}},{"type": "Feature", "properties": {"height": -1.0, "confidence": -1.0}, "geometry": {"type": "Polygon", "coordinates": [[[-118.21035224742143, 34.03075810690276], [-118.21027461138887, 34.03073720364637], [-118.21025760584826, 34.03078058205444], [-118.21033524028407, 34.0308014893732], [-118.21035224742143, 34.03075810690276]]]}},{"type": "Feature", "properties": {"height": -1.0, "confidence": -1.0}, "geometry": {"type": "Polygon", "coordinates": [[[-118.2108732038889, 34.04271184483264], [-118.21086840069755, 34.042710484360136], [-118.2108462356907, 34.04276421465095], [-118.21091348036947, 34.042783261252026], [-118.21094795926903, 34.0426996808037], [-118.21088551778158, 34.04268199465685], [-118.2108732038889, 34.04271184483264]]]}},{"type": "Feature", "properties": {"height": 5.110146999359131, "confidence": -1.0}, "geometry": {"type": "Polygon", "coordinates": [[[-118.21123137026633, 34.047289588287526], [-118.21135665689414, 34.047343963271196], [-118.21139811415065, 34.047278383434296], [-118.21127281957187, 34.047224012223786], [-118.21123137026633, 34.047289588287526]]]}},{"type": "Feature", "properties": {"height": 3.754081964492798, "confidence": -1.0}, "geometry": {"type": "Polygon", "coordinates": [[[-118.21123904149643, 34.06546240529772], [-118.21123705499312, 34.06558236723355], [-118.21131610371792, 34.06558326552651], [-118.21131557676784, 34.065615250405536], [-118.211353120701, 34.06561567486994], [-118.2113556239852, 34.06546373011829], [-118.21123904149643, 34.06546240529772]]]}},{"type": "Feature", "properties": {"height": 3.7326130867004395, "confidence": -1.0}, "geometry": {"type": "Polygon", "coordinates": [[[-118.21127841525929, 34.03133758752623], [-118.21123862961086, 34.03141623499658], [-118.21141987207216, 34.03147921478035], [-118.21145966789324, 34.03140056039029], [-118.21127841525929, 34.03133758752623]]]}},{"type": "Feature", "properties": {"height": 4.125637054443359, "confidence": -1.0}, "geometry": {"type": "Polygon", "coordinates": [[[-118.21137294504469, 34.06817523659583], [-118.21118521380798, 34.06817349514869], [-118.21118387080587, 34.068273466594974], [-118.21137160204256, 34.06827520804004], [-118.21137294504469, 34.06817523659583]]]}},{"type": "Feature", "properties": {"height": 7.39971923828125, "confidence": -1.0}, "geometry": {"type": "Polygon", "coordinates": [[[-118.21181657112696, 34.03622478215993], [-118.21201071947891, 34.03629707345268], [-118.21232699672525, 34.03571386108563], [-118.21213285345377, 34.03564155992748], [-118.21181657112696, 34.03622478215993]]]}},{"type": "Feature", "properties": {"height": -1.0, "confidence": -1.0}, "geometry": {"type": "Polygon", "coordinates": [[[-118.2120270662382, 34.05373858418817], [-118.21211919908033, 34.0537755166856], [-118.21220858280088, 34.053622456335496], [-118.21211646043561, 34.053585527971165], [-118.2120270662382, 34.05373858418817]]]}},{"type": "Feature", "properties": {"height": 5.209566116333008, "confidence": -1.0}, "geometry": {"type": "Polygon", "coordinates": [[[-118.21241835910033, 34.02235932778765], [-118.21250687232592, 34.02239311780227], [-118.2126940119149, 34.02205631805478], [-118.21260549633558, 34.022022532142195], [-118.21241835910033, 34.02235932778765]]]}},{"type": "Feature", "properties": {"height": 5.0569634437561035, "confidence": -1.0}, "geometry": {"type": "Polygon", "coordinates": [[[-118.21252082958463, 34.05695229372522], [-118.21243841175854, 34.05692400711877], [-118.2123786721018, 34.05704349992613], [-118.21246108992788, 34.057071786492685], [-118.21252082958463, 34.05695229372522]]]}},{"type": "Feature", "properties": {"height": 6.0298357009887695, "confidence": -1.0}, "geometry": {"type": "Polygon", "coordinates": [[[-118.2128208619517, 34.06024505017671], [-118.21312266930452, 34.06037083607938], [-118.21316681935323, 34.060298131803734], [-118.21320534795146, 34.0603141895789], [-118.2132365760347, 34.060262764575505], [-118.21319804743646, 34.06024670679063], [-118.21327841475886, 34.06011436132906], [-118.21358663488421, 34.06024283798537], [-118.21359026899789, 34.06023685348686], [-118.21359669043096, 34.06023952978485], [-118.21364837829286, 34.06015441244601], [-118.21361627112766, 34.06014103094169], [-118.21364319188906, 34.06009669895352], [-118.2131080724692, 34.05987367345406], [-118.21317268229657, 34.05976727630781], [-118.2131063274885, 34.05973962107027], [-118.21304602498296, 34.05983892510998], [-118.21309097501423, 34.059857659282194], [-118.2130425176437, 34.05993745706929], [-118.21301469143384, 34.059925859735976], [-118.2128208619517, 34.06024505017671]]]}},{"type": "Feature", "properties": {"height": 5.092492580413818, "confidence": -1.0}, "geometry": {"type": "Polygon", "coordinates": [[[-118.21318102955553, 34.06715619871205], [-118.21306035798423, 34.06715771689353], [-118.21306206851163, 34.06725101480637], [-118.21318274008293, 34.067249496626566], [-118.21318102955553, 34.06715619871205]]]}},{"type": "Feature", "properties": {"height": 4.354789733886719, "confidence": -1.0}, "geometry": {"type": "Polygon", "coordinates": [[[-118.21327489221095, 34.03892238093028], [-118.21323974849304, 34.038978353019225], [-118.2133938367246, 34.039044787753056], [-118.21342898044254, 34.03898881570794], [-118.21327489221095, 34.03892238093028]]]}},{"type": "Feature", "properties": {"height": 3.528665065765381, "confidence": -1.0}, "geometry": {"type": "Polygon", "coordinates": [[[-118.21465245720037, 34.067919682150475], [-118.21458005472243, 34.0679187586626], [-118.2145790224819, 34.067974292291545], [-118.21465142495981, 34.067975215778795], [-118.21465245720037, 34.067919682150475]]]}},{"type": "Feature", "properties": {"height": 5.765063762664795, "confidence": -1.0}, "geometry": {"type": "Polygon", "coordinates": [[[-118.21479011903725, 34.06768705146281], [-118.21479318277905, 34.06785809828606], [-118.21489093135916, 34.06785689684708], [-118.21488788206584, 34.06768584984383], [-118.21479011903725, 34.06768705146281]]]}},{"type": "Feature", "properties": {"height": 4.522165775299072, "confidence": -1.0}, "geometry": {"type": "Polygon", "coordinates": [[[-118.21652420497466, 34.02584003781766], [-118.21651093154318, 34.025892066860074], [-118.21668294944325, 34.02592221042544], [-118.2166962253114, 34.02587017185035], [-118.21652420497466, 34.02584003781766]]]}},{"type": "Feature", "properties": {"height": -1.0, "confidence": -1.0}, "geometry": {"type": "Polygon", "coordinates": [[[-118.21677928580593, 34.034454601689966], [-118.21675696583495, 34.034495042264325], [-118.2168190748762, 34.034518583358896], [-118.21684139484717, 34.03447814279576], [-118.21677928580593, 34.034454601689966]]]}},{"type": "Feature", "properties": {"height": 6.014941692352295, "confidence": -1.0}, "geometry": {"type": "Polygon", "coordinates": [[[-118.21880566838166, 34.04150796371971], [-118.2187915156085, 34.04161784018832], [-118.21892787425536, 34.04162990004988], [-118.21894203620445, 34.04152002440843], [-118.21880566838166, 34.04150796371971]]]}},{"type": "Feature", "properties": {"height": 4.206273078918457, "confidence": -1.0}, "geometry": {"type": "Polygon", "coordinates": [[[-118.21918168207996, 34.04095595104848], [-118.21945977559453, 34.04097564349569], [-118.21947047913922, 34.040871940169865], [-118.2192388200964, 34.04085553583563], [-118.21923312672155, 34.04091069720561], [-118.21918668817958, 34.04090740878247], [-118.21918168207996, 34.04095595104848]]]}},{"type": "Feature", "properties": {"height": 5.039638996124268, "confidence": -1.0}, "geometry": {"type": "Polygon", "coordinates": [[[-118.21920037800135, 34.050525583861706], [-118.21914693444491, 34.05061469333195], [-118.21923387732369, 34.05065049449911], [-118.2192873269164, 34.0505613875521], [-118.21920037800135, 34.050525583861706]]]}},{"type": "Feature", "properties": {"height": -1.0, "confidence": -1.0}, "geometry": {"type": "Polygon", "coordinates": [[[-118.2202710853864, 34.05051211627237], [-118.22028188888342, 34.050561610992915], [-118.22031825052548, 34.05055616245433], [-118.22031073504931, 34.050521731345235], [-118.22033670765079, 34.05051783953015], [-118.22033341962997, 34.050502775914836], [-118.2202710853864, 34.05051211627237]]]}},{"type": "Feature", "properties": {"height": 5.59002161026001, "confidence": -1.0}, "geometry": {"type": "Polygon", "coordinates": [[[-118.22097462051283, 34.05009169337498], [-118.22081231281328, 34.05011277642864], [-118.2208274981957, 34.050193030433185], [-118.22098980589524, 34.0501719473995], [-118.22097462051283, 34.05009169337498]]]}},{"type": "Feature", "properties": {"height": 5.189967155456543, "confidence": -1.0}, "geometry": {"type": "Polygon", "coordinates": [[[-118.22109504772273, 34.06901512900743], [-118.22104429745814, 34.06892900010116], [-118.2209858116714, 34.06895264743164], [-118.221036561936, 34.06903877631389], [-118.22109504772273, 34.06901512900743]]]}},{"type": "Feature", "properties": {"height": 4.588680744171143, "confidence": -1.0}, "geometry": {"type": "Polygon", "coordinates": [[[-118.2217112312115, 34.05266420571075], [-118.2216604196639, 34.0524734940032], [-118.22158880735157, 34.05248659135761], [-118.22160179252484, 34.05253532882726], [-118.22157365911644, 34.05254047421296], [-118.22161148549075, 34.05268244841278], [-118.2217112312115, 34.05266420571075]]]}},{"type": "Feature", "properties": {"height": 5.034482955932617, "confidence": 1.0}, "geometry": {"type": "Polygon", "coordinates": [[[-118.22366024273992, 33.99135337566637], [-118.22373534030162, 33.99135384631476], [-118.22373592822144, 33.99128935750238], [-118.22366083065975, 33.99128888685364], [-118.22366024273992, 33.99135337566637]]]}},{"type": "Feature", "properties": {"height": 6.21875, "confidence": 0.9976999759674072}, "geometry": {"type": "Polygon", "coordinates": [[[-118.2237114737318, 33.995198441203044], [-118.22381714044036, 33.995201568259084], [-118.2238192481496, 33.995152707511295], [-118.22371357732159, 33.99514958033154], [-118.2237114737318, 33.995198441203044]]]}},{"type": "Feature", "properties": {"height": 4.340344429016113, "confidence": -1.0}, "geometry": {"type": "Polygon", "coordinates": [[[-118.224304954222, 34.076696421303765], [-118.22437561267976, 34.07671109775329], [-118.22456356077933, 34.0760903064694], [-118.22449290232157, 34.076075629912296], [-118.224304954222, 34.076696421303765]]]}},{"type": "Feature", "properties": {"height": 2.6524970531463623, "confidence": -1.0}, "geometry": {"type": "Polygon", "coordinates": [[[-118.22534362610965, 34.06086795273453], [-118.22536082820423, 34.06098082275627], [-118.22569185280214, 34.06094619793608], [-118.22567466297137, 34.06083334577952], [-118.22534362610965, 34.06086795273453]]]}},{"type": "Feature", "properties": {"height": 4.306114196777344, "confidence": 0.9991999864578247}, "geometry": {"type": "Polygon", "coordinates": [[[-118.22548116166357, 33.99738355909261], [-118.22601324377626, 33.99738507192525], [-118.22601382327527, 33.99724497906581], [-118.2254817293362, 33.99724346619707], [-118.22548116166357, 33.99738355909261]]]}},{"type": "Feature", "properties": {"height": 2.677321672439575, "confidence": -1.0}, "geometry": {"type": "Polygon", "coordinates": [[[-118.22591036818503, 34.068935062977005], [-118.22586065596619, 34.06885672752735], [-118.22579130727752, 34.06888692608568], [-118.22584101949634, 34.068965261507415], [-118.22591036818503, 34.068935062977005]]]}},{"type": "Feature", "properties": {"height": 6.290588855743408, "confidence": -1.0}, "geometry": {"type": "Polygon", "coordinates": [[[-118.22656728833697, 34.051775828020446], [-118.22654099269128, 34.051841989426414], [-118.22659180875351, 34.05185585373007], [-118.22654320165084, 34.051978151930605], [-118.2266399941503, 34.05200456008368], [-118.22671489689863, 34.0518161005467], [-118.22656728833697, 34.051775828020446]]]}},{"type": "Feature", "properties": {"height": 5.303823947906494, "confidence": 0.9955000281333923}, "geometry": {"type": "Polygon", "coordinates": [[[-118.22674105582921, 33.994361906505844], [-118.22625289907064, 33.99436323784516], [-118.22625280201808, 33.99433877631074], [-118.22597385529892, 33.99433953707629], [-118.22597474641792, 33.99456413817109], [-118.22674184989563, 33.99456204607138], [-118.22674105582921, 33.994361906505844]]]}},{"type": "Feature", "properties": {"height": 3.743633985519409, "confidence": -1.0}, "geometry": {"type": "Polygon", "coordinates": [[[-118.22761548557237, 34.0414622394344], [-118.22748330027326, 34.04082084013657], [-118.22735820250517, 34.040838542581405], [-118.2274792610956, 34.041425952103715], [-118.22740889360105, 34.04143590965833], [-118.22742002030972, 34.04148989929366], [-118.22761548557237, 34.0414622394344]]]}},{"type": "Feature", "properties": {"height": 12.20108699798584, "confidence": -1.0}, "geometry": {"type": "Polygon", "coordinates": [[[-118.23232426618439, 34.056207487772994], [-118.23230895851154, 34.05632829017867], [-118.23220838933757, 34.05647684013384], [-118.23220607770376, 34.05649507047938], [-118.23224660504297, 34.05651390311068], [-118.23223555587091, 34.05660104063777], [-118.2322621718907, 34.05660335716215], [-118.23231419274232, 34.05662753067704], [-118.23233041266703, 34.056603569421], [-118.23252279207281, 34.056620301999175], [-118.23251928541005, 34.056647956708865], [-118.23297156639735, 34.05668732093904], [-118.23296961679095, 34.05670270642304], [-118.23312750860472, 34.05671644851434], [-118.233169313432, 34.05638676141178], [-118.23320910739419, 34.05639022488669], [-118.23321939738057, 34.05630907435691], [-118.23318651673866, 34.056293796935954], [-118.23324487730582, 34.05620758207752], [-118.23322655520822, 34.05619906902224], [-118.23322309812056, 34.05622635107765], [-118.23316266628407, 34.05619827244163], [-118.23314056062097, 34.05623092869427], [-118.23309303814334, 34.05622679255882], [-118.2330846771779, 34.056292730206344], [-118.2326480863428, 34.0562547313904], [-118.23259756785832, 34.05623125883508], [-118.23232426618439, 34.056207487772994]]]}},{"type": "Feature", "properties": {"height": 2.907392978668213, "confidence": 0.9229000210762024}, "geometry": {"type": "Polygon", "coordinates": [[[-118.23532255048552, 34.0057792219125], [-118.23532108109228, 34.005845904657775], [-118.23538275132111, 34.0058468385332], [-118.23538338805818, 34.005817942683656], [-118.23547723405859, 34.00581936379889], [-118.23547806671478, 34.00578157690451], [-118.23532255048552, 34.0057792219125]]]}},{"type": "Feature", "properties": {"height": 10.273162841796875, "confidence": -1.0}, "geometry": {"type": "Polygon", "coordinates": [[[-118.23551922712377, 34.045171821909605], [-118.23497431507921, 34.0448594474576], [-118.23497070128235, 34.044844040957], [-118.23492814743655, 34.04481964662913], [-118.23483025942087, 34.04493688475408], [-118.23487518786857, 34.04496264030541], [-118.23483562093043, 34.04496901238225], [-118.23476294095889, 34.04505605930045], [-118.23476596066897, 34.045068933031786], [-118.23482978816584, 34.04510552253776], [-118.23477501821704, 34.045114342975886], [-118.23477903829382, 34.045131475323046], [-118.23482713950405, 34.04512372885497], [-118.23483953252122, 34.04510888607766], [-118.23485522657003, 34.04511788278512], [-118.23487109794696, 34.04518554611061], [-118.23479872982797, 34.04519720063863], [-118.2348461539055, 34.04539938002488], [-118.23486164842285, 34.045408262319285], [-118.23489504036493, 34.04555061928827], [-118.23519743571933, 34.04550192020278], [-118.23517061547501, 34.04538757973581], [-118.23528454688106, 34.0454528913601], [-118.23551922712377, 34.045171821909605]]]}},{"type": "Feature", "properties": {"height": 3.3520379066467285, "confidence": -1.0}, "geometry": {"type": "Polygon", "coordinates": [[[-118.23638891083958, 34.04320614124119], [-118.23637941093952, 34.04312915846056], [-118.23631570448148, 34.04313455994223], [-118.23632520438156, 34.04321154271795], [-118.23638891083958, 34.04320614124119]]]}},{"type": "Feature", "properties": {"height": 6.437896251678467, "confidence": -1.0}, "geometry": {"type": "Polygon", "coordinates": [[[-118.24035008713535, 34.04368179019701], [-118.24094892532182, 34.04402268660122], [-118.24103845501573, 34.04391470414029], [-118.24084414014952, 34.04380409916089], [-118.24098058702685, 34.0436395122734], [-118.24112454818508, 34.04372145584698], [-118.24121903137849, 34.04360748691239], [-118.24113820289084, 34.04356147410222], [-118.24114696585461, 34.043550904971966], [-118.2406920570515, 34.04329194092034], [-118.2406038156759, 34.04339838115657], [-118.2407605328861, 34.043487585802936], [-118.24062094785344, 34.0436559583385], [-118.2404514801268, 34.043559486359044], [-118.24035008713535, 34.04368179019701]]]}},{"type": "Feature", "properties": {"height": 6.846033096313477, "confidence": -1.0}, "geometry": {"type": "Polygon", "coordinates": [[[-118.24119573313858, 34.062805374576556], [-118.24143122573088, 34.062881031119865], [-118.24146967427187, 34.062798883668655], [-118.24123417612414, 34.062723238921514], [-118.24119573313858, 34.062805374576556]]]}},{"type": "Feature", "properties": {"height": 2.3907103538513184, "confidence": 0.9703999757766724}, "geometry": {"type": "Polygon", "coordinates": [[[-118.24148798214597, 34.006611571416464], [-118.24138441478509, 34.00660993099846], [-118.2413827423329, 34.00668222708963], [-118.24144441046151, 34.00668320743688], [-118.24144374203232, 34.00671210200794], [-118.2414856496664, 34.00671276821949], [-118.24148798214597, 34.006611571416464]]]}},{"type": "Feature", "properties": {"height": 5.3456549644470215, "confidence": -1.0}, "geometry": {"type": "Polygon", "coordinates": [[[-118.24248453244518, 34.061559859072695], [-118.24278163517464, 34.06157112513197], [-118.24278665829779, 34.06148021196071], [-118.24248955556833, 34.06146894588936], [-118.24248453244518, 34.061559859072695]]]}},{"type": "Feature", "properties": {"height": 3.4997944831848145, "confidence": 0.9696000218391418}, "geometry": {"type": "Polygon", "coordinates": [[[-118.24354875439734, 34.006417211500846], [-118.24342554974496, 34.006413337173036], [-118.2434094250234, 34.00676636335669], [-118.24353262967578, 34.00677023766837], [-118.24354875439734, 34.006417211500846]]]}},{"type": "Feature", "properties": {"height": 8.078526496887207, "confidence": -1.0}, "geometry": {"type": "Polygon", "coordinates": [[[-118.24366060024931, 34.032288141222594], [-118.24153765224955, 34.03043774418171], [-118.24123477939645, 34.030676396932655], [-118.24335772739622, 34.03252678876871], [-118.24366060024931, 34.032288141222594]]]}},{"type": "Feature", "properties": {"height": 3.6938202381134033, "confidence": 0.9986000061035156}, "geometry": {"type": "Polygon", "coordinates": [[[-118.24381239068799, 34.01504826371324], [-118.24390126637584, 34.01506573722965], [-118.24392717304882, 34.014975230518644], [-118.24383829736097, 34.01495775698359], [-118.24381239068799, 34.01504826371324]]]}},{"type": "Feature", "properties": {"height": 4.387068271636963, "confidence": -1.0}, "geometry": {"type": "Polygon", "coordinates": [[[-118.24445786394826, 34.068387577852484], [-118.24486151081922, 34.068575449459374], [-118.24494283705496, 34.0684555497275], [-118.24424766744383, 34.068131992354225], [-118.2441835228072, 34.0682265615321], [-118.24447504554736, 34.068362246881186], [-118.24445786394826, 34.068387577852484]]]}},{"type": "Feature", "properties": {"height": 3.6297004222869873, "confidence": 0.9509000182151794}, "geometry": {"type": "Polygon", "coordinates": [[[-118.24463580167053, 34.006588662632716], [-118.24452054190068, 34.00658622179051], [-118.24451554324096, 34.006748429792125], [-118.24463080301079, 34.00675087062965], [-118.24463580167053, 34.006588662632716]]]}},{"type": "Feature", "properties": {"height": 6.158105373382568, "confidence": -1.0}, "geometry": {"type": "Polygon", "coordinates": [[[-118.2446619735992, 34.068968277584894], [-118.24491016259883, 34.06909661345645], [-118.24498439949068, 34.06899808889937], [-118.24473620867848, 34.0688697663305], [-118.2446619735992, 34.068968277584894]]]}},{"type": "Feature", "properties": {"height": 2.0370371341705322, "confidence": 1.0}, "geometry": {"type": "Polygon", "coordinates": [[[-118.24473915170039, 34.00323165055449], [-118.24468574511533, 34.003228697482946], [-118.24468236104117, 34.00327075813607], [-118.24473576762621, 34.00327371120611], [-118.24473915170039, 34.00323165055449]]]}},{"type": "Feature", "properties": {"height": 3.120910406112671, "confidence": 0.9976000189781189}, "geometry": {"type": "Polygon", "coordinates": [[[-118.24476981037638, 33.999148060338804], [-118.24467059346614, 33.999146759266985], [-118.24466817580279, 33.99927347690869], [-118.24476739271303, 33.99927477797858], [-118.24476981037638, 33.999148060338804]]]}},{"type": "Feature", "properties": {"height": 3.9259259700775146, "confidence": 0.9876999855041504}, "geometry": {"type": "Polygon", "coordinates": [[[-118.24513552521655, 34.000714616596426], [-118.24513727285223, 34.00065461345894], [-118.24508902122238, 34.00065364756262], [-118.2450872735867, 34.000713650700796], [-118.24513552521655, 34.000714616596426]]]}},{"type": "Feature", "properties": {"height": 5.26173734664917, "confidence": -1.0}, "geometry": {"type": "Polygon", "coordinates": [[[-118.24531003534342, 34.0630416659326], [-118.24541289995537, 34.063093237626454], [-118.24560656055685, 34.06282814405722], [-118.24550371233678, 34.06277658042023], [-118.24531003534342, 34.0630416659326]]]}},{"type": "Feature", "properties": {"height": 12.099453926086426, "confidence": -1.0}, "geometry": {"type": "Polygon", "coordinates": [[[-118.24537430371153, 34.03756292271593], [-118.24562633324935, 34.03773800648704], [-118.24586534700848, 34.037501745630635], [-118.24561331747067, 34.03732666137188], [-118.24537430371153, 34.03756292271593]]]}},{"type": "Feature", "properties": {"height": 5.371894359588623, "confidence": -1.0}, "geometry": {"type": "Polygon", "coordinates": [[[-118.24539708015097, 34.03918054782549], [-118.24512440224629, 34.03900432797186], [-118.24503384475103, 34.03910054858428], [-118.24496463024738, 34.03905581424341], [-118.24503047574187, 34.0389858572772], [-118.2449662640199, 34.03894435997566], [-118.24490432635017, 34.03901017104715], [-118.24470753130076, 34.03888297934574], [-118.24456915428358, 34.039030010095196], [-118.2451720462614, 34.03941963231406], [-118.24539708015097, 34.03918054782549]]]}},{"type": "Feature", "properties": {"height": 3.4245667457580566, "confidence": 0.9836999773979187}, "geometry": {"type": "Polygon", "coordinates": [[[-118.24578681704986, 34.01045330303064], [-118.24570324388431, 34.010428977611454], [-118.24565042222777, 34.01055367573597], [-118.2457339953933, 34.010578001119406], [-118.24578681704986, 34.01045330303064]]]}},{"type": "Feature", "properties": {"height": 6.609374046325684, "confidence": -1.0}, "geometry": {"type": "Polygon", "coordinates": [[[-118.24584713694962, 34.03618689113998], [-118.24556797630937, 34.03604910620609], [-118.24560260174279, 34.03600093062037], [-118.24526405563874, 34.035833814854186], [-118.24492636139601, 34.036303660512594], [-118.24519364286007, 34.0364355818665], [-118.24504977856493, 34.03663574412532], [-118.24506561746648, 34.03664356166214], [-118.2450868433461, 34.036614029558024], [-118.24510862183577, 34.03662477867371], [-118.2449706536183, 34.03681673714242], [-118.2450359890873, 34.03684898440839], [-118.24494047262904, 34.03698187842787], [-118.2451415486141, 34.03708112215696], [-118.24529721856561, 34.03686456093539], [-118.24518720276357, 34.03681026104754], [-118.24521240647907, 34.03677519454735], [-118.2453450531982, 34.036840671967155], [-118.24550499040308, 34.03661814754544], [-118.24548321191342, 34.0366073984289], [-118.24551976759498, 34.03655653755484], [-118.24556530443701, 34.03657901299225], [-118.24584713694962, 34.03618689113998]]]}},{"type": "Feature", "properties": {"height": 2.673776626586914, "confidence": -1.0}, "geometry": {"type": "Polygon", "coordinates": [[[-118.24593945885573, 34.06418622894302], [-118.24581309357885, 34.064250732228075], [-118.24588017635327, 34.064340919970284], [-118.24600654163015, 34.064276416753884], [-118.24593945885573, 34.06418622894302]]]}},{"type": "Feature", "properties": {"height": 3.4448564052581787, "confidence": 0.9976999759674072}, "geometry": {"type": "Polygon", "coordinates": [[[-118.24603408412908, 34.003644538993775], [-118.24603210576002, 34.003781576002794], [-118.24612596963095, 34.00378250727791], [-118.2461279479214, 34.003645475715686], [-118.24603408412908, 34.003644538993775]]]}},{"type": "Feature", "properties": {"height": 2.9514448642730713, "confidence": -1.0}, "geometry": {"type": "Polygon", "coordinates": [[[-118.24626032544744, 34.06733510868086], [-118.24621332214302, 34.06742928942845], [-118.2465775412998, 34.06755402405329], [-118.24662453560407, 34.06745986147796], [-118.24626032544744, 34.06733510868086]]]}},{"type": "Feature", "properties": {"height": 3.201714515686035, "confidence": -1.0}, "geometry": {"type": "Polygon", "coordinates": [[[-118.24679313333225, 34.0201064039911], [-118.24686700294342, 34.020145900183955], [-118.24692978091974, 34.0200652309991], [-118.24682470229337, 34.020009054180214], [-118.24673748655398, 34.020121113584494], [-118.24676869890149, 34.02013780202822], [-118.24679313333225, 34.0201064039911]]]}},{"type": "Feature", "properties": {"height": 12.995686531066895, "confidence": -1.0}, "geometry": {"type": "Polygon", "coordinates": [[[-118.24829401730922, 34.05770425899344], [-118.24765618683874, 34.05738519829934], [-118.24742161562105, 34.05770709489922], [-118.24743544158387, 34.057597768722516], [-118.24724138025522, 34.0577419349501], [-118.24729146980275, 34.05782505863538], [-118.24723510863744, 34.05784836952977], [-118.24727722312981, 34.05785202514141], [-118.24727996879743, 34.05783031434425], [-118.24733667469744, 34.057858680125875], [-118.24728222842451, 34.05789912446282], [-118.24733589450247, 34.05790378276948], [-118.24714988787747, 34.05815900426505], [-118.24715885728466, 34.05808808077424], [-118.24711595146805, 34.058048439492545], [-118.24696245862633, 34.05816246720937], [-118.24692986657054, 34.05815963817226], [-118.24694212986924, 34.05806266899027], [-118.24689045111212, 34.05803682097681], [-118.24676385695771, 34.058130858713106], [-118.24686638628994, 34.05822559426288], [-118.24687655698162, 34.0582424700866], [-118.24685948969956, 34.0582495300447], [-118.24684609189526, 34.05835546982662], [-118.24755937331862, 34.058712269040015], [-118.24829401730922, 34.05770425899344]]]}},{"type": "Feature", "properties": {"height": 4.5554962158203125, "confidence": -1.0}, "geometry": {"type": "Polygon", "coordinates": [[[-118.24853402144633, 34.01761151149016], [-118.2484964528221, 34.01758950821197], [-118.248389003712, 34.01771554834537], [-118.2484738097269, 34.01776521764526], [-118.24855271918125, 34.017672646049434], [-118.24850548544619, 34.01764498484599], [-118.24853402144633, 34.01761151149016]]]}},{"type": "Feature", "properties": {"height": 5.199528217315674, "confidence": 0.9735999703407288}, "geometry": {"type": "Polygon", "coordinates": [[[-118.24900408444853, 34.0081183533596], [-118.24890773552329, 34.00811461927112], [-118.24890035305813, 34.00824551599298], [-118.24899670198337, 34.00824925007571], [-118.24900408444853, 34.0081183533596]]]}},{"type": "Feature", "properties": {"height": 5.267792701721191, "confidence": -1.0}, "geometry": {"type": "Polygon", "coordinates": [[[-118.2490432546889, 34.022787820135306], [-118.24894541725354, 34.02273324044956], [-118.24885277970162, 34.02284732365111], [-118.24895062030882, 34.0229018993574], [-118.2490432546889, 34.022787820135306]]]}},{"type": "Feature", "properties": {"height": 3.9676144123077393, "confidence": 0.940500020980835}, "geometry": {"type": "Polygon", "coordinates": [[[-118.24906096934798, 34.008461368861646], [-118.24879227811448, 34.008446840088205], [-118.24877381100193, 34.00868152487938], [-118.24904248250496, 34.0086960525458], [-118.24906096934798, 34.008461368861646]]]}},{"type": "Feature", "properties": {"height": 2.2926077842712402, "confidence": 1.0}, "geometry": {"type": "Polygon", "coordinates": [[[-118.24964183338363, 34.01580502254679], [-118.24957480897953, 34.01589535772984], [-118.2496215165192, 34.01591916716192], [-118.24968854092329, 34.0158288320042], [-118.24964183338363, 34.01580502254679]]]}},{"type": "Feature", "properties": {"height": 5.375138759613037, "confidence": -1.0}, "geometry": {"type": "Polygon", "coordinates": [[[-118.24964260728933, 34.03778309835071], [-118.24928971330928, 34.037545455942514], [-118.24921094416861, 34.03762577201001], [-118.24911798765646, 34.0375631740944], [-118.24903726200216, 34.0376454921699], [-118.24903423709821, 34.03779227472159], [-118.24886621413103, 34.03796359685805], [-118.24896610219405, 34.038030868028486], [-118.24890568301738, 34.03803001301526], [-118.24884913178884, 34.03808767451711], [-118.24913128927338, 34.03827769745032], [-118.24915721386793, 34.03827806431738], [-118.24964260728933, 34.03778309835071]]]}},{"type": "Feature", "properties": {"height": 4.943546772003174, "confidence": -1.0}, "geometry": {"type": "Polygon", "coordinates": [[[-118.2496746968933, 34.06823415930229], [-118.24977006332898, 34.06823319172187], [-118.24976849554514, 34.068127760280746], [-118.24967313809768, 34.068128733299694], [-118.2496746968933, 34.06823415930229]]]}},{"type": "Feature", "properties": {"height": -1.0, "confidence": -1.0}, "geometry": {"type": "Polygon", "coordinates": [[[-118.24983677741413, 34.019526747367664], [-118.24976486617221, 34.01948338804253], [-118.24968192324829, 34.01957788125459], [-118.2497538344902, 34.01962124053143], [-118.24983677741413, 34.019526747367664]]]}},{"type": "Feature", "properties": {"height": 3.8976190090179443, "confidence": 1.0}, "geometry": {"type": "Polygon", "coordinates": [[[-118.25047841996182, 34.000979111922135], [-118.2505910453056, 34.00098056918787], [-118.25059313792508, 34.0008694148726], [-118.25048051258132, 34.00086795760495], [-118.25047841996182, 34.000979111922135]]]}},{"type": "Feature", "properties": {"height": 3.467686176300049, "confidence": 0.9760000109672546}, "geometry": {"type": "Polygon", "coordinates": [[[-118.25075401540366, 34.01307806610117], [-118.25065477079777, 34.01305687230885], [-118.25059612870919, 34.013245601905155], [-118.2507104518911, 34.01327000905652], [-118.25072374667516, 34.013227233726155], [-118.25070865508872, 34.013224010907656], [-118.25075401540366, 34.01307806610117]]]}},{"type": "Feature", "properties": {"height": 3.919301986694336, "confidence": 0.9782000184059143}, "geometry": {"type": "Polygon", "coordinates": [[[-118.25082332048828, 34.012593567370764], [-118.25078643712838, 34.012690662062624], [-118.25083768360155, 34.01270403482945], [-118.25087456696146, 34.012606940152885], [-118.25082332048828, 34.012593567370764]]]}},{"type": "Feature", "properties": {"height": 4.705349922180176, "confidence": 0.9900000095367432}, "geometry": {"type": "Polygon", "coordinates": [[[-118.25132201432127, 33.99497281671552], [-118.25120132219982, 33.99497203934087], [-118.25119964496575, 33.99515103462886], [-118.25132033702158, 33.99515181900481], [-118.25132201432127, 33.99497281671552]]]}},{"type": "Feature", "properties": {"height": 4.110899925231934, "confidence": -1.0}, "geometry": {"type": "Polygon", "coordinates": [[[-118.25143922004987, 34.05443412694628], [-118.25137472570565, 34.054420592688885], [-118.2513686627474, 34.05444043001345], [-118.25143315659126, 34.05445396042291], [-118.25143922004987, 34.05443412694628]]]}},{"type": "Feature", "properties": {"height": 4.6743035316467285, "confidence": 1.0}, "geometry": {"type": "Polygon", "coordinates": [[[-118.25166156211102, 34.000103859760195], [-118.25175275639157, 34.000104087290005], [-118.25175352323959, 33.999892842254646], [-118.25166232895904, 33.99989261472428], [-118.25166156211102, 34.000103859760195]]]}},{"type": "Feature", "properties": {"height": 2.628157377243042, "confidence": 0.9958999752998352}, "geometry": {"type": "Polygon", "coordinates": [[[-118.25191776422348, 33.99607775004712], [-118.25203305525079, 33.99607588357057], [-118.25203033278044, 33.995960292318685], [-118.25188667920784, 33.99596261796705], [-118.25188756605732, 33.99600040748269], [-118.25191593179152, 33.99599994826199], [-118.25191776422348, 33.99607775004712]]]}},{"type": "Feature", "properties": {"height": 5.136668682098389, "confidence": 0.9957000017166138}, "geometry": {"type": "Polygon", "coordinates": [[[-118.25198753331657, 34.0085651237947], [-118.25198720752483, 34.008580683100334], [-118.25204511990786, 34.00858151636318], [-118.25204722272588, 34.00848149232816], [-118.25184718763775, 34.00847861415265], [-118.25184541905399, 34.008563079006514], [-118.25198753331657, 34.0085651237947]]]}},{"type": "Feature", "properties": {"height": 4.750020980834961, "confidence": -1.0}, "geometry": {"type": "Polygon", "coordinates": [[[-118.25221040290539, 34.01849460728939], [-118.2521548157943, 34.018593111196296], [-118.25226485573026, 34.018635765648526], [-118.25232044284138, 34.01853726179113], [-118.25221040290539, 34.01849460728939]]]}},{"type": "Feature", "properties": {"height": 2.8983051776885986, "confidence": 0.9919000267982483}, "geometry": {"type": "Polygon", "coordinates": [[[-118.25241748772655, 33.99528019555633], [-118.25261597105364, 33.995280057348644], [-118.25261570748849, 33.99501987538852], [-118.2525808387959, 33.99501989966832], [-118.25258077452135, 33.994956450053536], [-118.25250835493328, 33.99495650468312], [-118.25250862645137, 33.99522453768656], [-118.25241743140919, 33.99522460118744], [-118.25241748772655, 33.99528019555633]]]}},{"type": "Feature", "properties": {"height": 5.9237213134765625, "confidence": -1.0}, "geometry": {"type": "Polygon", "coordinates": [[[-118.25269450653539, 34.02621341999786], [-118.25278422680908, 34.026248746530904], [-118.25284452511612, 34.02614355641313], [-118.2527548048424, 34.026108229836304], [-118.25269450653539, 34.02621341999786]]]}},{"type": "Feature", "properties": {"height": 3.3337392807006836, "confidence": 0.9804999828338623}, "geometry": {"type": "Polygon", "coordinates": [[[-118.25286976793703, 34.01343090754957], [-118.252871727597, 34.01354871999245], [-118.25295486027267, 34.013547769887744], [-118.25295290061271, 34.013429957443535], [-118.25286976793703, 34.01343090754957]]]}},{"type": "Feature", "properties": {"height": 2.757495641708374, "confidence": 0.9937999844551086}, "geometry": {"type": "Polygon", "coordinates": [[[-118.25319598438908, 34.01167878906036], [-118.25319478853422, 34.01161877506278], [-118.2530821664815, 34.01162031704297], [-118.25308336233635, 34.011680331039464], [-118.25319598438908, 34.01167878906036]]]}},{"type": "Feature", "properties": {"height": 6.413115501403809, "confidence": -1.0}, "geometry": {"type": "Polygon", "coordinates": [[[-118.25325007283028, 34.03920639251371], [-118.25291036563426, 34.0394408441574], [-118.25340366631181, 34.039931647317914], [-118.25376632665841, 34.039681355798386], [-118.2535268555713, 34.039443096773766], [-118.25348884880812, 34.0394693296092], [-118.25344664271613, 34.03942733708337], [-118.25346170761797, 34.03941693905899], [-118.25325007283028, 34.03920639251371]]]}},{"type": "Feature", "properties": {"height": 3.5553784370422363, "confidence": 1.0}, "geometry": {"type": "Polygon", "coordinates": [[[-118.25375519561233, 34.01237063226158], [-118.25386916086072, 34.01236803387054], [-118.2538669909766, 34.012302641577776], [-118.25375303102669, 34.01230523323862], [-118.25375519561233, 34.01237063226158]]]}},{"type": "Feature", "properties": {"height": 4.447490692138672, "confidence": 0.9986000061035156}, "geometry": {"type": "Polygon", "coordinates": [[[-118.25396860288882, 34.004716880568076], [-118.25408650520423, 34.0047138296127], [-118.25408240666444, 34.00460498269712], [-118.25396450434903, 34.00460803365641], [-118.25396860288882, 34.004716880568076]]]}},{"type": "Feature", "properties": {"height": 2.824188232421875, "confidence": 0.9976999759674072}, "geometry": {"type": "Polygon", "coordinates": [[[-118.25401922952838, 34.01067389233829], [-118.25408753250441, 34.010674494664016], [-118.25408852451736, 34.01059668533612], [-118.25402022811019, 34.010596083067796], [-118.25401922952838, 34.01067389233829]]]}},{"type": "Feature", "properties": {"height": 5.681218147277832, "confidence": -1.0}, "geometry": {"type": "Polygon", "coordinates": [[[-118.25474476609408, 34.025614115384734], [-118.25484027722877, 34.02564765023294], [-118.25492177399435, 34.02548821490097], [-118.25482626045857, 34.02545468468709], [-118.25474476609408, 34.025614115384734]]]}},{"type": "Feature", "properties": {"height": 4.6303486824035645, "confidence": -1.0}, "geometry": {"type": "Polygon", "coordinates": [[[-118.25500072770011, 34.0240635314741], [-118.25504290511829, 34.02408089241431], [-118.2550567945303, 34.02405771024883], [-118.25509637682904, 34.02407400299509], [-118.255169037352, 34.02395274573826], [-118.2550872792054, 34.023919092645336], [-118.25500072770011, 34.0240635314741]]]}},{"type": "Feature", "properties": {"height": 5.098455429077148, "confidence": 0.9986000061035156}, "geometry": {"type": "Polygon", "coordinates": [[[-118.25513290012199, 33.99418028928006], [-118.25523213338596, 33.99418104936779], [-118.25523352092773, 33.99405652686007], [-118.25513428766376, 33.994055766771226], [-118.25513290012199, 33.99418028928006]]]}},{"type": "Feature", "properties": {"height": 4.445494174957275, "confidence": -1.0}, "geometry": {"type": "Polygon", "coordinates": [[[-118.25528235667593, 34.021195896401956], [-118.25521596806337, 34.02132872211525], [-118.25529957112302, 34.02135742269967], [-118.25536595016186, 34.02122459374467], [-118.25528235667593, 34.021195896401956]]]}},{"type": "Feature", "properties": {"height": 4.389468669891357, "confidence": 0.9980999827384949}, "geometry": {"type": "Polygon", "coordinates": [[[-118.25536852857934, 33.99405933843175], [-118.255269339757, 33.99405743906068], [-118.25526581054, 33.994184128418375], [-118.25536499936234, 33.99418602778662], [-118.25536852857934, 33.99405933843175]]]}},{"type": "Feature", "properties": {"height": 3.0532100200653076, "confidence": -1.0}, "geometry": {"type": "Polygon", "coordinates": [[[-118.25641129042374, 34.08057474578493], [-118.25632696677286, 34.08054439560064], [-118.25627303559284, 34.08064716913479], [-118.25635736654877, 34.08067752191148], [-118.25641129042374, 34.08057474578493]]]}},{"type": "Feature", "properties": {"height": 4.13751745223999, "confidence": -1.0}, "geometry": {"type": "Polygon", "coordinates": [[[-118.2567899232318, 34.0699507357447], [-118.25685600488713, 34.06997273019278], [-118.25691353572593, 34.06985412576621], [-118.25686272965712, 34.06983721558187], [-118.25684881090581, 34.06986591022216], [-118.25683354185975, 34.06986082810626], [-118.2567899232318, 34.0699507357447]]]}},{"type": "Feature", "properties": {"height": 4.133194446563721, "confidence": -1.0}, "geometry": {"type": "Polygon", "coordinates": [[[-118.25702955956606, 34.06752438421877], [-118.25699832685962, 34.06759135268536], [-118.25706601048343, 34.067613009805235], [-118.25709724159742, 34.067546044770204], [-118.25702955956606, 34.06752438421877]]]}},{"type": "Feature", "properties": {"height": 29.179567337036133, "confidence": -1.0}, "geometry": {"type": "Polygon", "coordinates": [[[-118.25715942543094, 34.05650829099299], [-118.25784589062218, 34.05664860170791], [-118.2578700828927, 34.05664085976649], [-118.25793385921722, 34.05656348503776], [-118.25797695152846, 34.05641877548778], [-118.25797659951844, 34.05641802034301], [-118.25795413841735, 34.05640531280556], [-118.25795062607972, 34.05641710770031], [-118.2578360509129, 34.05617136103158], [-118.25782873296647, 34.05619593573049], [-118.2576870142528, 34.05589196929881], [-118.25763706753895, 34.05586371139059], [-118.25761019096007, 34.05585821787983], [-118.25753390861534, 34.05588262533797], [-118.25745873334931, 34.05586725968943], [-118.25745463371278, 34.0558649402742], [-118.25739391115208, 34.05588437271144], [-118.25701052597957, 34.05634950603094], [-118.25702569733191, 34.05629855856874], [-118.25693331175843, 34.056410642945146], [-118.25692984447613, 34.05642228653747], [-118.25695799424867, 34.056482674436204], [-118.25712976335477, 34.05651778338073], [-118.25715942543094, 34.05650829099299]]]}},{"type": "Feature", "properties": {"height": 5.759167671203613, "confidence": -1.0}, "geometry": {"type": "Polygon", "coordinates": [[[-118.2572280610878, 34.06988550498232], [-118.25711140402748, 34.06985440074787], [-118.25707747470743, 34.06994169891841], [-118.257194129386, 34.06997280924887], [-118.2572280610878, 34.06988550498232]]]}},{"type": "Feature", "properties": {"height": 4.898553848266602, "confidence": -1.0}, "geometry": {"type": "Polygon", "coordinates": [[[-118.25766195503874, 34.0661934010455], [-118.25750124270631, 34.066133618054884], [-118.25746315426345, 34.06620388252838], [-118.25762386659589, 34.06626366546941], [-118.25766195503874, 34.0661934010455]]]}},{"type": "Feature", "properties": {"height": 4.247466087341309, "confidence": -1.0}, "geometry": {"type": "Polygon", "coordinates": [[[-118.25807226241356, 34.08086382675313], [-118.25804960093598, 34.080929556125604], [-118.25814880044328, 34.08095301774537], [-118.25817146192087, 34.08088728839108], [-118.25807226241356, 34.08086382675313]]]}},{"type": "Feature", "properties": {"height": 3.308563709259033, "confidence": 0.9664999842643738}, "geometry": {"type": "Polygon", "coordinates": [[[-118.2581635968851, 34.003465398562405], [-118.25807905906161, 34.003464162510625], [-118.25807454850964, 34.003675334627516], [-118.25815910415584, 34.0036765709368], [-118.2581635968851, 34.003465398562405]]]}},{"type": "Feature", "properties": {"height": 5.7315754890441895, "confidence": -1.0}, "geometry": {"type": "Polygon", "coordinates": [[[-118.258759490411, 34.02128284417033], [-118.25865707446837, 34.02124326504318], [-118.258607350871, 34.02133165332427], [-118.2587097579375, 34.02137123492047], [-118.258759490411, 34.02128284417033]]]}},{"type": "Feature", "properties": {"height": 4.317598819732666, "confidence": -1.0}, "geometry": {"type": "Polygon", "coordinates": [[[-118.25898052715674, 34.02386287742032], [-118.2588836994113, 34.023833311153645], [-118.25882801413537, 34.02395858139758], [-118.25892484188078, 34.02398814762061], [-118.25898052715674, 34.02386287742032]]]}},{"type": "Feature", "properties": {"height": 3.8162124156951904, "confidence": 0.9671000242233276}, "geometry": {"type": "Polygon", "coordinates": [[[-118.25912360635435, 34.00034481757634], [-118.25905123471979, 34.00034327226064], [-118.25904757576649, 34.00046104713361], [-118.25911994740108, 34.000462592447164], [-118.25912360635435, 34.00034481757634]]]}},{"type": "Feature", "properties": {"height": 6.5062031745910645, "confidence": -1.0}, "geometry": {"type": "Polygon", "coordinates": [[[-118.25966790810234, 34.02661342555092], [-118.25979361104588, 34.026649875349165], [-118.25983542290466, 34.026550851670024], [-118.25970971251076, 34.02651439966889], [-118.25966790810234, 34.02661342555092]]]}},{"type": "Feature", "properties": {"height": 4.600742340087891, "confidence": 0.98580002784729}, "geometry": {"type": "Polygon", "coordinates": [[[-118.25967222693892, 33.997736045428624], [-118.25953279578789, 33.997738092319416], [-118.25953550211572, 33.99786480403708], [-118.25967493326674, 33.99786275714933], [-118.25967222693892, 33.997736045428624]]]}},{"type": "Feature", "properties": {"height": 4.12456750869751, "confidence": -1.0}, "geometry": {"type": "Polygon", "coordinates": [[[-118.25979272039645, 34.08016565867474], [-118.2597365537346, 34.08026915935897], [-118.25987490508929, 34.080320655859154], [-118.25993107175114, 34.08021715523783], [-118.25979272039645, 34.08016565867474]]]}},{"type": "Feature", "properties": {"height": 3.958575487136841, "confidence": 0.9747999906539917}, "geometry": {"type": "Polygon", "coordinates": [[[-118.26009118777961, 34.005866778294426], [-118.26008720596724, 34.006080182822586], [-118.26020251336824, 34.00608166132194], [-118.26020649518063, 34.00586825679749], [-118.26009118777961, 34.005866778294426]]]}},{"type": "Feature", "properties": {"height": 3.846912145614624, "confidence": 0.9861000180244446}, "geometry": {"type": "Polygon", "coordinates": [[[-118.26036757144568, 33.99410498032343], [-118.26039974501774, 33.9941044445094], [-118.26040116451075, 33.99416323984473], [-118.26047891741877, 33.99416194947168], [-118.26047397998751, 33.993957441118575], [-118.2603640534624, 33.993959265443486], [-118.26036757144568, 33.99410498032343]]]}},{"type": "Feature", "properties": {"height": 3.556375026702881, "confidence": 0.9988999962806702}, "geometry": {"type": "Polygon", "coordinates": [[[-118.2606256868023, 33.99360264047262], [-118.26062387189833, 33.9936581951853], [-118.2607257211209, 33.99366048238387], [-118.26072753602489, 33.99360492767269], [-118.2606256868023, 33.99360264047262]]]}},{"type": "Feature", "properties": {"height": 4.341339111328125, "confidence": -1.0}, "geometry": {"type": "Polygon", "coordinates": [[[-118.26123312295947, 34.06476345628495], [-118.26147985043428, 34.064765916750034], [-118.2614810449405, 34.064683716279596], [-118.2612343174657, 34.0646812558121], [-118.26123312295947, 34.06476345628495]]]}},{"type": "Feature", "properties": {"height": 3.503767967224121, "confidence": 0.9887999892234802}, "geometry": {"type": "Polygon", "coordinates": [[[-118.26143547464915, 34.00849202518495], [-118.26153897276679, 34.00849040391413], [-118.26153548964979, 34.00833704168383], [-118.26143197858838, 34.00833866316035], [-118.26143547464915, 34.00849202518495]]]}},{"type": "Feature", "properties": {"height": 4.221508979797363, "confidence": 0.9944000244140625}, "geometry": {"type": "Polygon", "coordinates": [[[-118.26150471657702, 34.012904873166164], [-118.26148689356792, 34.0129693467556], [-118.2615964748096, 34.012990160551254], [-118.26161429614898, 34.01292569301767], [-118.26150471657702, 34.012904873166164]]]}},{"type": "Feature", "properties": {"height": 2.7439024448394775, "confidence": 0.9976000189781189}, "geometry": {"type": "Polygon", "coordinates": [[[-118.26170219598588, 33.99529511545594], [-118.26159228912496, 33.99529292159005], [-118.26159099832796, 33.995337371317916], [-118.26170090518887, 33.99533956518266], [-118.26170219598588, 33.99529511545594]]]}},{"type": "Feature", "properties": {"height": 2.8235878944396973, "confidence": 0.9807000160217285}, "geometry": {"type": "Polygon", "coordinates": [[[-118.26181955709916, 33.994613708242845], [-118.2618193569864, 33.99467152636619], [-118.26173765144286, 33.994671331980015], [-118.26173751992079, 33.99471028233771], [-118.26177898938069, 33.99471037859156], [-118.26177835825565, 33.99489272775294], [-118.26188978890455, 33.99489298639165], [-118.26189036709177, 33.99472175605976], [-118.26185941652147, 33.99472168422108], [-118.26185960893764, 33.9946660898941], [-118.26191861706192, 33.99466622685666], [-118.26191879801553, 33.994613944347726], [-118.26181955709916, 33.994613708242845]]]}},{"type": "Feature", "properties": {"height": 4.749682426452637, "confidence": 0.9395999908447266}, "geometry": {"type": "Polygon", "coordinates": [[[-118.261882982587, 34.01219422723447], [-118.26169955694834, 34.01217495558215], [-118.26169186547257, 34.012225284126295], [-118.26187528692897, 34.01224455532778], [-118.261882982587, 34.01219422723447]]]}},{"type": "Feature", "properties": {"height": 4.2056756019592285, "confidence": -1.0}, "geometry": {"type": "Polygon", "coordinates": [[[-118.26224876871606, 34.027851208639056], [-118.26236250884156, 34.027888378484356], [-118.26245039314908, 34.027703698051866], [-118.26233665302358, 34.027666528125685], [-118.26224876871606, 34.027851208639056]]]}},{"type": "Feature", "properties": {"height": 5.381986141204834, "confidence": 0.9697999954223633}, "geometry": {"type": "Polygon", "coordinates": [[[-118.26229675827078, 34.014278642273986], [-118.26219864438775, 34.014244570322106], [-118.26213364096995, 34.014373179498776], [-118.26223175485296, 34.01440725139905], [-118.26229675827078, 34.014278642273986]]]}},{"type": "Feature", "properties": {"height": 4.070494651794434, "confidence": 0.982699990272522}, "geometry": {"type": "Polygon", "coordinates": [[[-118.26236696951717, 33.99687219204068], [-118.26245816249693, 33.99687255715534], [-118.2624589785167, 33.99673246507022], [-118.26236778553697, 33.99673209995496], [-118.26236696951717, 33.99687219204068]]]}},{"type": "Feature", "properties": {"height": -1.0, "confidence": -1.0}, "geometry": {"type": "Polygon", "coordinates": [[[-118.26243565347963, 34.06726039459412], [-118.26238171303618, 34.06725099698304], [-118.26235848370486, 34.06734249114504], [-118.26241242414834, 34.06735188874598], [-118.26243565347963, 34.06726039459412]]]}},{"type": "Feature", "properties": {"height": 5.014031887054443, "confidence": -1.0}, "geometry": {"type": "Polygon", "coordinates": [[[-118.26269910938493, 34.06840810070443], [-118.26295982630809, 34.06844474060749], [-118.26299367097674, 34.06827948608944], [-118.26291545499704, 34.06826849850657], [-118.26292495797423, 34.06822209793166], [-118.26274245612801, 34.06819644993379], [-118.26269910938493, 34.06840810070443]]]}},{"type": "Feature", "properties": {"height": 4.325560092926025, "confidence": 0.9937000274658203}, "geometry": {"type": "Polygon", "coordinates": [[[-118.2627687412042, 34.005460412735836], [-118.26266951199175, 34.00545949157728], [-118.26266771364388, 34.005591793218926], [-118.26276694277806, 34.005592720132526], [-118.2627687412042, 34.005460412735836]]]}},{"type": "Feature", "properties": {"height": 3.243147611618042, "confidence": 0.9995999932289124}, "geometry": {"type": "Polygon", "coordinates": [[[-118.26286184593775, 34.00404025937777], [-118.26275726595128, 34.00403888805673], [-118.26275480587279, 34.00416782138707], [-118.26285938585926, 34.00416919270601], [-118.26286184593775, 34.00404025937777]]]}},{"type": "Feature", "properties": {"height": 4.135121822357178, "confidence": 0.9794999957084656}, "geometry": {"type": "Polygon", "coordinates": [[[-118.26302299520886, 34.01226512483139], [-118.26311149006641, 34.012264077490016], [-118.26310880990555, 34.01210847590048], [-118.26304713167151, 34.012109205867006], [-118.2630481271598, 34.012167000775925], [-118.26302131053632, 34.012167318152436], [-118.26302299520886, 34.01226512483139]]]}},{"type": "Feature", "properties": {"height": 2.456989288330078, "confidence": 0.9988999962806702}, "geometry": {"type": "Polygon", "coordinates": [[[-118.26303242737353, 34.01327842622727], [-118.26311430319981, 34.01327650249073], [-118.26311198774528, 34.01320879150023], [-118.2630301174697, 34.01321071035821], [-118.26303242737353, 34.01327842622727]]]}},{"type": "Feature", "properties": {"height": 5.227065563201904, "confidence": -1.0}, "geometry": {"type": "Polygon", "coordinates": [[[-118.26320606163696, 34.017377172655074], [-118.26312313298527, 34.017507720585265], [-118.26321343390553, 34.01754712967177], [-118.26329636255721, 34.01741658180219], [-118.26320606163696, 34.017377172655074]]]}},{"type": "Feature", "properties": {"height": 3.778562068939209, "confidence": 1.0}, "geometry": {"type": "Polygon", "coordinates": [[[-118.26342453613854, 34.01060134855374], [-118.26352769693018, 34.01060228819675], [-118.26353117429618, 34.010339961277865], [-118.26342803565066, 34.01033902183369], [-118.26342453613854, 34.01060134855374]]]}},{"type": "Feature", "properties": {"height": 5.035911560058594, "confidence": 0.9520000219345093}, "geometry": {"type": "Polygon", "coordinates": [[[-118.26352645091448, 33.99389385864477], [-118.26353173143148, 33.99404717650893], [-118.26364429242648, 33.9940445116066], [-118.26363901190945, 33.99389119373764], [-118.26352645091448, 33.99389385864477]]]}},{"type": "Feature", "properties": {"height": 6.209704875946045, "confidence": -1.0}, "geometry": {"type": "Polygon", "coordinates": [[[-118.26404252239136, 34.06470090416609], [-118.26397620473449, 34.06482279118359], [-118.26406983582949, 34.064857751618696], [-118.26416026899794, 34.06469154207448], [-118.2641535810626, 34.064689044896134], [-118.26412946555101, 34.064733367474425], [-118.26404252239136, 34.06470090416609]]]}},{"type": "Feature", "properties": {"height": 4.064420700073242, "confidence": 0.988099992275238}, "geometry": {"type": "Polygon", "coordinates": [[[-118.26420054371448, 34.0004369294065], [-118.26420318275962, 34.000543619070044], [-118.26431963751818, 34.000541632496876], [-118.26431505860134, 34.000357148463785], [-118.26426832743107, 34.000357945641085], [-118.26427025173483, 34.00043574027299], [-118.26420054371448, 34.0004369294065]]]}},{"type": "Feature", "properties": {"height": 3.0644330978393555, "confidence": 0.984499990940094}, "geometry": {"type": "Polygon", "coordinates": [[[-118.26423792869437, 34.0062986155963], [-118.26429156156313, 34.00629925972393], [-118.26429232081367, 34.006256024736395], [-118.26423868799955, 34.006255377497354], [-118.26423792869437, 34.0062986155963]]]}},{"type": "Feature", "properties": {"height": -1.0, "confidence": -1.0}, "geometry": {"type": "Polygon", "coordinates": [[[-118.26437531849315, 34.02119065185735], [-118.26425504377697, 34.021149424753816], [-118.26421378579346, 34.021232096628786], [-118.26433406349814, 34.02127333169369], [-118.26437531849315, 34.02119065185735]]]}},{"type": "Feature", "properties": {"height": 3.1413397789001465, "confidence": 0.9878000020980835}, "geometry": {"type": "Polygon", "coordinates": [[[-118.26446561035289, 33.99914339946252], [-118.26454232633552, 33.99914435205416], [-118.26454405338981, 33.9990487554441], [-118.26446732933864, 33.999047802751186], [-118.26446561035289, 33.99914339946252]]]}},{"type": "Feature", "properties": {"height": -1.0, "confidence": -1.0}, "geometry": {"type": "Polygon", "coordinates": [[[-118.26463866579168, 34.02162270251145], [-118.26454951202643, 34.02158937618199], [-118.26448774723819, 34.02170288258606], [-118.26457690334199, 34.02173620457331], [-118.26463866579168, 34.02162270251145]]]}},{"type": "Feature", "properties": {"height": 3.5444445610046387, "confidence": 0.9829000234603882}, "geometry": {"type": "Polygon", "coordinates": [[[-118.26467607495884, 33.9964764273645], [-118.26475652180827, 33.99647746365806], [-118.26475814673552, 33.99639075851961], [-118.26467769988611, 33.996389722224976], [-118.26467607495884, 33.9964764273645]]]}},{"type": "Feature", "properties": {"height": 5.591318607330322, "confidence": 0.9908999800682068}, "geometry": {"type": "Polygon", "coordinates": [[[-118.26470404148802, 34.00827372434391], [-118.2647021221656, 34.00843726889016], [-118.26479062662652, 34.00843798776426], [-118.26479254600922, 34.008274438085024], [-118.26470404148802, 34.00827372434391]]]}},{"type": "Feature", "properties": {"height": 4.327632904052734, "confidence": -1.0}, "geometry": {"type": "Polygon", "coordinates": [[[-118.26518746008655, 34.02458810620061], [-118.26511921683836, 34.024739412360944], [-118.26525335858196, 34.02478097112726], [-118.26532160490945, 34.02462965821376], [-118.26518746008655, 34.02458810620061]]]}},{"type": "Feature", "properties": {"height": 4.052410125732422, "confidence": 0.9825999736785889}, "geometry": {"type": "Polygon", "coordinates": [[[-118.26564183362461, 34.00547119558807], [-118.26578016068693, 34.00547339462493], [-118.26578246603889, 34.00537337332088], [-118.26567095964778, 34.00537160066013], [-118.26567001290405, 34.005412526722296], [-118.26564320063827, 34.005412102033034], [-118.26564183362461, 34.00547119558807]]]}},{"type": "Feature", "properties": {"height": 3.0089759826660156, "confidence": -1.0}, "geometry": {"type": "Polygon", "coordinates": [[[-118.26575266216635, 34.017294306362416], [-118.26569866249505, 34.01741563267421], [-118.26579073765015, 34.0174437872576], [-118.26584473732144, 34.01732246098607], [-118.26575266216635, 34.017294306362416]]]}},{"type": "Feature", "properties": {"height": 4.982547283172607, "confidence": -1.0}, "geometry": {"type": "Polygon", "coordinates": [[[-118.265909021344, 34.06755489028991], [-118.26585905436852, 34.06764183557592], [-118.26594870647442, 34.06767719079498], [-118.2659986734499, 34.06759024554524], [-118.265909021344, 34.06755489028991]]]}},{"type": "Feature", "properties": {"height": -1.0, "confidence": -1.0}, "geometry": {"type": "Polygon", "coordinates": [[[-118.26603176489138, 34.022697093657406], [-118.26585888334137, 34.022986216813415], [-118.26613881617, 34.0231011997332], [-118.26624126449595, 34.02292986784361], [-118.26629294440278, 34.0229510954854], [-118.26636337762686, 34.02283330464013], [-118.26603176489138, 34.022697093657406]]]}},{"type": "Feature", "properties": {"height": 3.6355855464935303, "confidence": -1.0}, "geometry": {"type": "Polygon", "coordinates": [[[-118.26641190939166, 34.080130677432905], [-118.26622281360245, 34.08005723461707], [-118.26617497961149, 34.080141735676335], [-118.26636408048756, 34.08021516943271], [-118.26641190939166, 34.080130677432905]]]}},{"type": "Feature", "properties": {"height": 3.451676607131958, "confidence": 0.9983999729156494}, "geometry": {"type": "Polygon", "coordinates": [[[-118.26681171124908, 34.009318033844615], [-118.26680931019432, 34.00949143651429], [-118.26691390248202, 34.009492437753465], [-118.26691630353679, 34.009319035085845], [-118.26681171124908, 34.009318033844615]]]}},{"type": "Feature", "properties": {"height": 1.9407079219818115, "confidence": 0.992900013923645}, "geometry": {"type": "Polygon", "coordinates": [[[-118.2668896138376, 34.00318680805463], [-118.26688815023314, 34.00324459525825], [-118.2670047185922, 34.00324663105003], [-118.26700618707318, 34.00318884393295], [-118.2668896138376, 34.00318680805463]]]}},{"type": "Feature", "properties": {"height": 4.336778163909912, "confidence": -1.0}, "geometry": {"type": "Polygon", "coordinates": [[[-118.26689430647647, 34.02474365258008], [-118.26693031496471, 34.02467152693056], [-118.26682725954849, 34.02463618568], [-118.26677229922437, 34.024746272218906], [-118.26681352139086, 34.02476040870256], [-118.26683247322676, 34.02472244784952], [-118.26689430647647, 34.02474365258008]]]}},{"type": "Feature", "properties": {"height": 5.455049991607666, "confidence": -1.0}, "geometry": {"type": "Polygon", "coordinates": [[[-118.26690909664845, 34.06567067805407], [-118.26686008093587, 34.06574983697811], [-118.26698324315926, 34.06580217150534], [-118.26703225887182, 34.0657230126302], [-118.26690909664845, 34.06567067805407]]]}},{"type": "Feature", "properties": {"height": 5.039486408233643, "confidence": -1.0}, "geometry": {"type": "Polygon", "coordinates": [[[-118.26710075802735, 34.024857632945746], [-118.26697869513681, 34.02508630641521], [-118.26708106556056, 34.02512384126208], [-118.26720311230079, 34.024895161972125], [-118.26710075802735, 34.024857632945746]]]}},{"type": "Feature", "properties": {"height": 9.475027084350586, "confidence": -1.0}, "geometry": {"type": "Polygon", "coordinates": [[[-118.26711214514833, 34.06442466320552], [-118.26702860927585, 34.06455006012456], [-118.2670503105115, 34.06455998245203], [-118.26702194235816, 34.06460256085449], [-118.26700138318114, 34.064593160708476], [-118.26695712886195, 34.06465958298094], [-118.26706403658241, 34.064708463690586], [-118.26709580891415, 34.064660775937995], [-118.26712459176196, 34.06467393613163], [-118.26717111553343, 34.06460410759919], [-118.26727802325391, 34.06465298834082], [-118.26733362483445, 34.06456953470153], [-118.26718148692454, 34.06449997356915], [-118.26720375841894, 34.06446654574121], [-118.26711214514833, 34.06442466320552]]]}},{"type": "Feature", "properties": {"height": 2.7662527561187744, "confidence": 0.989799976348877}, "geometry": {"type": "Polygon", "coordinates": [[[-118.26721964070471, 33.99125805839046], [-118.26721890896613, 33.991212193051005], [-118.26724036288431, 33.991211957754146], [-118.26723921453271, 33.99113997908147], [-118.26716144400733, 33.9911408275211], [-118.26716332411736, 33.99125867277692], [-118.26721964070471, 33.99125805839046]]]}},{"type": "Feature", "properties": {"height": 4.795735836029053, "confidence": 0.9728000164031982}, "geometry": {"type": "Polygon", "coordinates": [[[-118.26723008159858, 33.99858914542126], [-118.26749018187299, 33.998585508215704], [-118.2674873159344, 33.99844464322117], [-118.26722721535302, 33.99844826534488], [-118.26723008159858, 33.99858914542126]]]}},{"type": "Feature", "properties": {"height": 2.891758918762207, "confidence": 0.9944999814033508}, "geometry": {"type": "Polygon", "coordinates": [[[-118.267351347835, 34.00527459140853], [-118.26725218208352, 34.00527231874777], [-118.26724891367448, 34.005370078403814], [-118.26734807942596, 34.00537235106196], [-118.267351347835, 34.00527459140853]]]}},{"type": "Feature", "properties": {"height": 3.327136754989624, "confidence": -1.0}, "geometry": {"type": "Polygon", "coordinates": [[[-118.26741839827947, 34.022841927142586], [-118.26745276408298, 34.022781086431216], [-118.26734056555937, 34.02273754530873], [-118.26729280732113, 34.022822095820516], [-118.26735316612144, 34.02284551586821], [-118.26736655718261, 34.02282181208096], [-118.26741839827947, 34.022841927142586]]]}},{"type": "Feature", "properties": {"height": 4.637872219085693, "confidence": 0.989300012588501}, "geometry": {"type": "Polygon", "coordinates": [[[-118.26756753400493, 34.01307971527309], [-118.26752504475172, 34.013153178010036], [-118.26766026238484, 34.013206913259694], [-118.2677027553273, 34.01313344419056], [-118.26756753400493, 34.01307971527309]]]}},{"type": "Feature", "properties": {"height": 4.40688419342041, "confidence": 0.9943000078201294}, "geometry": {"type": "Polygon", "coordinates": [[[-118.2677659038621, 34.01302361751182], [-118.26763197820733, 34.01297008479223], [-118.26758437455216, 34.01305191246438], [-118.26771830947973, 34.01310544106872], [-118.2677659038621, 34.01302361751182]]]}},{"type": "Feature", "properties": {"height": 14.11855411529541, "confidence": -1.0}, "geometry": {"type": "Polygon", "coordinates": [[[-118.26779850734641, 34.063327357136984], [-118.26822588361031, 34.063509683020776], [-118.2682721968964, 34.063435181255095], [-118.26826891042043, 34.06345518133561], [-118.26845471701321, 34.06315624275339], [-118.26843121327462, 34.06314621563258], [-118.26823340829779, 34.06312392034525], [-118.26822133946345, 34.06314333756557], [-118.26815065561505, 34.06311318254677], [-118.26796657867754, 34.06309242391382], [-118.26794279180211, 34.06308227599406], [-118.26790936185233, 34.063136060549375], [-118.26790974705608, 34.06313371515045], [-118.26787547524087, 34.063188846632976], [-118.26787162015383, 34.06321230710404], [-118.26782422240376, 34.063288553590084], [-118.26782479617918, 34.063285061832836], [-118.26779850734641, 34.063327357136984]]]}},{"type": "Feature", "properties": {"height": 7.747218132019043, "confidence": -1.0}, "geometry": {"type": "Polygon", "coordinates": [[[-118.26803477267418, 34.06409406050559], [-118.26797713943331, 34.06419329915073], [-118.26833774587264, 34.06433701901956], [-118.26839538592168, 34.064237783256154], [-118.26803477267418, 34.06409406050559]]]}},{"type": "Feature", "properties": {"height": 5.084038257598877, "confidence": -1.0}, "geometry": {"type": "Polygon", "coordinates": [[[-118.26813614100804, 34.01738290573435], [-118.26805463588695, 34.017521055627405], [-118.2681477130903, 34.017558782181176], [-118.26822921821139, 34.01742063234952], [-118.26813614100804, 34.01738290573435]]]}},{"type": "Feature", "properties": {"height": 2.5965847969055176, "confidence": 0.9769999980926514}, "geometry": {"type": "Polygon", "coordinates": [[[-118.26822677101674, 34.00053542134347], [-118.26830871570316, 34.00053400920499], [-118.26830529558627, 34.000397604995264], [-118.26822333950888, 34.00039902208764], [-118.26822677101674, 34.00053542134347]]]}},{"type": "Feature", "properties": {"height": 4.488196849822998, "confidence": 1.0}, "geometry": {"type": "Polygon", "coordinates": [[[-118.26865159270285, 34.00554619336556], [-118.26876848653922, 34.00554781429429], [-118.26877147916179, 34.00539888070508], [-118.2686545978959, 34.005397259947806], [-118.26865159270285, 34.00554619336556]]]}},{"type": "Feature", "properties": {"height": 7.017232894897461, "confidence": -1.0}, "geometry": {"type": "Polygon", "coordinates": [[[-118.26877073510332, 34.05830958309696], [-118.26887057033552, 34.05835312061179], [-118.2689386878571, 34.058245911793286], [-118.26883886259667, 34.05820237278378], [-118.26877073510332, 34.05830958309696]]]}},{"type": "Feature", "properties": {"height": 4.067554473876953, "confidence": 0.9765999913215637}, "geometry": {"type": "Polygon", "coordinates": [[[-118.26889220779442, 34.00443883375544], [-118.2687903207763, 34.00444044168798], [-118.2687926687355, 34.004542687219036], [-118.26879803121017, 34.00454260259111], [-118.26879991978605, 34.00462484347248], [-118.26889644432954, 34.00462332017127], [-118.26889220779442, 34.00443883375544]]]}},{"type": "Feature", "properties": {"height": 3.7334508895874023, "confidence": 0.9839000105857849}, "geometry": {"type": "Polygon", "coordinates": [[[-118.26904116005579, 34.00890288992263], [-118.26904086908814, 34.00895847433198], [-118.26906769067325, 34.008958570811046], [-118.2690669807122, 34.00909419661698], [-118.2691608562601, 34.009094534293176], [-118.26916158949855, 34.008954461736394], [-118.2692447364124, 34.00895476082152], [-118.26924500410263, 34.00890362316402], [-118.26904116005579, 34.00890288992263]]]}},{"type": "Feature", "properties": {"height": 2.2352941036224365, "confidence": 1.0}, "geometry": {"type": "Polygon", "coordinates": [[[-118.26943019168685, 34.00524290715179], [-118.26942796498136, 34.00530511076544], [-118.26951907985024, 34.00530735222421], [-118.26952130655575, 34.00524514861218], [-118.26943019168685, 34.00524290715179]]]}},{"type": "Feature", "properties": {"height": 2.8664772510528564, "confidence": 0.9686999917030334}, "geometry": {"type": "Polygon", "coordinates": [[[-118.2696387887514, 34.00875778675745], [-118.26963774832988, 34.008806686832855], [-118.26972355232729, 34.008807941318786], [-118.2697245927488, 34.0087590412441], [-118.2696387887514, 34.00875778675745]]]}},{"type": "Feature", "properties": {"height": 4.519381999969482, "confidence": -1.0}, "geometry": {"type": "Polygon", "coordinates": [[[-118.26987327855416, 34.064651392922364], [-118.269817085817, 34.06475488004989], [-118.26987508590464, 34.06477649607117], [-118.26984037617564, 34.064840419024], [-118.26975682560447, 34.064809285472755], [-118.26971928485898, 34.06487841136481], [-118.26993789484905, 34.0649598848562], [-118.26996741253652, 34.06490553233043], [-118.2700945665748, 34.06495291383648], [-118.27012425628098, 34.0648982445587], [-118.27004719528802, 34.064869524779006], [-118.27010179871839, 34.06476896472971], [-118.27001925797093, 34.06473820744442], [-118.27003389418147, 34.064711252733225], [-118.26987327855416, 34.064651392922364]]]}},{"type": "Feature", "properties": {"height": 4.139845848083496, "confidence": 0.9944000244140625}, "geometry": {"type": "Polygon", "coordinates": [[[-118.26990614604418, 33.99147390638008], [-118.27002565516887, 33.991472692752396], [-118.2700242099063, 33.99137485686179], [-118.2699046925242, 33.99137607057474], [-118.26990614604418, 33.99147390638008]]]}},{"type": "Feature", "properties": {"height": 2.3328025341033936, "confidence": 0.995199978351593}, "geometry": {"type": "Polygon", "coordinates": [[[-118.2700260923282, 34.00612539918164], [-118.27002300222316, 34.00617994543394], [-118.27009155164012, 34.0061826101426], [-118.27009463692556, 34.00612806768155], [-118.2700260923282, 34.00612539918164]]]}},{"type": "Feature", "properties": {"height": 2.51023006439209, "confidence": 0.9962000250816345}, "geometry": {"type": "Polygon", "coordinates": [[[-118.27016609912589, 34.00249125474921], [-118.27025725457975, 34.00249283086802], [-118.27025854068465, 34.002441710593764], [-118.2701673852308, 34.00244013447401], [-118.27016609912589, 34.00249125474921]]]}},{"type": "Feature", "properties": {"height": 4.823988914489746, "confidence": 0.9890000224113464}, "geometry": {"type": "Polygon", "coordinates": [[[-118.27026913764787, 33.99483992895229], [-118.27044076819394, 33.99483802674821], [-118.27043954294787, 33.99476243153036], [-118.27026791240182, 33.99476433373612], [-118.27026913764787, 33.99483992895229]]]}},{"type": "Feature", "properties": {"height": 2.571553945541382, "confidence": 0.9872999787330627}, "geometry": {"type": "Polygon", "coordinates": [[[-118.27051015242388, 34.000464356049434], [-118.27050485308547, 34.00033108237601], [-118.2704030397807, 34.000333864820526], [-118.27040833911911, 34.000467138489604], [-118.27051015242388, 34.000464356049434]]]}},{"type": "Feature", "properties": {"height": 4.048004150390625, "confidence": 0.9661999940872192}, "geometry": {"type": "Polygon", "coordinates": [[[-118.27064104523079, 33.99347928859309], [-118.270541888363, 33.993476883481705], [-118.27053768818513, 33.99359591722626], [-118.27063684525581, 33.99359831658534], [-118.27064104523079, 33.99347928859309]]]}},{"type": "Feature", "properties": {"height": 7.082305908203125, "confidence": -1.0}, "geometry": {"type": "Polygon", "coordinates": [[[-118.27123344903202, 34.070668681822426], [-118.27112755137323, 34.07062560764092], [-118.27107496607604, 34.070714327433556], [-118.27118086666694, 34.07075739662302], [-118.27123344903202, 34.070668681822426]]]}},{"type": "Feature", "properties": {"height": 3.1002557277679443, "confidence": 0.9739999771118164}, "geometry": {"type": "Polygon", "coordinates": [[[-118.27127459457256, 33.99080142374097], [-118.27118879790066, 33.990802842684424], [-118.27119047366436, 33.99087274425341], [-118.27115025641848, 33.99087340704972], [-118.27115289741583, 33.99098357154578], [-118.27118775231378, 33.99098299510125], [-118.27118559099948, 33.99089283973788], [-118.27127675009012, 33.99089133739987], [-118.27127459457256, 33.99080142374097]]]}},{"type": "Feature", "properties": {"height": 5.7175211906433105, "confidence": 0.9965999722480774}, "geometry": {"type": "Polygon", "coordinates": [[[-118.2714674283332, 34.00689521280842], [-118.27129311365583, 34.00689335192445], [-118.27129187037428, 34.00697338359113], [-118.27146618505168, 34.00697524447337], [-118.2714674283332, 34.00689521280842]]]}},{"type": "Feature", "properties": {"height": 5.05709171295166, "confidence": 0.9977999925613403}, "geometry": {"type": "Polygon", "coordinates": [[[-118.27155753543302, 33.99941909409944], [-118.27156280499568, 33.99955904895828], [-118.27165818604063, 33.99955658616977], [-118.27165292828172, 33.999416631002084], [-118.27155753543302, 33.99941909409944]]]}},{"type": "Feature", "properties": {"height": 3.259589672088623, "confidence": 0.9678999781608582}, "geometry": {"type": "Polygon", "coordinates": [[[-118.27167069881142, 33.99963524386657], [-118.27157959010663, 33.9996329178265], [-118.271576866928, 33.999706229105854], [-118.27166797563281, 33.99970855514391], [-118.27167069881142, 33.99963524386657]]]}},{"type": "Feature", "properties": {"height": 4.282453536987305, "confidence": -1.0}, "geometry": {"type": "Polygon", "coordinates": [[[-118.27251931476903, 34.016810738238355], [-118.27246121965443, 34.01678767928778], [-118.27241525290215, 34.01686725560278], [-118.27247334255085, 34.01689031236223], [-118.27251931476903, 34.016810738238355]]]}},{"type": "Feature", "properties": {"height": 3.784154176712036, "confidence": -1.0}, "geometry": {"type": "Polygon", "coordinates": [[[-118.27345843648386, 34.06935208113833], [-118.27342276551798, 34.06942444785608], [-118.27353679350702, 34.069463009070724], [-118.27357245923203, 34.06939064061359], [-118.27345843648386, 34.06935208113833]]]}},{"type": "Feature", "properties": {"height": 6.985479354858398, "confidence": -1.0}, "geometry": {"type": "Polygon", "coordinates": [[[-118.27374546543886, 34.04678609428361], [-118.27365473328481, 34.046930198837636], [-118.27373387338368, 34.046964408478075], [-118.2738246128337, 34.04682031172586], [-118.27374546543886, 34.04678609428361]]]}},{"type": "Feature", "properties": {"height": 5.8289103507995605, "confidence": -1.0}, "geometry": {"type": "Polygon", "coordinates": [[[-118.27384744366577, 34.045096586919534], [-118.27398600013471, 34.04515270501267], [-118.27404788630056, 34.04504779807204], [-118.27390933365749, 34.044991673424015], [-118.27384744366577, 34.045096586919534]]]}},{"type": "Feature", "properties": {"height": 7.042579650878906, "confidence": -1.0}, "geometry": {"type": "Polygon", "coordinates": [[[-118.2743281709884, 34.04460738477499], [-118.27417813922071, 34.04454965513914], [-118.27412895220353, 34.04463740805986], [-118.27420703854916, 34.044667454312325], [-118.2741967925242, 34.04468573664168], [-118.27426873667596, 34.04471341947059], [-118.2743281709884, 34.04460738477499]]]}},{"type": "Feature", "properties": {"height": 3.9628851413726807, "confidence": 0.9696999788284302}, "geometry": {"type": "Polygon", "coordinates": [[[-118.27459189186753, 34.00071836015445], [-118.27454362676376, 34.000719057473745], [-118.27454442116071, 34.000756847753], [-118.27443984676918, 34.00075835861081], [-118.27444094353375, 34.00081053280023], [-118.27447699282585, 34.00081000988009], [-118.27447814371052, 34.00086453958785], [-118.27449303627074, 34.000864324425116], [-118.27449495216926, 34.00095546550236], [-118.27459684516614, 34.00095399338792], [-118.27459189186753, 34.00071836015445]]]}},{"type": "Feature", "properties": {"height": 2.8990073204040527, "confidence": -1.0}, "geometry": {"type": "Polygon", "coordinates": [[[-118.27459584113447, 34.0677564446561], [-118.27453351541658, 34.06773566726093], [-118.27450007263216, 34.06780450606395], [-118.27456239835007, 34.06782528344225], [-118.27459584113447, 34.0677564446561]]]}},{"type": "Feature", "properties": {"height": 1.8382147550582886, "confidence": 0.9520000219345093}, "geometry": {"type": "Polygon", "coordinates": [[[-118.27474547198636, 33.99795218589078], [-118.27481247231069, 33.997950595830964], [-118.27481028289807, 33.997887185415834], [-118.27474328270787, 33.99788877936132], [-118.27474547198636, 33.99795218589078]]]}},{"type": "Feature", "properties": {"height": 3.14082407951355, "confidence": -1.0}, "geometry": {"type": "Polygon", "coordinates": [[[-118.27506701760773, 34.06948171422675], [-118.27500573525322, 34.06945760782302], [-118.27494753245708, 34.06955913535109], [-118.27500881481163, 34.06958324172596], [-118.27506701760773, 34.06948171422675]]]}},{"type": "Feature", "properties": {"height": 4.144859790802002, "confidence": 0.9545000195503235}, "geometry": {"type": "Polygon", "coordinates": [[[-118.27546918337318, 33.99441533666486], [-118.2754744828928, 33.994577554772356], [-118.27559241357159, 33.99457490646575], [-118.27558711405196, 33.99441268835321], [-118.27546918337318, 33.99441533666486]]]}},{"type": "Feature", "properties": {"height": 2.2858684062957764, "confidence": 1.0}, "geometry": {"type": "Polygon", "coordinates": [[[-118.27550420012192, 34.00140504495098], [-118.27541840675359, 34.00140356152606], [-118.27541678514304, 34.0014680183068], [-118.27550257851136, 34.001469501730604], [-118.27550420012192, 34.00140504495098]]]}},{"type": "Feature", "properties": {"height": 6.533027172088623, "confidence": -1.0}, "geometry": {"type": "Polygon", "coordinates": [[[-118.27569996169902, 34.03654784818315], [-118.27601444297575, 34.036665145692076], [-118.27616259018016, 34.03639239006595], [-118.27584810066539, 34.0362751073471], [-118.27569996169902, 34.03654784818315]]]}},{"type": "Feature", "properties": {"height": 2.876086950302124, "confidence": 1.0}, "geometry": {"type": "Polygon", "coordinates": [[[-118.27595691842696, 34.00215054576589], [-118.27584964543163, 34.002149481431], [-118.27584743078633, 34.0023028874282], [-118.2759547037817, 34.002303951761164], [-118.27595691842696, 34.00215054576589]]]}},{"type": "Feature", "properties": {"height": 6.700333118438721, "confidence": -1.0}, "geometry": {"type": "Polygon", "coordinates": [[[-118.27632917868532, 34.064734989506356], [-118.27658631019446, 34.06484186669073], [-118.27669812376882, 34.0646572588436], [-118.27644099225968, 34.06455038142638], [-118.27632917868532, 34.064734989506356]]]}},{"type": "Feature", "properties": {"height": 5.226734161376953, "confidence": -1.0}, "geometry": {"type": "Polygon", "coordinates": [[[-118.27640838815684, 34.03385825238152], [-118.27628716552283, 34.03381146147588], [-118.27624918163897, 34.03387904235146], [-118.27637040427298, 34.03392583321981], [-118.27640838815684, 34.03385825238152]]]}},{"type": "Feature", "properties": {"height": 4.881968975067139, "confidence": -1.0}, "geometry": {"type": "Polygon", "coordinates": [[[-118.27707781442007, 34.08043678119797], [-118.27719680050453, 34.080477676029126], [-118.27723288215832, 34.080405658412694], [-118.27711389607384, 34.08036476354675], [-118.27707781442007, 34.08043678119797]]]}},{"type": "Feature", "properties": {"height": 3.8950417041778564, "confidence": 0.9854999780654907}, "geometry": {"type": "Polygon", "coordinates": [[[-118.27727736573853, 34.00790029709286], [-118.27723981787304, 34.00790057811294], [-118.27724010844702, 34.00792725727652], [-118.27715964873522, 34.0079278594622], [-118.27716107739066, 34.00805903189366], [-118.27727908496797, 34.008058148689365], [-118.27727736573853, 34.00790029709286]]]}},{"type": "Feature", "properties": {"height": 5.3697967529296875, "confidence": -1.0}, "geometry": {"type": "Polygon", "coordinates": [[[-118.27735114854976, 34.08085915100309], [-118.2773108394291, 34.08094107062545], [-118.27737524412753, 34.08096281027805], [-118.27741555324818, 34.08088089067674], [-118.27735114854976, 34.08085915100309]]]}},{"type": "Feature", "properties": {"height": 5.476996421813965, "confidence": -1.0}, "geometry": {"type": "Polygon", "coordinates": [[[-118.2788423632026, 34.047632114303894], [-118.2787519464161, 34.047597272296564], [-118.27867979425045, 34.04772583692675], [-118.27877021345641, 34.047760674570114], [-118.2788423632026, 34.047632114303894]]]}},{"type": "Feature", "properties": {"height": 3.5992443561553955, "confidence": 0.987500011920929}, "geometry": {"type": "Polygon", "coordinates": [[[-118.27899830897046, 33.99957512539198], [-118.2790975494887, 33.99957541330678], [-118.2790984223974, 33.99936861491313], [-118.27899918187916, 33.999368326997654], [-118.27899830897046, 33.99957512539198]]]}},{"type": "Feature", "properties": {"height": 3.8255813121795654, "confidence": 0.9994999766349792}, "geometry": {"type": "Polygon", "coordinates": [[[-118.27924442862184, 34.00981805653032], [-118.27912910685785, 34.009819080189224], [-118.279131634092, 34.01001471628873], [-118.279246955856, 34.010013692632185], [-118.27924442862184, 34.00981805653032]]]}},{"type": "Feature", "properties": {"height": 5.613426685333252, "confidence": -1.0}, "geometry": {"type": "Polygon", "coordinates": [[[-118.2794763349883, 34.034510854013256], [-118.27963960708844, 34.03458262516516], [-118.27969956570473, 34.034488953408605], [-118.27953629360458, 34.034417182177464], [-118.2794763349883, 34.034510854013256]]]}},{"type": "Feature", "properties": {"height": 5.880827903747559, "confidence": -1.0}, "geometry": {"type": "Polygon", "coordinates": [[[-118.2808118606986, 34.04864913664995], [-118.28060850590036, 34.04858017370784], [-118.28055867034095, 34.048681059211845], [-118.28076203243843, 34.04875002454725], [-118.2808118606986, 34.04864913664995]]]}},{"type": "Feature", "properties": {"height": 3.7422895431518555, "confidence": -1.0}, "geometry": {"type": "Polygon", "coordinates": [[[-118.28137774633667, 34.03425162937896], [-118.28148978494929, 34.034295271498955], [-118.28154657856015, 34.03419514264366], [-118.28143453994757, 34.03415150047214], [-118.28137774633667, 34.03425162937896]]]}},{"type": "Feature", "properties": {"height": 3.587214708328247, "confidence": 0.9926999807357788}, "geometry": {"type": "Polygon", "coordinates": [[[-118.2814780832417, 33.99603002869056], [-118.28147590290871, 33.996097640918364], [-118.28157239328148, 33.996099785316765], [-118.2815745737949, 33.99603216749572], [-118.2814780832417, 33.99603002869056]]]}},{"type": "Feature", "properties": {"height": 6.1535186767578125, "confidence": -1.0}, "geometry": {"type": "Polygon", "coordinates": [[[-118.28151738524849, 34.034795026284435], [-118.28144707452168, 34.03495877702346], [-118.28156998248987, 34.034995025922875], [-118.28164030549173, 34.03483127887406], [-118.28151738524849, 34.034795026284435]]]}},{"type": "Feature", "properties": {"height": 7.24135684967041, "confidence": -1.0}, "geometry": {"type": "Polygon", "coordinates": [[[-118.28210202748137, 34.06913414235809], [-118.28247745431663, 34.069282911309074], [-118.28256516312872, 34.06913103288909], [-118.28248003727654, 34.069097300356816], [-118.28244662439573, 34.06915515885767], [-118.28224581469316, 34.06907558468011], [-118.28225834452344, 34.06905388772654], [-118.2823085469491, 34.06907378128303], [-118.28234613643998, 34.069008690404296], [-118.28220644273384, 34.0689533343669], [-118.28210202748137, 34.06913414235809]]]}},{"type": "Feature", "properties": {"height": 4.964874744415283, "confidence": 0.9980999827384949}, "geometry": {"type": "Polygon", "coordinates": [[[-118.28210466742945, 33.99526748199365], [-118.28210558480949, 33.995381873883524], [-118.28251980703337, 33.99537961451208], [-118.28251889911883, 33.99526519853107], [-118.28210466742945, 33.99526748199365]]]}},{"type": "Feature", "properties": {"height": 6.906513214111328, "confidence": 0.9740999937057495}, "geometry": {"type": "Polygon", "coordinates": [[[-118.28234652057866, 34.0033475118184], [-118.28233970831032, 34.003577397849725], [-118.28247231307743, 34.00358010608427], [-118.2824801056766, 34.00331788494788], [-118.28241449345217, 34.00331654492184], [-118.28241353536119, 34.003348876600704], [-118.28234652057866, 34.0033475118184]]]}},{"type": "Feature", "properties": {"height": 3.4373369216918945, "confidence": -1.0}, "geometry": {"type": "Polygon", "coordinates": [[[-118.28251294480151, 34.01911450757816], [-118.2825620039497, 34.01912693862239], [-118.28259050000814, 34.019049679425315], [-118.28254144085993, 34.019037248369784], [-118.28251294480151, 34.01911450757816]]]}},{"type": "Feature", "properties": {"height": -1.0, "confidence": -1.0}, "geometry": {"type": "Polygon", "coordinates": [[[-118.28350505925677, 34.0175953486562], [-118.28350716361587, 34.01763751713386], [-118.28361159109939, 34.01763393687137], [-118.28360948674032, 34.01759176839191], [-118.28350505925677, 34.0175953486562]]]}},{"type": "Feature", "properties": {"height": 6.713263511657715, "confidence": -1.0}, "geometry": {"type": "Polygon", "coordinates": [[[-118.28474332259935, 34.05056173318575], [-118.28437865741746, 34.05056710439439], [-118.28438065943075, 34.050660412608146], [-118.28474532461263, 34.05065504140544], [-118.28474332259935, 34.05056173318575]]]}},{"type": "Feature", "properties": {"height": 2.4035325050354004, "confidence": 0.9958999752998352}, "geometry": {"type": "Polygon", "coordinates": [[[-118.28486149325833, 33.99459469961374], [-118.28494729851124, 33.994593474773666], [-118.28494517484926, 33.99449121052236], [-118.28485936959633, 33.99449243536393], [-118.28486149325833, 33.99459469961374]]]}},{"type": "Feature", "properties": {"height": 4.813488960266113, "confidence": 0.9879000186920166}, "geometry": {"type": "Polygon", "coordinates": [[[-118.28488503716895, 34.009778049188796], [-118.28487917820888, 34.00993576059835], [-118.28492473256127, 34.00993692347731], [-118.28492679557539, 34.00988139132504], [-118.28499646693788, 34.00988316984692], [-118.28500026288384, 34.00978099059395], [-118.28488503716895, 34.009778049188796]]]}},{"type": "Feature", "properties": {"height": 2.5326828956604004, "confidence": 0.989300012588501}, "geometry": {"type": "Polygon", "coordinates": [[[-118.2848960949246, 33.99170987727464], [-118.28489923070606, 33.9917943041912], [-118.28497158173634, 33.99179245687126], [-118.28496844595489, 33.99170802995286], [-118.2848960949246, 33.99170987727464]]]}}]}